id,name,url,error
1,Two Sum,https://leetcode.com/problems/two-sum/description/,"HTTP 404: {""detail"":""Not Found""}"
2,Add Two Numbers,https://leetcode.com/problems/add-two-numbers/description/,"HTTP 404: {""detail"":""Not Found""}"
3,Longest Substring Without Repeating Characters,https://leetcode.com/problems/longest-substring-without-repeating-characters/description/,"HTTP 404: {""detail"":""Not Found""}"
4,Median of Two Sorted Arrays,https://leetcode.com/problems/median-of-two-sorted-arrays/description/,"HTTP 404: {""detail"":""Not Found""}"
5,Longest Palindromic Substring,https://leetcode.com/problems/longest-palindromic-substring/description/,"HTTP 404: {""detail"":""Not Found""}"
6,Zigzag Conversion,https://leetcode.com/problems/zigzag-conversion/description/,"HTTP 404: {""detail"":""Not Found""}"
7,Reverse Integer,https://leetcode.com/problems/reverse-integer/description/,"HTTP 404: {""detail"":""Not Found""}"
8,String to Integer (atoi),https://leetcode.com/problems/string-to-integer-atoi/description/,"HTTP 404: {""detail"":""Not Found""}"
9,Palindrome Number,https://leetcode.com/problems/palindrome-number/description/,"HTTP 404: {""detail"":""Not Found""}"
10,Regular Expression Matching,https://leetcode.com/problems/regular-expression-matching/description/,"HTTP 404: {""detail"":""Not Found""}"
11,Container With Most Water,https://leetcode.com/problems/container-with-most-water/description/,"HTTP 404: {""detail"":""Not Found""}"
12,Integer to Roman,https://leetcode.com/problems/integer-to-roman/description/,"HTTP 404: {""detail"":""Not Found""}"
13,Roman to Integer,https://leetcode.com/problems/roman-to-integer/description/,"HTTP 404: {""detail"":""Not Found""}"
14,Longest Common Prefix,https://leetcode.com/problems/longest-common-prefix/description/,"HTTP 404: {""detail"":""Not Found""}"
15,3Sum,https://leetcode.com/problems/3sum/description/,"HTTP 404: {""detail"":""Not Found""}"
16,3Sum Closest,https://leetcode.com/problems/3sum-closest/description/,"HTTP 404: {""detail"":""Not Found""}"
17,Letter Combinations of a Phone Number,https://leetcode.com/problems/letter-combinations-of-a-phone-number/description/,"HTTP 404: {""detail"":""Not Found""}"
18,4Sum,https://leetcode.com/problems/4sum/description/,"HTTP 404: {""detail"":""Not Found""}"
19,Remove Nth Node From End of List,https://leetcode.com/problems/remove-nth-node-from-end-of-list/description/,"HTTP 404: {""detail"":""Not Found""}"
20,Valid Parentheses,https://leetcode.com/problems/valid-parentheses/description/,"HTTP 404: {""detail"":""Not Found""}"
21,Merge Two Sorted Lists,https://leetcode.com/problems/merge-two-sorted-lists/description/,"HTTP 404: {""detail"":""Not Found""}"
22,Generate Parentheses,https://leetcode.com/problems/generate-parentheses/description/,"HTTP 404: {""detail"":""Not Found""}"
23,Merge k Sorted Lists,https://leetcode.com/problems/merge-k-sorted-lists/description/,"HTTP 404: {""detail"":""Not Found""}"
24,Swap Nodes in Pairs,https://leetcode.com/problems/swap-nodes-in-pairs/description/,"HTTP 404: {""detail"":""Not Found""}"
25,Reverse Nodes in k-Group,https://leetcode.com/problems/reverse-nodes-in-k-group/description/,"HTTP 404: {""detail"":""Not Found""}"
26,Remove Duplicates from Sorted Array,https://leetcode.com/problems/remove-duplicates-from-sorted-array/description/,"HTTP 404: {""detail"":""Not Found""}"
27,Remove Element,https://leetcode.com/problems/remove-element/description/,"HTTP 404: {""detail"":""Not Found""}"
28,Find the Index of the First Occurrence in a String,https://leetcode.com/problems/find-the-index-of-the-first-occurrence-in-a-string/description/,"HTTP 404: {""detail"":""Not Found""}"
29,Divide Two Integers,https://leetcode.com/problems/divide-two-integers/description/,"HTTP 404: {""detail"":""Not Found""}"
30,Substring with Concatenation of All Words,https://leetcode.com/problems/substring-with-concatenation-of-all-words/description/,"HTTP 404: {""detail"":""Not Found""}"
31,Next Permutation,https://leetcode.com/problems/next-permutation/description/,"HTTP 404: {""detail"":""Not Found""}"
32,Longest Valid Parentheses,https://leetcode.com/problems/longest-valid-parentheses/description/,"HTTP 404: {""detail"":""Not Found""}"
33,Search in Rotated Sorted Array,https://leetcode.com/problems/search-in-rotated-sorted-array/description/,"HTTP 404: {""detail"":""Not Found""}"
34,Find First and Last Position of Element in Sorted Array,https://leetcode.com/problems/find-first-and-last-position-of-element-in-sorted-array/description/,"HTTP 404: {""detail"":""Not Found""}"
35,Search Insert Position,https://leetcode.com/problems/search-insert-position/description/,"HTTP 404: {""detail"":""Not Found""}"
36,Valid Sudoku,https://leetcode.com/problems/valid-sudoku/description/,"HTTP 404: {""detail"":""Not Found""}"
37,Sudoku Solver,https://leetcode.com/problems/sudoku-solver/description/,"HTTP 404: {""detail"":""Not Found""}"
38,Count and Say,https://leetcode.com/problems/count-and-say/description/,"HTTP 404: {""detail"":""Not Found""}"
39,Combination Sum,https://leetcode.com/problems/combination-sum/description/,"HTTP 404: {""detail"":""Not Found""}"
40,Combination Sum II,https://leetcode.com/problems/combination-sum-ii/description/,"HTTP 404: {""detail"":""Not Found""}"
41,First Missing Positive,https://leetcode.com/problems/first-missing-positive/description/,"HTTP 404: {""detail"":""Not Found""}"
42,Trapping Rain Water,https://leetcode.com/problems/trapping-rain-water/description/,"HTTP 404: {""detail"":""Not Found""}"
43,Multiply Strings,https://leetcode.com/problems/multiply-strings/description/,"HTTP 404: {""detail"":""Not Found""}"
44,Wildcard Matching,https://leetcode.com/problems/wildcard-matching/description/,"HTTP 404: {""detail"":""Not Found""}"
45,Jump Game II,https://leetcode.com/problems/jump-game-ii/description/,"HTTP 404: {""detail"":""Not Found""}"
46,Permutations,https://leetcode.com/problems/permutations/description/,"HTTP 404: {""detail"":""Not Found""}"
47,Permutations II,https://leetcode.com/problems/permutations-ii/description/,"HTTP 404: {""detail"":""Not Found""}"
48,Rotate Image,https://leetcode.com/problems/rotate-image/description/,"HTTP 404: {""detail"":""Not Found""}"
49,Group Anagrams,https://leetcode.com/problems/group-anagrams/description/,"HTTP 404: {""detail"":""Not Found""}"
50,"Pow(x, n)",https://leetcode.com/problems/powx-n/description/,"HTTP 404: {""detail"":""Not Found""}"
51,N-Queens,https://leetcode.com/problems/n-queens/description/,"HTTP 404: {""detail"":""Not Found""}"
52,N-Queens II,https://leetcode.com/problems/n-queens-ii/description/,"HTTP 404: {""detail"":""Not Found""}"
53,Maximum Subarray,https://leetcode.com/problems/maximum-subarray/description/,"HTTP 404: {""detail"":""Not Found""}"
54,Spiral Matrix,https://leetcode.com/problems/spiral-matrix/description/,"HTTP 404: {""detail"":""Not Found""}"
55,Jump Game,https://leetcode.com/problems/jump-game/description/,"HTTP 404: {""detail"":""Not Found""}"
56,Merge Intervals,https://leetcode.com/problems/merge-intervals/description/,"HTTP 404: {""detail"":""Not Found""}"
57,Insert Interval,https://leetcode.com/problems/insert-interval/description/,"HTTP 404: {""detail"":""Not Found""}"
58,Length of Last Word,https://leetcode.com/problems/length-of-last-word/description/,"HTTP 404: {""detail"":""Not Found""}"
59,Spiral Matrix II,https://leetcode.com/problems/spiral-matrix-ii/description/,"HTTP 404: {""detail"":""Not Found""}"
60,Permutation Sequence,https://leetcode.com/problems/permutation-sequence/description/,"HTTP 404: {""detail"":""Not Found""}"
61,Rotate List,https://leetcode.com/problems/rotate-list/description/,"HTTP 404: {""detail"":""Not Found""}"
62,Unique Paths,https://leetcode.com/problems/unique-paths/description/,"HTTP 404: {""detail"":""Not Found""}"
63,Unique Paths II,https://leetcode.com/problems/unique-paths-ii/description/,"HTTP 404: {""detail"":""Not Found""}"
64,Minimum Path Sum,https://leetcode.com/problems/minimum-path-sum/description/,"HTTP 404: {""detail"":""Not Found""}"
65,Valid Number,https://leetcode.com/problems/valid-number/description/,"HTTP 404: {""detail"":""Not Found""}"
66,Plus One,https://leetcode.com/problems/plus-one/description/,"HTTP 404: {""detail"":""Not Found""}"
67,Add Binary,https://leetcode.com/problems/add-binary/description/,"HTTP 404: {""detail"":""Not Found""}"
68,Text Justification,https://leetcode.com/problems/text-justification/description/,"HTTP 404: {""detail"":""Not Found""}"
69,Sqrt(x),https://leetcode.com/problems/sqrtx/description/,"HTTP 404: {""detail"":""Not Found""}"
70,Climbing Stairs,https://leetcode.com/problems/climbing-stairs/description/,"HTTP 404: {""detail"":""Not Found""}"
71,Simplify Path,https://leetcode.com/problems/simplify-path/description/,"HTTP 404: {""detail"":""Not Found""}"
72,Edit Distance,https://leetcode.com/problems/edit-distance/description/,"HTTP 404: {""detail"":""Not Found""}"
73,Set Matrix Zeroes,https://leetcode.com/problems/set-matrix-zeroes/description/,"HTTP 404: {""detail"":""Not Found""}"
74,Search a 2D Matrix,https://leetcode.com/problems/search-a-2d-matrix/description/,"HTTP 404: {""detail"":""Not Found""}"
75,Sort Colors,https://leetcode.com/problems/sort-colors/description/,"HTTP 404: {""detail"":""Not Found""}"
76,Minimum Window Substring,https://leetcode.com/problems/minimum-window-substring/description/,"HTTP 404: {""detail"":""Not Found""}"
77,Combinations,https://leetcode.com/problems/combinations/description/,"HTTP 404: {""detail"":""Not Found""}"
78,Subsets,https://leetcode.com/problems/subsets/description/,"HTTP 404: {""detail"":""Not Found""}"
79,Word Search,https://leetcode.com/problems/word-search/description/,"HTTP 404: {""detail"":""Not Found""}"
80,Remove Duplicates from Sorted Array II,https://leetcode.com/problems/remove-duplicates-from-sorted-array-ii/description/,"HTTP 404: {""detail"":""Not Found""}"
81,Search in Rotated Sorted Array II,https://leetcode.com/problems/search-in-rotated-sorted-array-ii/description/,"HTTP 404: {""detail"":""Not Found""}"
82,Remove Duplicates from Sorted List II,https://leetcode.com/problems/remove-duplicates-from-sorted-list-ii/description/,"HTTP 404: {""detail"":""Not Found""}"
83,Remove Duplicates from Sorted List,https://leetcode.com/problems/remove-duplicates-from-sorted-list/description/,"HTTP 404: {""detail"":""Not Found""}"
84,Largest Rectangle in Histogram,https://leetcode.com/problems/largest-rectangle-in-histogram/description/,"HTTP 404: {""detail"":""Not Found""}"
85,Maximal Rectangle,https://leetcode.com/problems/maximal-rectangle/description/,"HTTP 404: {""detail"":""Not Found""}"
86,Partition List,https://leetcode.com/problems/partition-list/description/,"HTTP 404: {""detail"":""Not Found""}"
87,Scramble String,https://leetcode.com/problems/scramble-string/description/,"HTTP 404: {""detail"":""Not Found""}"
88,Merge Sorted Array,https://leetcode.com/problems/merge-sorted-array/description/,"HTTP 404: {""detail"":""Not Found""}"
89,Gray Code,https://leetcode.com/problems/gray-code/description/,"HTTP 404: {""detail"":""Not Found""}"
90,Subsets II,https://leetcode.com/problems/subsets-ii/description/,"HTTP 404: {""detail"":""Not Found""}"
91,Decode Ways,https://leetcode.com/problems/decode-ways/description/,"HTTP 404: {""detail"":""Not Found""}"
92,Reverse Linked List II,https://leetcode.com/problems/reverse-linked-list-ii/description/,"HTTP 404: {""detail"":""Not Found""}"
93,Restore IP Addresses,https://leetcode.com/problems/restore-ip-addresses/description/,"HTTP 404: {""detail"":""Not Found""}"
94,Binary Tree Inorder Traversal,https://leetcode.com/problems/binary-tree-inorder-traversal/description/,"HTTP 404: {""detail"":""Not Found""}"
95,Unique Binary Search Trees II,https://leetcode.com/problems/unique-binary-search-trees-ii/description/,"HTTP 404: {""detail"":""Not Found""}"
96,Unique Binary Search Trees,https://leetcode.com/problems/unique-binary-search-trees/description/,"HTTP 404: {""detail"":""Not Found""}"
97,Interleaving String,https://leetcode.com/problems/interleaving-string/description/,"HTTP 404: {""detail"":""Not Found""}"
98,Validate Binary Search Tree,https://leetcode.com/problems/validate-binary-search-tree/description/,"HTTP 404: {""detail"":""Not Found""}"
99,Recover Binary Search Tree,https://leetcode.com/problems/recover-binary-search-tree/description/,"HTTP 404: {""detail"":""Not Found""}"
100,Same Tree,https://leetcode.com/problems/same-tree/description/,"HTTP 404: {""detail"":""Not Found""}"
101,Symmetric Tree,https://leetcode.com/problems/symmetric-tree/description/,"HTTP 404: {""detail"":""Not Found""}"
102,Binary Tree Level Order Traversal,https://leetcode.com/problems/binary-tree-level-order-traversal/description/,"HTTP 404: {""detail"":""Not Found""}"
103,Binary Tree Zigzag Level Order Traversal,https://leetcode.com/problems/binary-tree-zigzag-level-order-traversal/description/,"HTTP 404: {""detail"":""Not Found""}"
104,Maximum Depth of Binary Tree,https://leetcode.com/problems/maximum-depth-of-binary-tree/description/,"HTTP 404: {""detail"":""Not Found""}"
105,Construct Binary Tree from Preorder and Inorder Traversal,https://leetcode.com/problems/construct-binary-tree-from-preorder-and-inorder-traversal/description/,"HTTP 404: {""detail"":""Not Found""}"
106,Construct Binary Tree from Inorder and Postorder Traversal,https://leetcode.com/problems/construct-binary-tree-from-inorder-and-postorder-traversal/description/,"HTTP 404: {""detail"":""Not Found""}"
107,Binary Tree Level Order Traversal II,https://leetcode.com/problems/binary-tree-level-order-traversal-ii/description/,"HTTP 404: {""detail"":""Not Found""}"
108,Convert Sorted Array to Binary Search Tree,https://leetcode.com/problems/convert-sorted-array-to-binary-search-tree/description/,"HTTP 404: {""detail"":""Not Found""}"
109,Convert Sorted List to Binary Search Tree,https://leetcode.com/problems/convert-sorted-list-to-binary-search-tree/description/,"HTTP 404: {""detail"":""Not Found""}"
110,Balanced Binary Tree,https://leetcode.com/problems/balanced-binary-tree/description/,"HTTP 404: {""detail"":""Not Found""}"
111,Minimum Depth of Binary Tree,https://leetcode.com/problems/minimum-depth-of-binary-tree/description/,"HTTP 404: {""detail"":""Not Found""}"
112,Path Sum,https://leetcode.com/problems/path-sum/description/,"HTTP 404: {""detail"":""Not Found""}"
113,Path Sum II,https://leetcode.com/problems/path-sum-ii/description/,"HTTP 404: {""detail"":""Not Found""}"
114,Flatten Binary Tree to Linked List,https://leetcode.com/problems/flatten-binary-tree-to-linked-list/description/,"HTTP 404: {""detail"":""Not Found""}"
115,Distinct Subsequences,https://leetcode.com/problems/distinct-subsequences/description/,"HTTP 404: {""detail"":""Not Found""}"
116,Populating Next Right Pointers in Each Node,https://leetcode.com/problems/populating-next-right-pointers-in-each-node/description/,"HTTP 404: {""detail"":""Not Found""}"
117,Populating Next Right Pointers in Each Node II,https://leetcode.com/problems/populating-next-right-pointers-in-each-node-ii/description/,"HTTP 404: {""detail"":""Not Found""}"
118,Pascal's Triangle,https://leetcode.com/problems/pascals-triangle/description/,"HTTP 404: {""detail"":""Not Found""}"
119,Pascal's Triangle II,https://leetcode.com/problems/pascals-triangle-ii/description/,"HTTP 404: {""detail"":""Not Found""}"
120,Triangle,https://leetcode.com/problems/triangle/description/,"HTTP 404: {""detail"":""Not Found""}"
121,Best Time to Buy and Sell Stock,https://leetcode.com/problems/best-time-to-buy-and-sell-stock/description/,"HTTP 404: {""detail"":""Not Found""}"
122,Best Time to Buy and Sell Stock II,https://leetcode.com/problems/best-time-to-buy-and-sell-stock-ii/description/,"HTTP 404: {""detail"":""Not Found""}"
123,Best Time to Buy and Sell Stock III,https://leetcode.com/problems/best-time-to-buy-and-sell-stock-iii/description/,"HTTP 404: {""detail"":""Not Found""}"
124,Binary Tree Maximum Path Sum,https://leetcode.com/problems/binary-tree-maximum-path-sum/description/,"HTTP 404: {""detail"":""Not Found""}"
125,Valid Palindrome,https://leetcode.com/problems/valid-palindrome/description/,"HTTP 404: {""detail"":""Not Found""}"
126,Word Ladder II,https://leetcode.com/problems/word-ladder-ii/description/,"HTTP 404: {""detail"":""Not Found""}"
127,Word Ladder,https://leetcode.com/problems/word-ladder/description/,"HTTP 404: {""detail"":""Not Found""}"
128,Longest Consecutive Sequence,https://leetcode.com/problems/longest-consecutive-sequence/description/,"HTTP 404: {""detail"":""Not Found""}"
129,Sum Root to Leaf Numbers,https://leetcode.com/problems/sum-root-to-leaf-numbers/description/,"HTTP 404: {""detail"":""Not Found""}"
130,Surrounded Regions,https://leetcode.com/problems/surrounded-regions/description/,"HTTP 404: {""detail"":""Not Found""}"
131,Palindrome Partitioning,https://leetcode.com/problems/palindrome-partitioning/description/,"HTTP 404: {""detail"":""Not Found""}"
132,Palindrome Partitioning II,https://leetcode.com/problems/palindrome-partitioning-ii/description/,"HTTP 404: {""detail"":""Not Found""}"
133,Clone Graph,https://leetcode.com/problems/clone-graph/description/,"HTTP 404: {""detail"":""Not Found""}"
134,Gas Station,https://leetcode.com/problems/gas-station/description/,"HTTP 404: {""detail"":""Not Found""}"
135,Candy,https://leetcode.com/problems/candy/description/,"HTTP 404: {""detail"":""Not Found""}"
136,Single Number,https://leetcode.com/problems/single-number/description/,"HTTP 404: {""detail"":""Not Found""}"
137,Single Number II,https://leetcode.com/problems/single-number-ii/description/,"HTTP 404: {""detail"":""Not Found""}"
138,Copy List with Random Pointer,https://leetcode.com/problems/copy-list-with-random-pointer/description/,"HTTP 404: {""detail"":""Not Found""}"
139,Word Break,https://leetcode.com/problems/word-break/description/,"HTTP 404: {""detail"":""Not Found""}"
140,Word Break II,https://leetcode.com/problems/word-break-ii/description/,"HTTP 404: {""detail"":""Not Found""}"
141,Linked List Cycle,https://leetcode.com/problems/linked-list-cycle/description/,"HTTP 404: {""detail"":""Not Found""}"
142,Linked List Cycle II,https://leetcode.com/problems/linked-list-cycle-ii/description/,"HTTP 404: {""detail"":""Not Found""}"
143,Reorder List,https://leetcode.com/problems/reorder-list/description/,"HTTP 404: {""detail"":""Not Found""}"
144,Binary Tree Preorder Traversal,https://leetcode.com/problems/binary-tree-preorder-traversal/description/,"HTTP 404: {""detail"":""Not Found""}"
145,Binary Tree Postorder Traversal,https://leetcode.com/problems/binary-tree-postorder-traversal/description/,"HTTP 404: {""detail"":""Not Found""}"
146,LRU Cache,https://leetcode.com/problems/lru-cache/description/,"HTTP 404: {""detail"":""Not Found""}"
147,Insertion Sort List,https://leetcode.com/problems/insertion-sort-list/description/,"HTTP 404: {""detail"":""Not Found""}"
148,Sort List,https://leetcode.com/problems/sort-list/description/,"HTTP 404: {""detail"":""Not Found""}"
149,Max Points on a Line,https://leetcode.com/problems/max-points-on-a-line/description/,"HTTP 404: {""detail"":""Not Found""}"
150,Evaluate Reverse Polish Notation,https://leetcode.com/problems/evaluate-reverse-polish-notation/description/,"HTTP 404: {""detail"":""Not Found""}"
151,Reverse Words in a String,https://leetcode.com/problems/reverse-words-in-a-string/description/,"HTTP 404: {""detail"":""Not Found""}"
152,Maximum Product Subarray,https://leetcode.com/problems/maximum-product-subarray/description/,"HTTP 404: {""detail"":""Not Found""}"
153,Find Minimum in Rotated Sorted Array,https://leetcode.com/problems/find-minimum-in-rotated-sorted-array/description/,"HTTP 404: {""detail"":""Not Found""}"
154,Find Minimum in Rotated Sorted Array II,https://leetcode.com/problems/find-minimum-in-rotated-sorted-array-ii/description/,"HTTP 404: {""detail"":""Not Found""}"
155,Min Stack,https://leetcode.com/problems/min-stack/description/,"HTTP 404: {""detail"":""Not Found""}"
156,Binary Tree Upside Down,https://leetcode.com/problems/binary-tree-upside-down/description/,"HTTP 404: {""detail"":""Not Found""}"
157,Read N Characters Given Read4,https://leetcode.com/problems/read-n-characters-given-read4/description/,"HTTP 404: {""detail"":""Not Found""}"
158,Read N Characters Given read4 II - Call Multiple Times,https://leetcode.com/problems/read-n-characters-given-read4-ii-call-multiple-times/description/,"HTTP 404: {""detail"":""Not Found""}"
159,Longest Substring with At Most Two Distinct Characters,https://leetcode.com/problems/longest-substring-with-at-most-two-distinct-characters/description/,"HTTP 404: {""detail"":""Not Found""}"
160,Intersection of Two Linked Lists,https://leetcode.com/problems/intersection-of-two-linked-lists/description/,"HTTP 404: {""detail"":""Not Found""}"
161,One Edit Distance,https://leetcode.com/problems/one-edit-distance/description/,"HTTP 404: {""detail"":""Not Found""}"
162,Find Peak Element,https://leetcode.com/problems/find-peak-element/description/,"HTTP 404: {""detail"":""Not Found""}"
163,Missing Ranges,https://leetcode.com/problems/missing-ranges/description/,"HTTP 404: {""detail"":""Not Found""}"
164,Maximum Gap,https://leetcode.com/problems/maximum-gap/description/,"HTTP 404: {""detail"":""Not Found""}"
165,Compare Version Numbers,https://leetcode.com/problems/compare-version-numbers/description/,"HTTP 404: {""detail"":""Not Found""}"
166,Fraction to Recurring Decimal,https://leetcode.com/problems/fraction-to-recurring-decimal/description/,"HTTP 404: {""detail"":""Not Found""}"
167,Two Sum II - Input Array Is Sorted,https://leetcode.com/problems/two-sum-ii-input-array-is-sorted/description/,"HTTP 404: {""detail"":""Not Found""}"
168,Excel Sheet Column Title,https://leetcode.com/problems/excel-sheet-column-title/description/,"HTTP 404: {""detail"":""Not Found""}"
169,Majority Element,https://leetcode.com/problems/majority-element/description/,"HTTP 404: {""detail"":""Not Found""}"
170,Two Sum III - Data structure design,https://leetcode.com/problems/two-sum-iii-data-structure-design/description/,"HTTP 404: {""detail"":""Not Found""}"
171,Excel Sheet Column Number,https://leetcode.com/problems/excel-sheet-column-number/description/,"HTTP 404: {""detail"":""Not Found""}"
172,Factorial Trailing Zeroes,https://leetcode.com/problems/factorial-trailing-zeroes/description/,"HTTP 404: {""detail"":""Not Found""}"
173,Binary Search Tree Iterator,https://leetcode.com/problems/binary-search-tree-iterator/description/,"HTTP 404: {""detail"":""Not Found""}"
174,Dungeon Game,https://leetcode.com/problems/dungeon-game/description/,"HTTP 404: {""detail"":""Not Found""}"
175,Combine Two Tables,https://leetcode.com/problems/combine-two-tables/description/,"HTTP 404: {""detail"":""Not Found""}"
176,Second Highest Salary,https://leetcode.com/problems/second-highest-salary/description/,"HTTP 404: {""detail"":""Not Found""}"
177,Nth Highest Salary,https://leetcode.com/problems/nth-highest-salary/description/,"HTTP 404: {""detail"":""Not Found""}"
178,Rank Scores,https://leetcode.com/problems/rank-scores/description/,"HTTP 404: {""detail"":""Not Found""}"
179,Largest Number,https://leetcode.com/problems/largest-number/description/,"HTTP 404: {""detail"":""Not Found""}"
180,Consecutive Numbers,https://leetcode.com/problems/consecutive-numbers/description/,"HTTP 404: {""detail"":""Not Found""}"
181,Employees Earning More Than Their Managers,https://leetcode.com/problems/employees-earning-more-than-their-managers/description/,"HTTP 404: {""detail"":""Not Found""}"
182,Duplicate Emails,https://leetcode.com/problems/duplicate-emails/description/,"HTTP 404: {""detail"":""Not Found""}"
183,Customers Who Never Order,https://leetcode.com/problems/customers-who-never-order/description/,"HTTP 404: {""detail"":""Not Found""}"
184,Department Highest Salary,https://leetcode.com/problems/department-highest-salary/description/,"HTTP 404: {""detail"":""Not Found""}"
185,Department Top Three Salaries,https://leetcode.com/problems/department-top-three-salaries/description/,"HTTP 404: {""detail"":""Not Found""}"
186,Reverse Words in a String II,https://leetcode.com/problems/reverse-words-in-a-string-ii/description/,"HTTP 404: {""detail"":""Not Found""}"
187,Repeated DNA Sequences,https://leetcode.com/problems/repeated-dna-sequences/description/,"HTTP 404: {""detail"":""Not Found""}"
188,Best Time to Buy and Sell Stock IV,https://leetcode.com/problems/best-time-to-buy-and-sell-stock-iv/description/,"HTTP 404: {""detail"":""Not Found""}"
189,Rotate Array,https://leetcode.com/problems/rotate-array/description/,"HTTP 404: {""detail"":""Not Found""}"
190,Reverse Bits,https://leetcode.com/problems/reverse-bits/description/,"HTTP 404: {""detail"":""Not Found""}"
191,Number of 1 Bits,https://leetcode.com/problems/number-of-1-bits/description/,"HTTP 404: {""detail"":""Not Found""}"
192,Word Frequency,https://leetcode.com/problems/word-frequency/description/,"HTTP 404: {""detail"":""Not Found""}"
193,Valid Phone Numbers,https://leetcode.com/problems/valid-phone-numbers/description/,"HTTP 404: {""detail"":""Not Found""}"
194,Transpose File,https://leetcode.com/problems/transpose-file/description/,"HTTP 404: {""detail"":""Not Found""}"
195,Tenth Line,https://leetcode.com/problems/tenth-line/description/,"HTTP 404: {""detail"":""Not Found""}"
196,Delete Duplicate Emails,https://leetcode.com/problems/delete-duplicate-emails/description/,"HTTP 404: {""detail"":""Not Found""}"
197,Rising Temperature,https://leetcode.com/problems/rising-temperature/description/,"HTTP 404: {""detail"":""Not Found""}"
198,House Robber,https://leetcode.com/problems/house-robber/description/,"HTTP 404: {""detail"":""Not Found""}"
199,Binary Tree Right Side View,https://leetcode.com/problems/binary-tree-right-side-view/description/,"HTTP 404: {""detail"":""Not Found""}"
200,Number of Islands,https://leetcode.com/problems/number-of-islands/description/,"HTTP 404: {""detail"":""Not Found""}"
201,Bitwise AND of Numbers Range,https://leetcode.com/problems/bitwise-and-of-numbers-range/description/,"HTTP 404: {""detail"":""Not Found""}"
202,Happy Number,https://leetcode.com/problems/happy-number/description/,"HTTP 404: {""detail"":""Not Found""}"
203,Remove Linked List Elements,https://leetcode.com/problems/remove-linked-list-elements/description/,"HTTP 404: {""detail"":""Not Found""}"
204,Count Primes,https://leetcode.com/problems/count-primes/description/,"HTTP 404: {""detail"":""Not Found""}"
205,Isomorphic Strings,https://leetcode.com/problems/isomorphic-strings/description/,"HTTP 404: {""detail"":""Not Found""}"
206,Reverse Linked List,https://leetcode.com/problems/reverse-linked-list/description/,"HTTP 404: {""detail"":""Not Found""}"
207,Course Schedule,https://leetcode.com/problems/course-schedule/description/,"HTTP 404: {""detail"":""Not Found""}"
208,Implement Trie (Prefix Tree),https://leetcode.com/problems/implement-trie-prefix-tree/description/,"HTTP 404: {""detail"":""Not Found""}"
209,Minimum Size Subarray Sum,https://leetcode.com/problems/minimum-size-subarray-sum/description/,"HTTP 404: {""detail"":""Not Found""}"
210,Course Schedule II,https://leetcode.com/problems/course-schedule-ii/description/,"HTTP 404: {""detail"":""Not Found""}"
211,Design Add and Search Words Data Structure,https://leetcode.com/problems/design-add-and-search-words-data-structure/description/,"HTTP 404: {""detail"":""Not Found""}"
212,Word Search II,https://leetcode.com/problems/word-search-ii/description/,"HTTP 404: {""detail"":""Not Found""}"
213,House Robber II,https://leetcode.com/problems/house-robber-ii/description/,"HTTP 404: {""detail"":""Not Found""}"
214,Shortest Palindrome,https://leetcode.com/problems/shortest-palindrome/description/,"HTTP 404: {""detail"":""Not Found""}"
215,Kth Largest Element in an Array,https://leetcode.com/problems/kth-largest-element-in-an-array/description/,"HTTP 404: {""detail"":""Not Found""}"
216,Combination Sum III,https://leetcode.com/problems/combination-sum-iii/description/,"HTTP 404: {""detail"":""Not Found""}"
217,Contains Duplicate,https://leetcode.com/problems/contains-duplicate/description/,"HTTP 404: {""detail"":""Not Found""}"
218,The Skyline Problem,https://leetcode.com/problems/the-skyline-problem/description/,"HTTP 404: {""detail"":""Not Found""}"
219,Contains Duplicate II,https://leetcode.com/problems/contains-duplicate-ii/description/,"HTTP 404: {""detail"":""Not Found""}"
220,Contains Duplicate III,https://leetcode.com/problems/contains-duplicate-iii/description/,"HTTP 404: {""detail"":""Not Found""}"
221,Maximal Square,https://leetcode.com/problems/maximal-square/description/,"HTTP 404: {""detail"":""Not Found""}"
222,Count Complete Tree Nodes,https://leetcode.com/problems/count-complete-tree-nodes/description/,"HTTP 404: {""detail"":""Not Found""}"
223,Rectangle Area,https://leetcode.com/problems/rectangle-area/description/,"HTTP 404: {""detail"":""Not Found""}"
224,Basic Calculator,https://leetcode.com/problems/basic-calculator/description/,"HTTP 404: {""detail"":""Not Found""}"
225,Implement Stack using Queues,https://leetcode.com/problems/implement-stack-using-queues/description/,"HTTP 404: {""detail"":""Not Found""}"
226,Invert Binary Tree,https://leetcode.com/problems/invert-binary-tree/description/,"HTTP 404: {""detail"":""Not Found""}"
227,Basic Calculator II,https://leetcode.com/problems/basic-calculator-ii/description/,"HTTP 404: {""detail"":""Not Found""}"
228,Summary Ranges,https://leetcode.com/problems/summary-ranges/description/,"HTTP 404: {""detail"":""Not Found""}"
229,Majority Element II,https://leetcode.com/problems/majority-element-ii/description/,"HTTP 404: {""detail"":""Not Found""}"
230,Kth Smallest Element in a BST,https://leetcode.com/problems/kth-smallest-element-in-a-bst/description/,"HTTP 404: {""detail"":""Not Found""}"
231,Power of Two,https://leetcode.com/problems/power-of-two/description/,"HTTP 404: {""detail"":""Not Found""}"
232,Implement Queue using Stacks,https://leetcode.com/problems/implement-queue-using-stacks/description/,"HTTP 404: {""detail"":""Not Found""}"
233,Number of Digit One,https://leetcode.com/problems/number-of-digit-one/description/,"HTTP 404: {""detail"":""Not Found""}"
234,Palindrome Linked List,https://leetcode.com/problems/palindrome-linked-list/description/,"HTTP 404: {""detail"":""Not Found""}"
235,Lowest Common Ancestor of a Binary Search Tree,https://leetcode.com/problems/lowest-common-ancestor-of-a-binary-search-tree/description/,"HTTP 404: {""detail"":""Not Found""}"
236,Lowest Common Ancestor of a Binary Tree,https://leetcode.com/problems/lowest-common-ancestor-of-a-binary-tree/description/,"HTTP 404: {""detail"":""Not Found""}"
237,Delete Node in a Linked List,https://leetcode.com/problems/delete-node-in-a-linked-list/description/,"HTTP 404: {""detail"":""Not Found""}"
238,Product of Array Except Self,https://leetcode.com/problems/product-of-array-except-self/description/,"HTTP 404: {""detail"":""Not Found""}"
239,Sliding Window Maximum,https://leetcode.com/problems/sliding-window-maximum/description/,"HTTP 404: {""detail"":""Not Found""}"
240,Search a 2D Matrix II,https://leetcode.com/problems/search-a-2d-matrix-ii/description/,"HTTP 404: {""detail"":""Not Found""}"
241,Different Ways to Add Parentheses,https://leetcode.com/problems/different-ways-to-add-parentheses/description/,"HTTP 404: {""detail"":""Not Found""}"
242,Valid Anagram,https://leetcode.com/problems/valid-anagram/description/,"HTTP 404: {""detail"":""Not Found""}"
243,Shortest Word Distance,https://leetcode.com/problems/shortest-word-distance/description/,"HTTP 404: {""detail"":""Not Found""}"
244,Shortest Word Distance II,https://leetcode.com/problems/shortest-word-distance-ii/description/,"HTTP 404: {""detail"":""Not Found""}"
245,Shortest Word Distance III,https://leetcode.com/problems/shortest-word-distance-iii/description/,"HTTP 404: {""detail"":""Not Found""}"
246,Strobogrammatic Number,https://leetcode.com/problems/strobogrammatic-number/description/,"HTTP 404: {""detail"":""Not Found""}"
247,Strobogrammatic Number II,https://leetcode.com/problems/strobogrammatic-number-ii/description/,"HTTP 404: {""detail"":""Not Found""}"
248,Strobogrammatic Number III,https://leetcode.com/problems/strobogrammatic-number-iii/description/,"HTTP 404: {""detail"":""Not Found""}"
249,Group Shifted Strings,https://leetcode.com/problems/group-shifted-strings/description/,"HTTP 404: {""detail"":""Not Found""}"
250,Count Univalue Subtrees,https://leetcode.com/problems/count-univalue-subtrees/description/,"HTTP 404: {""detail"":""Not Found""}"
251,Flatten 2D Vector,https://leetcode.com/problems/flatten-2d-vector/description/,"HTTP 404: {""detail"":""Not Found""}"
252,Meeting Rooms,https://leetcode.com/problems/meeting-rooms/description/,"HTTP 404: {""detail"":""Not Found""}"
253,Meeting Rooms II,https://leetcode.com/problems/meeting-rooms-ii/description/,"HTTP 404: {""detail"":""Not Found""}"
254,Factor Combinations,https://leetcode.com/problems/factor-combinations/description/,"HTTP 404: {""detail"":""Not Found""}"
255,Verify Preorder Sequence in Binary Search Tree,https://leetcode.com/problems/verify-preorder-sequence-in-binary-search-tree/description/,"HTTP 404: {""detail"":""Not Found""}"
256,Paint House,https://leetcode.com/problems/paint-house/description/,"HTTP 404: {""detail"":""Not Found""}"
257,Binary Tree Paths,https://leetcode.com/problems/binary-tree-paths/description/,"HTTP 404: {""detail"":""Not Found""}"
258,Add Digits,https://leetcode.com/problems/add-digits/description/,"HTTP 404: {""detail"":""Not Found""}"
259,3Sum Smaller,https://leetcode.com/problems/3sum-smaller/description/,"HTTP 404: {""detail"":""Not Found""}"
260,Single Number III,https://leetcode.com/problems/single-number-iii/description/,"HTTP 404: {""detail"":""Not Found""}"
261,Graph Valid Tree,https://leetcode.com/problems/graph-valid-tree/description/,"HTTP 404: {""detail"":""Not Found""}"
262,Trips and Users,https://leetcode.com/problems/trips-and-users/description/,"HTTP 404: {""detail"":""Not Found""}"
263,Ugly Number,https://leetcode.com/problems/ugly-number/description/,"HTTP 404: {""detail"":""Not Found""}"
264,Ugly Number II,https://leetcode.com/problems/ugly-number-ii/description/,"HTTP 404: {""detail"":""Not Found""}"
265,Paint House II,https://leetcode.com/problems/paint-house-ii/description/,"HTTP 404: {""detail"":""Not Found""}"
266,Palindrome Permutation,https://leetcode.com/problems/palindrome-permutation/description/,"HTTP 404: {""detail"":""Not Found""}"
267,Palindrome Permutation II,https://leetcode.com/problems/palindrome-permutation-ii/description/,"HTTP 404: {""detail"":""Not Found""}"
268,Missing Number,https://leetcode.com/problems/missing-number/description/,"HTTP 404: {""detail"":""Not Found""}"
269,Alien Dictionary,https://leetcode.com/problems/alien-dictionary/description/,"HTTP 404: {""detail"":""Not Found""}"
270,Closest Binary Search Tree Value,https://leetcode.com/problems/closest-binary-search-tree-value/description/,"HTTP 404: {""detail"":""Not Found""}"
271,Encode and Decode Strings,https://leetcode.com/problems/encode-and-decode-strings/description/,"HTTP 404: {""detail"":""Not Found""}"
272,Closest Binary Search Tree Value II,https://leetcode.com/problems/closest-binary-search-tree-value-ii/description/,"HTTP 404: {""detail"":""Not Found""}"
273,Integer to English Words,https://leetcode.com/problems/integer-to-english-words/description/,"HTTP 404: {""detail"":""Not Found""}"
274,H-Index,https://leetcode.com/problems/h-index/description/,"HTTP 404: {""detail"":""Not Found""}"
275,H-Index II,https://leetcode.com/problems/h-index-ii/description/,"HTTP 404: {""detail"":""Not Found""}"
276,Paint Fence,https://leetcode.com/problems/paint-fence/description/,"HTTP 404: {""detail"":""Not Found""}"
277,Find the Celebrity,https://leetcode.com/problems/find-the-celebrity/description/,"HTTP 404: {""detail"":""Not Found""}"
278,First Bad Version,https://leetcode.com/problems/first-bad-version/description/,"HTTP 404: {""detail"":""Not Found""}"
279,Perfect Squares,https://leetcode.com/problems/perfect-squares/description/,"HTTP 404: {""detail"":""Not Found""}"
280,Wiggle Sort,https://leetcode.com/problems/wiggle-sort/description/,"HTTP 404: {""detail"":""Not Found""}"
281,Zigzag Iterator,https://leetcode.com/problems/zigzag-iterator/description/,"HTTP 404: {""detail"":""Not Found""}"
282,Expression Add Operators,https://leetcode.com/problems/expression-add-operators/description/,"HTTP 404: {""detail"":""Not Found""}"
283,Move Zeroes,https://leetcode.com/problems/move-zeroes/description/,"HTTP 404: {""detail"":""Not Found""}"
284,Peeking Iterator,https://leetcode.com/problems/peeking-iterator/description/,"HTTP 404: {""detail"":""Not Found""}"
285,Inorder Successor in BST,https://leetcode.com/problems/inorder-successor-in-bst/description/,"HTTP 404: {""detail"":""Not Found""}"
286,Walls and Gates,https://leetcode.com/problems/walls-and-gates/description/,"HTTP 404: {""detail"":""Not Found""}"
287,Find the Duplicate Number,https://leetcode.com/problems/find-the-duplicate-number/description/,"HTTP 404: {""detail"":""Not Found""}"
288,Unique Word Abbreviation,https://leetcode.com/problems/unique-word-abbreviation/description/,"HTTP 404: {""detail"":""Not Found""}"
289,Game of Life,https://leetcode.com/problems/game-of-life/description/,"HTTP 404: {""detail"":""Not Found""}"
290,Word Pattern,https://leetcode.com/problems/word-pattern/description/,"HTTP 404: {""detail"":""Not Found""}"
291,Word Pattern II,https://leetcode.com/problems/word-pattern-ii/description/,"HTTP 404: {""detail"":""Not Found""}"
292,Nim Game,https://leetcode.com/problems/nim-game/description/,"HTTP 404: {""detail"":""Not Found""}"
293,Flip Game,https://leetcode.com/problems/flip-game/description/,"HTTP 404: {""detail"":""Not Found""}"
294,Flip Game II,https://leetcode.com/problems/flip-game-ii/description/,"HTTP 404: {""detail"":""Not Found""}"
295,Find Median from Data Stream,https://leetcode.com/problems/find-median-from-data-stream/description/,"HTTP 404: {""detail"":""Not Found""}"
296,Best Meeting Point,https://leetcode.com/problems/best-meeting-point/description/,"HTTP 404: {""detail"":""Not Found""}"
297,Serialize and Deserialize Binary Tree,https://leetcode.com/problems/serialize-and-deserialize-binary-tree/description/,"HTTP 404: {""detail"":""Not Found""}"
298,Binary Tree Longest Consecutive Sequence,https://leetcode.com/problems/binary-tree-longest-consecutive-sequence/description/,"HTTP 404: {""detail"":""Not Found""}"
299,Bulls and Cows,https://leetcode.com/problems/bulls-and-cows/description/,"HTTP 404: {""detail"":""Not Found""}"
300,Longest Increasing Subsequence,https://leetcode.com/problems/longest-increasing-subsequence/description/,"HTTP 404: {""detail"":""Not Found""}"
301,Remove Invalid Parentheses,https://leetcode.com/problems/remove-invalid-parentheses/description/,"HTTP 404: {""detail"":""Not Found""}"
302,Smallest Rectangle Enclosing Black Pixels,https://leetcode.com/problems/smallest-rectangle-enclosing-black-pixels/description/,"HTTP 404: {""detail"":""Not Found""}"
303,Range Sum Query - Immutable,https://leetcode.com/problems/range-sum-query-immutable/description/,"HTTP 404: {""detail"":""Not Found""}"
304,Range Sum Query 2D - Immutable,https://leetcode.com/problems/range-sum-query-2d-immutable/description/,"HTTP 404: {""detail"":""Not Found""}"
305,Number of Islands II,https://leetcode.com/problems/number-of-islands-ii/description/,"HTTP 404: {""detail"":""Not Found""}"
306,Additive Number,https://leetcode.com/problems/additive-number/description/,"HTTP 404: {""detail"":""Not Found""}"
307,Range Sum Query - Mutable,https://leetcode.com/problems/range-sum-query-mutable/description/,"HTTP 404: {""detail"":""Not Found""}"
308,Range Sum Query 2D - Mutable,https://leetcode.com/problems/range-sum-query-2d-mutable/description/,"HTTP 404: {""detail"":""Not Found""}"
309,Best Time to Buy and Sell Stock with Cooldown,https://leetcode.com/problems/best-time-to-buy-and-sell-stock-with-cooldown/description/,"HTTP 404: {""detail"":""Not Found""}"
310,Minimum Height Trees,https://leetcode.com/problems/minimum-height-trees/description/,"HTTP 404: {""detail"":""Not Found""}"
311,Sparse Matrix Multiplication,https://leetcode.com/problems/sparse-matrix-multiplication/description/,"HTTP 404: {""detail"":""Not Found""}"
312,Burst Balloons,https://leetcode.com/problems/burst-balloons/description/,"HTTP 404: {""detail"":""Not Found""}"
313,Super Ugly Number,https://leetcode.com/problems/super-ugly-number/description/,"HTTP 404: {""detail"":""Not Found""}"
314,Binary Tree Vertical Order Traversal,https://leetcode.com/problems/binary-tree-vertical-order-traversal/description/,"HTTP 404: {""detail"":""Not Found""}"
315,Count of Smaller Numbers After Self,https://leetcode.com/problems/count-of-smaller-numbers-after-self/description/,"HTTP 404: {""detail"":""Not Found""}"
316,Remove Duplicate Letters,https://leetcode.com/problems/remove-duplicate-letters/description/,"HTTP 404: {""detail"":""Not Found""}"
317,Shortest Distance from All Buildings,https://leetcode.com/problems/shortest-distance-from-all-buildings/description/,"HTTP 404: {""detail"":""Not Found""}"
318,Maximum Product of Word Lengths,https://leetcode.com/problems/maximum-product-of-word-lengths/description/,"HTTP 404: {""detail"":""Not Found""}"
319,Bulb Switcher,https://leetcode.com/problems/bulb-switcher/description/,"HTTP 404: {""detail"":""Not Found""}"
320,Generalized Abbreviation,https://leetcode.com/problems/generalized-abbreviation/description/,"HTTP 404: {""detail"":""Not Found""}"
321,Create Maximum Number,https://leetcode.com/problems/create-maximum-number/description/,"HTTP 404: {""detail"":""Not Found""}"
322,Coin Change,https://leetcode.com/problems/coin-change/description/,"HTTP 404: {""detail"":""Not Found""}"
323,Number of Connected Components in an Undirected Graph,https://leetcode.com/problems/number-of-connected-components-in-an-undirected-graph/description/,"HTTP 404: {""detail"":""Not Found""}"
324,Wiggle Sort II,https://leetcode.com/problems/wiggle-sort-ii/description/,"HTTP 404: {""detail"":""Not Found""}"
325,Maximum Size Subarray Sum Equals k,https://leetcode.com/problems/maximum-size-subarray-sum-equals-k/description/,"HTTP 404: {""detail"":""Not Found""}"
326,Power of Three,https://leetcode.com/problems/power-of-three/description/,"HTTP 404: {""detail"":""Not Found""}"
327,Count of Range Sum,https://leetcode.com/problems/count-of-range-sum/description/,"HTTP 404: {""detail"":""Not Found""}"
328,Odd Even Linked List,https://leetcode.com/problems/odd-even-linked-list/description/,"HTTP 404: {""detail"":""Not Found""}"
329,Longest Increasing Path in a Matrix,https://leetcode.com/problems/longest-increasing-path-in-a-matrix/description/,"HTTP 404: {""detail"":""Not Found""}"
330,Patching Array,https://leetcode.com/problems/patching-array/description/,"HTTP 404: {""detail"":""Not Found""}"
331,Verify Preorder Serialization of a Binary Tree,https://leetcode.com/problems/verify-preorder-serialization-of-a-binary-tree/description/,"HTTP 404: {""detail"":""Not Found""}"
332,Reconstruct Itinerary,https://leetcode.com/problems/reconstruct-itinerary/description/,"HTTP 404: {""detail"":""Not Found""}"
333,Largest BST Subtree,https://leetcode.com/problems/largest-bst-subtree/description/,"HTTP 404: {""detail"":""Not Found""}"
334,Increasing Triplet Subsequence,https://leetcode.com/problems/increasing-triplet-subsequence/description/,"HTTP 404: {""detail"":""Not Found""}"
335,Self Crossing,https://leetcode.com/problems/self-crossing/description/,"HTTP 404: {""detail"":""Not Found""}"
336,Palindrome Pairs,https://leetcode.com/problems/palindrome-pairs/description/,"HTTP 404: {""detail"":""Not Found""}"
337,House Robber III,https://leetcode.com/problems/house-robber-iii/description/,"HTTP 404: {""detail"":""Not Found""}"
338,Counting Bits,https://leetcode.com/problems/counting-bits/description/,"HTTP 404: {""detail"":""Not Found""}"
339,Nested List Weight Sum,https://leetcode.com/problems/nested-list-weight-sum/description/,"HTTP 404: {""detail"":""Not Found""}"
340,Longest Substring with At Most K Distinct Characters,https://leetcode.com/problems/longest-substring-with-at-most-k-distinct-characters/description/,"HTTP 404: {""detail"":""Not Found""}"
341,Flatten Nested List Iterator,https://leetcode.com/problems/flatten-nested-list-iterator/description/,"HTTP 404: {""detail"":""Not Found""}"
342,Power of Four,https://leetcode.com/problems/power-of-four/description/,"HTTP 404: {""detail"":""Not Found""}"
343,Integer Break,https://leetcode.com/problems/integer-break/description/,"HTTP 404: {""detail"":""Not Found""}"
344,Reverse String,https://leetcode.com/problems/reverse-string/description/,"HTTP 404: {""detail"":""Not Found""}"
345,Reverse Vowels of a String,https://leetcode.com/problems/reverse-vowels-of-a-string/description/,"HTTP 404: {""detail"":""Not Found""}"
346,Moving Average from Data Stream,https://leetcode.com/problems/moving-average-from-data-stream/description/,"HTTP 404: {""detail"":""Not Found""}"
347,Top K Frequent Elements,https://leetcode.com/problems/top-k-frequent-elements/description/,"HTTP 404: {""detail"":""Not Found""}"
348,Design Tic-Tac-Toe,https://leetcode.com/problems/design-tic-tac-toe/description/,"HTTP 404: {""detail"":""Not Found""}"
349,Intersection of Two Arrays,https://leetcode.com/problems/intersection-of-two-arrays/description/,"HTTP 404: {""detail"":""Not Found""}"
350,Intersection of Two Arrays II,https://leetcode.com/problems/intersection-of-two-arrays-ii/description/,"HTTP 404: {""detail"":""Not Found""}"
351,Android Unlock Patterns,https://leetcode.com/problems/android-unlock-patterns/description/,"HTTP 404: {""detail"":""Not Found""}"
352,Data Stream as Disjoint Intervals,https://leetcode.com/problems/data-stream-as-disjoint-intervals/description/,"HTTP 404: {""detail"":""Not Found""}"
353,Design Snake Game,https://leetcode.com/problems/design-snake-game/description/,"HTTP 404: {""detail"":""Not Found""}"
354,Russian Doll Envelopes,https://leetcode.com/problems/russian-doll-envelopes/description/,"HTTP 404: {""detail"":""Not Found""}"
355,Design Twitter,https://leetcode.com/problems/design-twitter/description/,"HTTP 404: {""detail"":""Not Found""}"
356,Line Reflection,https://leetcode.com/problems/line-reflection/description/,"HTTP 404: {""detail"":""Not Found""}"
357,Count Numbers with Unique Digits,https://leetcode.com/problems/count-numbers-with-unique-digits/description/,"HTTP 404: {""detail"":""Not Found""}"
358,Rearrange String k Distance Apart,https://leetcode.com/problems/rearrange-string-k-distance-apart/description/,"HTTP 404: {""detail"":""Not Found""}"
359,Logger Rate Limiter,https://leetcode.com/problems/logger-rate-limiter/description/,"HTTP 404: {""detail"":""Not Found""}"
360,Sort Transformed Array,https://leetcode.com/problems/sort-transformed-array/description/,"HTTP 404: {""detail"":""Not Found""}"
361,Bomb Enemy,https://leetcode.com/problems/bomb-enemy/description/,"HTTP 404: {""detail"":""Not Found""}"
362,Design Hit Counter,https://leetcode.com/problems/design-hit-counter/description/,"HTTP 404: {""detail"":""Not Found""}"
363,Max Sum of Rectangle No Larger Than K,https://leetcode.com/problems/max-sum-of-rectangle-no-larger-than-k/description/,"HTTP 404: {""detail"":""Not Found""}"
364,Nested List Weight Sum II,https://leetcode.com/problems/nested-list-weight-sum-ii/description/,"HTTP 404: {""detail"":""Not Found""}"
365,Water and Jug Problem,https://leetcode.com/problems/water-and-jug-problem/description/,"HTTP 404: {""detail"":""Not Found""}"
366,Find Leaves of Binary Tree,https://leetcode.com/problems/find-leaves-of-binary-tree/description/,"HTTP 404: {""detail"":""Not Found""}"
367,Valid Perfect Square,https://leetcode.com/problems/valid-perfect-square/description/,"HTTP 404: {""detail"":""Not Found""}"
368,Largest Divisible Subset,https://leetcode.com/problems/largest-divisible-subset/description/,"HTTP 404: {""detail"":""Not Found""}"
369,Plus One Linked List,https://leetcode.com/problems/plus-one-linked-list/description/,"HTTP 404: {""detail"":""Not Found""}"
370,Range Addition,https://leetcode.com/problems/range-addition/description/,"HTTP 404: {""detail"":""Not Found""}"
371,Sum of Two Integers,https://leetcode.com/problems/sum-of-two-integers/description/,"HTTP 404: {""detail"":""Not Found""}"
372,Super Pow,https://leetcode.com/problems/super-pow/description/,"HTTP 404: {""detail"":""Not Found""}"
373,Find K Pairs with Smallest Sums,https://leetcode.com/problems/find-k-pairs-with-smallest-sums/description/,"HTTP 404: {""detail"":""Not Found""}"
374,Guess Number Higher or Lower,https://leetcode.com/problems/guess-number-higher-or-lower/description/,"HTTP 404: {""detail"":""Not Found""}"
375,Guess Number Higher or Lower II,https://leetcode.com/problems/guess-number-higher-or-lower-ii/description/,"HTTP 404: {""detail"":""Not Found""}"
376,Wiggle Subsequence,https://leetcode.com/problems/wiggle-subsequence/description/,"HTTP 404: {""detail"":""Not Found""}"
377,Combination Sum IV,https://leetcode.com/problems/combination-sum-iv/description/,"HTTP 404: {""detail"":""Not Found""}"
378,Kth Smallest Element in a Sorted Matrix,https://leetcode.com/problems/kth-smallest-element-in-a-sorted-matrix/description/,"HTTP 404: {""detail"":""Not Found""}"
379,Design Phone Directory,https://leetcode.com/problems/design-phone-directory/description/,"HTTP 404: {""detail"":""Not Found""}"
380,Insert Delete GetRandom O(1),https://leetcode.com/problems/insert-delete-getrandom-o1/description/,"HTTP 404: {""detail"":""Not Found""}"
381,Insert Delete GetRandom O(1) - Duplicates allowed,https://leetcode.com/problems/insert-delete-getrandom-o1-duplicates-allowed/description/,"HTTP 404: {""detail"":""Not Found""}"
382,Linked List Random Node,https://leetcode.com/problems/linked-list-random-node/description/,"HTTP 404: {""detail"":""Not Found""}"
383,Ransom Note,https://leetcode.com/problems/ransom-note/description/,"HTTP 404: {""detail"":""Not Found""}"
384,Shuffle an Array,https://leetcode.com/problems/shuffle-an-array/description/,"HTTP 404: {""detail"":""Not Found""}"
385,Mini Parser,https://leetcode.com/problems/mini-parser/description/,"HTTP 404: {""detail"":""Not Found""}"
386,Lexicographical Numbers,https://leetcode.com/problems/lexicographical-numbers/description/,"HTTP 404: {""detail"":""Not Found""}"
387,First Unique Character in a String,https://leetcode.com/problems/first-unique-character-in-a-string/description/,"HTTP 404: {""detail"":""Not Found""}"
388,Longest Absolute File Path,https://leetcode.com/problems/longest-absolute-file-path/description/,"HTTP 404: {""detail"":""Not Found""}"
389,Find the Difference,https://leetcode.com/problems/find-the-difference/description/,"HTTP 404: {""detail"":""Not Found""}"
390,Elimination Game,https://leetcode.com/problems/elimination-game/description/,"HTTP 404: {""detail"":""Not Found""}"
391,Perfect Rectangle,https://leetcode.com/problems/perfect-rectangle/description/,"HTTP 404: {""detail"":""Not Found""}"
392,Is Subsequence,https://leetcode.com/problems/is-subsequence/description/,"HTTP 404: {""detail"":""Not Found""}"
393,UTF-8 Validation,https://leetcode.com/problems/utf-8-validation/description/,"HTTP 404: {""detail"":""Not Found""}"
394,Decode String,https://leetcode.com/problems/decode-string/description/,"HTTP 404: {""detail"":""Not Found""}"
395,Longest Substring with At Least K Repeating Characters,https://leetcode.com/problems/longest-substring-with-at-least-k-repeating-characters/description/,"HTTP 404: {""detail"":""Not Found""}"
396,Rotate Function,https://leetcode.com/problems/rotate-function/description/,"HTTP 404: {""detail"":""Not Found""}"
397,Integer Replacement,https://leetcode.com/problems/integer-replacement/description/,"HTTP 404: {""detail"":""Not Found""}"
398,Random Pick Index,https://leetcode.com/problems/random-pick-index/description/,"HTTP 404: {""detail"":""Not Found""}"
399,Evaluate Division,https://leetcode.com/problems/evaluate-division/description/,"HTTP 404: {""detail"":""Not Found""}"
400,Nth Digit,https://leetcode.com/problems/nth-digit/description/,"HTTP 404: {""detail"":""Not Found""}"
401,Binary Watch,https://leetcode.com/problems/binary-watch/description/,"HTTP 404: {""detail"":""Not Found""}"
402,Remove K Digits,https://leetcode.com/problems/remove-k-digits/description/,"HTTP 404: {""detail"":""Not Found""}"
403,Frog Jump,https://leetcode.com/problems/frog-jump/description/,"HTTP 404: {""detail"":""Not Found""}"
404,Sum of Left Leaves,https://leetcode.com/problems/sum-of-left-leaves/description/,"HTTP 404: {""detail"":""Not Found""}"
405,Convert a Number to Hexadecimal,https://leetcode.com/problems/convert-a-number-to-hexadecimal/description/,"HTTP 404: {""detail"":""Not Found""}"
406,Queue Reconstruction by Height,https://leetcode.com/problems/queue-reconstruction-by-height/description/,"HTTP 404: {""detail"":""Not Found""}"
407,Trapping Rain Water II,https://leetcode.com/problems/trapping-rain-water-ii/description/,"HTTP 404: {""detail"":""Not Found""}"
408,Valid Word Abbreviation,https://leetcode.com/problems/valid-word-abbreviation/description/,"HTTP 404: {""detail"":""Not Found""}"
409,Longest Palindrome,https://leetcode.com/problems/longest-palindrome/description/,"HTTP 404: {""detail"":""Not Found""}"
410,Split Array Largest Sum,https://leetcode.com/problems/split-array-largest-sum/description/,"HTTP 404: {""detail"":""Not Found""}"
411,Minimum Unique Word Abbreviation,https://leetcode.com/problems/minimum-unique-word-abbreviation/description/,"HTTP 404: {""detail"":""Not Found""}"
412,Fizz Buzz,https://leetcode.com/problems/fizz-buzz/description/,"HTTP 404: {""detail"":""Not Found""}"
413,Arithmetic Slices,https://leetcode.com/problems/arithmetic-slices/description/,"HTTP 404: {""detail"":""Not Found""}"
414,Third Maximum Number,https://leetcode.com/problems/third-maximum-number/description/,"HTTP 404: {""detail"":""Not Found""}"
415,Add Strings,https://leetcode.com/problems/add-strings/description/,"HTTP 404: {""detail"":""Not Found""}"
416,Partition Equal Subset Sum,https://leetcode.com/problems/partition-equal-subset-sum/description/,"HTTP 404: {""detail"":""Not Found""}"
417,Pacific Atlantic Water Flow,https://leetcode.com/problems/pacific-atlantic-water-flow/description/,"HTTP 404: {""detail"":""Not Found""}"
418,Sentence Screen Fitting,https://leetcode.com/problems/sentence-screen-fitting/description/,"HTTP 404: {""detail"":""Not Found""}"
419,Battleships in a Board,https://leetcode.com/problems/battleships-in-a-board/description/,"HTTP 404: {""detail"":""Not Found""}"
420,Strong Password Checker,https://leetcode.com/problems/strong-password-checker/description/,"HTTP 404: {""detail"":""Not Found""}"
421,Maximum XOR of Two Numbers in an Array,https://leetcode.com/problems/maximum-xor-of-two-numbers-in-an-array/description/,"HTTP 404: {""detail"":""Not Found""}"
422,Valid Word Square,https://leetcode.com/problems/valid-word-square/description/,"HTTP 404: {""detail"":""Not Found""}"
423,Reconstruct Original Digits from English,https://leetcode.com/problems/reconstruct-original-digits-from-english/description/,"HTTP 404: {""detail"":""Not Found""}"
424,Longest Repeating Character Replacement,https://leetcode.com/problems/longest-repeating-character-replacement/description/,"HTTP 404: {""detail"":""Not Found""}"
425,Word Squares,https://leetcode.com/problems/word-squares/description/,"HTTP 404: {""detail"":""Not Found""}"
426,Convert Binary Search Tree to Sorted Doubly Linked List,https://leetcode.com/problems/convert-binary-search-tree-to-sorted-doubly-linked-list/description/,"HTTP 404: {""detail"":""Not Found""}"
427,Construct Quad Tree,https://leetcode.com/problems/construct-quad-tree/description/,"HTTP 404: {""detail"":""Not Found""}"
428,Serialize and Deserialize N-ary Tree,https://leetcode.com/problems/serialize-and-deserialize-n-ary-tree/description/,"HTTP 404: {""detail"":""Not Found""}"
429,N-ary Tree Level Order Traversal,https://leetcode.com/problems/n-ary-tree-level-order-traversal/description/,"HTTP 404: {""detail"":""Not Found""}"
430,Flatten a Multilevel Doubly Linked List,https://leetcode.com/problems/flatten-a-multilevel-doubly-linked-list/description/,"HTTP 404: {""detail"":""Not Found""}"
431,Encode N-ary Tree to Binary Tree,https://leetcode.com/problems/encode-n-ary-tree-to-binary-tree/description/,"HTTP 404: {""detail"":""Not Found""}"
432,All O`one Data Structure,https://leetcode.com/problems/all-oone-data-structure/description/,"HTTP 404: {""detail"":""Not Found""}"
433,Minimum Genetic Mutation,https://leetcode.com/problems/minimum-genetic-mutation/description/,"HTTP 404: {""detail"":""Not Found""}"
434,Number of Segments in a String,https://leetcode.com/problems/number-of-segments-in-a-string/description/,"HTTP 404: {""detail"":""Not Found""}"
435,Non-overlapping Intervals,https://leetcode.com/problems/non-overlapping-intervals/description/,"HTTP 404: {""detail"":""Not Found""}"
436,Find Right Interval,https://leetcode.com/problems/find-right-interval/description/,"HTTP 404: {""detail"":""Not Found""}"
437,Path Sum III,https://leetcode.com/problems/path-sum-iii/description/,"HTTP 404: {""detail"":""Not Found""}"
438,Find All Anagrams in a String,https://leetcode.com/problems/find-all-anagrams-in-a-string/description/,"HTTP 404: {""detail"":""Not Found""}"
439,Ternary Expression Parser,https://leetcode.com/problems/ternary-expression-parser/description/,"HTTP 404: {""detail"":""Not Found""}"
440,K-th Smallest in Lexicographical Order,https://leetcode.com/problems/k-th-smallest-in-lexicographical-order/description/,"HTTP 404: {""detail"":""Not Found""}"
441,Arranging Coins,https://leetcode.com/problems/arranging-coins/description/,"HTTP 404: {""detail"":""Not Found""}"
442,Find All Duplicates in an Array,https://leetcode.com/problems/find-all-duplicates-in-an-array/description/,"HTTP 404: {""detail"":""Not Found""}"
443,String Compression,https://leetcode.com/problems/string-compression/description/,"HTTP 404: {""detail"":""Not Found""}"
444,Sequence Reconstruction,https://leetcode.com/problems/sequence-reconstruction/description/,"HTTP 404: {""detail"":""Not Found""}"
445,Add Two Numbers II,https://leetcode.com/problems/add-two-numbers-ii/description/,"HTTP 404: {""detail"":""Not Found""}"
446,Arithmetic Slices II - Subsequence,https://leetcode.com/problems/arithmetic-slices-ii-subsequence/description/,"HTTP 404: {""detail"":""Not Found""}"
447,Number of Boomerangs,https://leetcode.com/problems/number-of-boomerangs/description/,"HTTP 404: {""detail"":""Not Found""}"
448,Find All Numbers Disappeared in an Array,https://leetcode.com/problems/find-all-numbers-disappeared-in-an-array/description/,"HTTP 404: {""detail"":""Not Found""}"
449,Serialize and Deserialize BST,https://leetcode.com/problems/serialize-and-deserialize-bst/description/,"HTTP 404: {""detail"":""Not Found""}"
450,Delete Node in a BST,https://leetcode.com/problems/delete-node-in-a-bst/description/,"HTTP 404: {""detail"":""Not Found""}"
451,Sort Characters By Frequency,https://leetcode.com/problems/sort-characters-by-frequency/description/,"HTTP 404: {""detail"":""Not Found""}"
452,Minimum Number of Arrows to Burst Balloons,https://leetcode.com/problems/minimum-number-of-arrows-to-burst-balloons/description/,"HTTP 404: {""detail"":""Not Found""}"
453,Minimum Moves to Equal Array Elements,https://leetcode.com/problems/minimum-moves-to-equal-array-elements/description/,"HTTP 404: {""detail"":""Not Found""}"
454,4Sum II,https://leetcode.com/problems/4sum-ii/description/,"HTTP 404: {""detail"":""Not Found""}"
455,Assign Cookies,https://leetcode.com/problems/assign-cookies/description/,"HTTP 404: {""detail"":""Not Found""}"
456,132 Pattern,https://leetcode.com/problems/132-pattern/description/,"HTTP 404: {""detail"":""Not Found""}"
457,Circular Array Loop,https://leetcode.com/problems/circular-array-loop/description/,"HTTP 404: {""detail"":""Not Found""}"
458,Poor Pigs,https://leetcode.com/problems/poor-pigs/description/,"HTTP 404: {""detail"":""Not Found""}"
459,Repeated Substring Pattern,https://leetcode.com/problems/repeated-substring-pattern/description/,"HTTP 404: {""detail"":""Not Found""}"
460,LFU Cache,https://leetcode.com/problems/lfu-cache/description/,"HTTP 404: {""detail"":""Not Found""}"
461,Hamming Distance,https://leetcode.com/problems/hamming-distance/description/,"HTTP 404: {""detail"":""Not Found""}"
462,Minimum Moves to Equal Array Elements II,https://leetcode.com/problems/minimum-moves-to-equal-array-elements-ii/description/,"HTTP 404: {""detail"":""Not Found""}"
463,Island Perimeter,https://leetcode.com/problems/island-perimeter/description/,"HTTP 404: {""detail"":""Not Found""}"
464,Can I Win,https://leetcode.com/problems/can-i-win/description/,"HTTP 404: {""detail"":""Not Found""}"
465,Optimal Account Balancing,https://leetcode.com/problems/optimal-account-balancing/description/,"HTTP 404: {""detail"":""Not Found""}"
466,Count The Repetitions,https://leetcode.com/problems/count-the-repetitions/description/,"HTTP 404: {""detail"":""Not Found""}"
467,Unique Substrings in Wraparound String,https://leetcode.com/problems/unique-substrings-in-wraparound-string/description/,"HTTP 404: {""detail"":""Not Found""}"
468,Validate IP Address,https://leetcode.com/problems/validate-ip-address/description/,"HTTP 404: {""detail"":""Not Found""}"
469,Convex Polygon,https://leetcode.com/problems/convex-polygon/description/,"HTTP 404: {""detail"":""Not Found""}"
470,Implement Rand10() Using Rand7(),https://leetcode.com/problems/implement-rand10-using-rand7/description/,"HTTP 404: {""detail"":""Not Found""}"
471,Encode String with Shortest Length,https://leetcode.com/problems/encode-string-with-shortest-length/description/,"HTTP 404: {""detail"":""Not Found""}"
472,Concatenated Words,https://leetcode.com/problems/concatenated-words/description/,"HTTP 404: {""detail"":""Not Found""}"
473,Matchsticks to Square,https://leetcode.com/problems/matchsticks-to-square/description/,"HTTP 404: {""detail"":""Not Found""}"
474,Ones and Zeroes,https://leetcode.com/problems/ones-and-zeroes/description/,"HTTP 404: {""detail"":""Not Found""}"
475,Heaters,https://leetcode.com/problems/heaters/description/,"HTTP 404: {""detail"":""Not Found""}"
476,Number Complement,https://leetcode.com/problems/number-complement/description/,"HTTP 404: {""detail"":""Not Found""}"
477,Total Hamming Distance,https://leetcode.com/problems/total-hamming-distance/description/,"HTTP 404: {""detail"":""Not Found""}"
478,Generate Random Point in a Circle,https://leetcode.com/problems/generate-random-point-in-a-circle/description/,"HTTP 404: {""detail"":""Not Found""}"
479,Largest Palindrome Product,https://leetcode.com/problems/largest-palindrome-product/description/,"HTTP 404: {""detail"":""Not Found""}"
480,Sliding Window Median,https://leetcode.com/problems/sliding-window-median/description/,"HTTP 404: {""detail"":""Not Found""}"
481,Magical String,https://leetcode.com/problems/magical-string/description/,"HTTP 404: {""detail"":""Not Found""}"
482,License Key Formatting,https://leetcode.com/problems/license-key-formatting/description/,"HTTP 404: {""detail"":""Not Found""}"
483,Smallest Good Base,https://leetcode.com/problems/smallest-good-base/description/,"HTTP 404: {""detail"":""Not Found""}"
484,Find Permutation,https://leetcode.com/problems/find-permutation/description/,"HTTP 404: {""detail"":""Not Found""}"
485,Max Consecutive Ones,https://leetcode.com/problems/max-consecutive-ones/description/,"HTTP 404: {""detail"":""Not Found""}"
486,Predict the Winner,https://leetcode.com/problems/predict-the-winner/description/,"HTTP 404: {""detail"":""Not Found""}"
487,Max Consecutive Ones II,https://leetcode.com/problems/max-consecutive-ones-ii/description/,"HTTP 404: {""detail"":""Not Found""}"
488,Zuma Game,https://leetcode.com/problems/zuma-game/description/,"HTTP 404: {""detail"":""Not Found""}"
489,Robot Room Cleaner,https://leetcode.com/problems/robot-room-cleaner/description/,"HTTP 404: {""detail"":""Not Found""}"
490,The Maze,https://leetcode.com/problems/the-maze/description/,"HTTP 404: {""detail"":""Not Found""}"
491,Non-decreasing Subsequences,https://leetcode.com/problems/non-decreasing-subsequences/description/,"HTTP 404: {""detail"":""Not Found""}"
492,Construct the Rectangle,https://leetcode.com/problems/construct-the-rectangle/description/,"HTTP 404: {""detail"":""Not Found""}"
493,Reverse Pairs,https://leetcode.com/problems/reverse-pairs/description/,"HTTP 404: {""detail"":""Not Found""}"
494,Target Sum,https://leetcode.com/problems/target-sum/description/,"HTTP 404: {""detail"":""Not Found""}"
495,Teemo Attacking,https://leetcode.com/problems/teemo-attacking/description/,"HTTP 404: {""detail"":""Not Found""}"
496,Next Greater Element I,https://leetcode.com/problems/next-greater-element-i/description/,"HTTP 404: {""detail"":""Not Found""}"
497,Random Point in Non-overlapping Rectangles,https://leetcode.com/problems/random-point-in-non-overlapping-rectangles/description/,"HTTP 404: {""detail"":""Not Found""}"
498,Diagonal Traverse,https://leetcode.com/problems/diagonal-traverse/description/,"HTTP 404: {""detail"":""Not Found""}"
499,The Maze III,https://leetcode.com/problems/the-maze-iii/description/,"HTTP 404: {""detail"":""Not Found""}"
500,Keyboard Row,https://leetcode.com/problems/keyboard-row/description/,"HTTP 404: {""detail"":""Not Found""}"
501,Find Mode in Binary Search Tree,https://leetcode.com/problems/find-mode-in-binary-search-tree/description/,"HTTP 404: {""detail"":""Not Found""}"
502,IPO,https://leetcode.com/problems/ipo/description/,"HTTP 404: {""detail"":""Not Found""}"
503,Next Greater Element II,https://leetcode.com/problems/next-greater-element-ii/description/,"HTTP 404: {""detail"":""Not Found""}"
504,Base 7,https://leetcode.com/problems/base-7/description/,"HTTP 404: {""detail"":""Not Found""}"
505,The Maze II,https://leetcode.com/problems/the-maze-ii/description/,"HTTP 404: {""detail"":""Not Found""}"
506,Relative Ranks,https://leetcode.com/problems/relative-ranks/description/,"HTTP 404: {""detail"":""Not Found""}"
507,Perfect Number,https://leetcode.com/problems/perfect-number/description/,"HTTP 404: {""detail"":""Not Found""}"
508,Most Frequent Subtree Sum,https://leetcode.com/problems/most-frequent-subtree-sum/description/,"HTTP 404: {""detail"":""Not Found""}"
509,Fibonacci Number,https://leetcode.com/problems/fibonacci-number/description/,"HTTP 404: {""detail"":""Not Found""}"
510,Inorder Successor in BST II,https://leetcode.com/problems/inorder-successor-in-bst-ii/description/,"HTTP 404: {""detail"":""Not Found""}"
511,Game Play Analysis I,https://leetcode.com/problems/game-play-analysis-i/description/,"HTTP 404: {""detail"":""Not Found""}"
512,Game Play Analysis II,https://leetcode.com/problems/game-play-analysis-ii/description/,"HTTP 404: {""detail"":""Not Found""}"
513,Find Bottom Left Tree Value,https://leetcode.com/problems/find-bottom-left-tree-value/description/,"HTTP 404: {""detail"":""Not Found""}"
514,Freedom Trail,https://leetcode.com/problems/freedom-trail/description/,"HTTP 404: {""detail"":""Not Found""}"
515,Find Largest Value in Each Tree Row,https://leetcode.com/problems/find-largest-value-in-each-tree-row/description/,"HTTP 404: {""detail"":""Not Found""}"
516,Longest Palindromic Subsequence,https://leetcode.com/problems/longest-palindromic-subsequence/description/,"HTTP 404: {""detail"":""Not Found""}"
517,Super Washing Machines,https://leetcode.com/problems/super-washing-machines/description/,"HTTP 404: {""detail"":""Not Found""}"
518,Coin Change II,https://leetcode.com/problems/coin-change-ii/description/,"HTTP 404: {""detail"":""Not Found""}"
519,Random Flip Matrix,https://leetcode.com/problems/random-flip-matrix/description/,"HTTP 404: {""detail"":""Not Found""}"
520,Detect Capital,https://leetcode.com/problems/detect-capital/description/,"HTTP 404: {""detail"":""Not Found""}"
521,Longest Uncommon Subsequence I,https://leetcode.com/problems/longest-uncommon-subsequence-i/description/,"HTTP 404: {""detail"":""Not Found""}"
522,Longest Uncommon Subsequence II,https://leetcode.com/problems/longest-uncommon-subsequence-ii/description/,"HTTP 404: {""detail"":""Not Found""}"
523,Continuous Subarray Sum,https://leetcode.com/problems/continuous-subarray-sum/description/,"HTTP 404: {""detail"":""Not Found""}"
524,Longest Word in Dictionary through Deleting,https://leetcode.com/problems/longest-word-in-dictionary-through-deleting/description/,"HTTP 404: {""detail"":""Not Found""}"
525,Contiguous Array,https://leetcode.com/problems/contiguous-array/description/,"HTTP 404: {""detail"":""Not Found""}"
526,Beautiful Arrangement,https://leetcode.com/problems/beautiful-arrangement/description/,"HTTP 404: {""detail"":""Not Found""}"
527,Word Abbreviation,https://leetcode.com/problems/word-abbreviation/description/,"HTTP 404: {""detail"":""Not Found""}"
528,Random Pick with Weight,https://leetcode.com/problems/random-pick-with-weight/description/,"HTTP 404: {""detail"":""Not Found""}"
529,Minesweeper,https://leetcode.com/problems/minesweeper/description/,"HTTP 404: {""detail"":""Not Found""}"
530,Minimum Absolute Difference in BST,https://leetcode.com/problems/minimum-absolute-difference-in-bst/description/,"HTTP 404: {""detail"":""Not Found""}"
531,Lonely Pixel I,https://leetcode.com/problems/lonely-pixel-i/description/,"HTTP 404: {""detail"":""Not Found""}"
532,K-diff Pairs in an Array,https://leetcode.com/problems/k-diff-pairs-in-an-array/description/,"HTTP 404: {""detail"":""Not Found""}"
533,Lonely Pixel II,https://leetcode.com/problems/lonely-pixel-ii/description/,"HTTP 404: {""detail"":""Not Found""}"
534,Game Play Analysis III,https://leetcode.com/problems/game-play-analysis-iii/description/,"HTTP 404: {""detail"":""Not Found""}"
535,Encode and Decode TinyURL,https://leetcode.com/problems/encode-and-decode-tinyurl/description/,"HTTP 404: {""detail"":""Not Found""}"
536,Construct Binary Tree from String,https://leetcode.com/problems/construct-binary-tree-from-string/description/,"HTTP 404: {""detail"":""Not Found""}"
537,Complex Number Multiplication,https://leetcode.com/problems/complex-number-multiplication/description/,"HTTP 404: {""detail"":""Not Found""}"
538,Convert BST to Greater Tree,https://leetcode.com/problems/convert-bst-to-greater-tree/description/,"HTTP 404: {""detail"":""Not Found""}"
539,Minimum Time Difference,https://leetcode.com/problems/minimum-time-difference/description/,"HTTP 404: {""detail"":""Not Found""}"
540,Single Element in a Sorted Array,https://leetcode.com/problems/single-element-in-a-sorted-array/description/,"HTTP 404: {""detail"":""Not Found""}"
541,Reverse String II,https://leetcode.com/problems/reverse-string-ii/description/,"HTTP 404: {""detail"":""Not Found""}"
542,01 Matrix,https://leetcode.com/problems/01-matrix/description/,"HTTP 404: {""detail"":""Not Found""}"
543,Diameter of Binary Tree,https://leetcode.com/problems/diameter-of-binary-tree/description/,"HTTP 404: {""detail"":""Not Found""}"
544,Output Contest Matches,https://leetcode.com/problems/output-contest-matches/description/,"HTTP 404: {""detail"":""Not Found""}"
545,Boundary of Binary Tree,https://leetcode.com/problems/boundary-of-binary-tree/description/,"HTTP 404: {""detail"":""Not Found""}"
546,Remove Boxes,https://leetcode.com/problems/remove-boxes/description/,"HTTP 404: {""detail"":""Not Found""}"
547,Number of Provinces,https://leetcode.com/problems/number-of-provinces/description/,"HTTP 404: {""detail"":""Not Found""}"
548,Split Array with Equal Sum,https://leetcode.com/problems/split-array-with-equal-sum/description/,"HTTP 404: {""detail"":""Not Found""}"
549,Binary Tree Longest Consecutive Sequence II,https://leetcode.com/problems/binary-tree-longest-consecutive-sequence-ii/description/,"HTTP 404: {""detail"":""Not Found""}"
550,Game Play Analysis IV,https://leetcode.com/problems/game-play-analysis-iv/description/,"HTTP 404: {""detail"":""Not Found""}"
551,Student Attendance Record I,https://leetcode.com/problems/student-attendance-record-i/description/,"HTTP 404: {""detail"":""Not Found""}"
552,Student Attendance Record II,https://leetcode.com/problems/student-attendance-record-ii/description/,"HTTP 404: {""detail"":""Not Found""}"
553,Optimal Division,https://leetcode.com/problems/optimal-division/description/,"HTTP 404: {""detail"":""Not Found""}"
554,Brick Wall,https://leetcode.com/problems/brick-wall/description/,"HTTP 404: {""detail"":""Not Found""}"
555,Split Concatenated Strings,https://leetcode.com/problems/split-concatenated-strings/description/,"HTTP 404: {""detail"":""Not Found""}"
556,Next Greater Element III,https://leetcode.com/problems/next-greater-element-iii/description/,"HTTP 404: {""detail"":""Not Found""}"
557,Reverse Words in a String III,https://leetcode.com/problems/reverse-words-in-a-string-iii/description/,"HTTP 404: {""detail"":""Not Found""}"
558,Logical OR of Two Binary Grids Represented as Quad-Trees,https://leetcode.com/problems/logical-or-of-two-binary-grids-represented-as-quad-trees/description/,"HTTP 404: {""detail"":""Not Found""}"
559,Maximum Depth of N-ary Tree,https://leetcode.com/problems/maximum-depth-of-n-ary-tree/description/,"HTTP 404: {""detail"":""Not Found""}"
560,Subarray Sum Equals K,https://leetcode.com/problems/subarray-sum-equals-k/description/,"HTTP 404: {""detail"":""Not Found""}"
561,Array Partition,https://leetcode.com/problems/array-partition/description/,"HTTP 404: {""detail"":""Not Found""}"
562,Longest Line of Consecutive One in Matrix,https://leetcode.com/problems/longest-line-of-consecutive-one-in-matrix/description/,"HTTP 404: {""detail"":""Not Found""}"
563,Binary Tree Tilt,https://leetcode.com/problems/binary-tree-tilt/description/,"HTTP 404: {""detail"":""Not Found""}"
564,Find the Closest Palindrome,https://leetcode.com/problems/find-the-closest-palindrome/description/,"HTTP 404: {""detail"":""Not Found""}"
565,Array Nesting,https://leetcode.com/problems/array-nesting/description/,"HTTP 404: {""detail"":""Not Found""}"
566,Reshape the Matrix,https://leetcode.com/problems/reshape-the-matrix/description/,"HTTP 404: {""detail"":""Not Found""}"
567,Permutation in String,https://leetcode.com/problems/permutation-in-string/description/,"HTTP 404: {""detail"":""Not Found""}"
568,Maximum Vacation Days,https://leetcode.com/problems/maximum-vacation-days/description/,"HTTP 404: {""detail"":""Not Found""}"
569,Median Employee Salary,https://leetcode.com/problems/median-employee-salary/description/,"HTTP 404: {""detail"":""Not Found""}"
570,Managers with at Least 5 Direct Reports,https://leetcode.com/problems/managers-with-at-least-5-direct-reports/description/,"HTTP 404: {""detail"":""Not Found""}"
571,Find Median Given Frequency of Numbers,https://leetcode.com/problems/find-median-given-frequency-of-numbers/description/,"HTTP 404: {""detail"":""Not Found""}"
572,Subtree of Another Tree,https://leetcode.com/problems/subtree-of-another-tree/description/,"HTTP 404: {""detail"":""Not Found""}"
573,Squirrel Simulation,https://leetcode.com/problems/squirrel-simulation/description/,"HTTP 404: {""detail"":""Not Found""}"
574,Winning Candidate,https://leetcode.com/problems/winning-candidate/description/,"HTTP 404: {""detail"":""Not Found""}"
575,Distribute Candies,https://leetcode.com/problems/distribute-candies/description/,"HTTP 404: {""detail"":""Not Found""}"
576,Out of Boundary Paths,https://leetcode.com/problems/out-of-boundary-paths/description/,"HTTP 404: {""detail"":""Not Found""}"
577,Employee Bonus,https://leetcode.com/problems/employee-bonus/description/,"HTTP 404: {""detail"":""Not Found""}"
578,Get Highest Answer Rate Question,https://leetcode.com/problems/get-highest-answer-rate-question/description/,"HTTP 404: {""detail"":""Not Found""}"
579,Find Cumulative Salary of an Employee,https://leetcode.com/problems/find-cumulative-salary-of-an-employee/description/,"HTTP 404: {""detail"":""Not Found""}"
580,Count Student Number in Departments,https://leetcode.com/problems/count-student-number-in-departments/description/,"HTTP 404: {""detail"":""Not Found""}"
581,Shortest Unsorted Continuous Subarray,https://leetcode.com/problems/shortest-unsorted-continuous-subarray/description/,"HTTP 404: {""detail"":""Not Found""}"
582,Kill Process,https://leetcode.com/problems/kill-process/description/,"HTTP 404: {""detail"":""Not Found""}"
583,Delete Operation for Two Strings,https://leetcode.com/problems/delete-operation-for-two-strings/description/,"HTTP 404: {""detail"":""Not Found""}"
584,Find Customer Referee,https://leetcode.com/problems/find-customer-referee/description/,"HTTP 404: {""detail"":""Not Found""}"
585,Investments in 2016,https://leetcode.com/problems/investments-in-2016/description/,"HTTP 404: {""detail"":""Not Found""}"
586,Customer Placing the Largest Number of Orders,https://leetcode.com/problems/customer-placing-the-largest-number-of-orders/description/,"HTTP 404: {""detail"":""Not Found""}"
587,Erect the Fence,https://leetcode.com/problems/erect-the-fence/description/,"HTTP 404: {""detail"":""Not Found""}"
588,Design In-Memory File System,https://leetcode.com/problems/design-in-memory-file-system/description/,"HTTP 404: {""detail"":""Not Found""}"
589,N-ary Tree Preorder Traversal,https://leetcode.com/problems/n-ary-tree-preorder-traversal/description/,"HTTP 404: {""detail"":""Not Found""}"
590,N-ary Tree Postorder Traversal,https://leetcode.com/problems/n-ary-tree-postorder-traversal/description/,"HTTP 404: {""detail"":""Not Found""}"
591,Tag Validator,https://leetcode.com/problems/tag-validator/description/,"HTTP 404: {""detail"":""Not Found""}"
592,Fraction Addition and Subtraction,https://leetcode.com/problems/fraction-addition-and-subtraction/description/,"HTTP 404: {""detail"":""Not Found""}"
593,Valid Square,https://leetcode.com/problems/valid-square/description/,"HTTP 404: {""detail"":""Not Found""}"
594,Longest Harmonious Subsequence,https://leetcode.com/problems/longest-harmonious-subsequence/description/,"HTTP 404: {""detail"":""Not Found""}"
595,Big Countries,https://leetcode.com/problems/big-countries/description/,"HTTP 404: {""detail"":""Not Found""}"
596,Classes More Than 5 Students,https://leetcode.com/problems/classes-more-than-5-students/description/,"HTTP 404: {""detail"":""Not Found""}"
597,Friend Requests I: Overall Acceptance Rate,https://leetcode.com/problems/friend-requests-i-overall-acceptance-rate/description/,"HTTP 404: {""detail"":""Not Found""}"
598,Range Addition II,https://leetcode.com/problems/range-addition-ii/description/,"HTTP 404: {""detail"":""Not Found""}"
599,Minimum Index Sum of Two Lists,https://leetcode.com/problems/minimum-index-sum-of-two-lists/description/,"HTTP 404: {""detail"":""Not Found""}"
600,Non-negative Integers without Consecutive Ones,https://leetcode.com/problems/non-negative-integers-without-consecutive-ones/description/,"HTTP 404: {""detail"":""Not Found""}"
601,Human Traffic of Stadium,https://leetcode.com/problems/human-traffic-of-stadium/description/,"HTTP 404: {""detail"":""Not Found""}"
602,Friend Requests II: Who Has the Most Friends,https://leetcode.com/problems/friend-requests-ii-who-has-the-most-friends/description/,"HTTP 404: {""detail"":""Not Found""}"
603,Consecutive Available Seats,https://leetcode.com/problems/consecutive-available-seats/description/,"HTTP 404: {""detail"":""Not Found""}"
604,Design Compressed String Iterator,https://leetcode.com/problems/design-compressed-string-iterator/description/,"HTTP 404: {""detail"":""Not Found""}"
605,Can Place Flowers,https://leetcode.com/problems/can-place-flowers/description/,"HTTP 404: {""detail"":""Not Found""}"
606,Construct String from Binary Tree,https://leetcode.com/problems/construct-string-from-binary-tree/description/,"HTTP 404: {""detail"":""Not Found""}"
607,Sales Person,https://leetcode.com/problems/sales-person/description/,"HTTP 404: {""detail"":""Not Found""}"
608,Tree Node,https://leetcode.com/problems/tree-node/description/,"HTTP 404: {""detail"":""Not Found""}"
609,Find Duplicate File in System,https://leetcode.com/problems/find-duplicate-file-in-system/description/,"HTTP 404: {""detail"":""Not Found""}"
610,Triangle Judgement,https://leetcode.com/problems/triangle-judgement/description/,"HTTP 404: {""detail"":""Not Found""}"
611,Valid Triangle Number,https://leetcode.com/problems/valid-triangle-number/description/,"HTTP 404: {""detail"":""Not Found""}"
612,Shortest Distance in a Plane,https://leetcode.com/problems/shortest-distance-in-a-plane/description/,"HTTP 404: {""detail"":""Not Found""}"
613,Shortest Distance in a Line,https://leetcode.com/problems/shortest-distance-in-a-line/description/,"HTTP 404: {""detail"":""Not Found""}"
614,Second Degree Follower,https://leetcode.com/problems/second-degree-follower/description/,"HTTP 404: {""detail"":""Not Found""}"
615,Average Salary: Departments VS Company,https://leetcode.com/problems/average-salary-departments-vs-company/description/,"HTTP 404: {""detail"":""Not Found""}"
616,Add Bold Tag in String,https://leetcode.com/problems/add-bold-tag-in-string/description/,"HTTP 404: {""detail"":""Not Found""}"
617,Merge Two Binary Trees,https://leetcode.com/problems/merge-two-binary-trees/description/,"HTTP 404: {""detail"":""Not Found""}"
618,Students Report By Geography,https://leetcode.com/problems/students-report-by-geography/description/,"HTTP 404: {""detail"":""Not Found""}"
619,Biggest Single Number,https://leetcode.com/problems/biggest-single-number/description/,"HTTP 404: {""detail"":""Not Found""}"
620,Not Boring Movies,https://leetcode.com/problems/not-boring-movies/description/,"HTTP 404: {""detail"":""Not Found""}"
621,Task Scheduler,https://leetcode.com/problems/task-scheduler/description/,"HTTP 404: {""detail"":""Not Found""}"
622,Design Circular Queue,https://leetcode.com/problems/design-circular-queue/description/,"HTTP 404: {""detail"":""Not Found""}"
623,Add One Row to Tree,https://leetcode.com/problems/add-one-row-to-tree/description/,"HTTP 404: {""detail"":""Not Found""}"
624,Maximum Distance in Arrays,https://leetcode.com/problems/maximum-distance-in-arrays/description/,"HTTP 404: {""detail"":""Not Found""}"
625,Minimum Factorization,https://leetcode.com/problems/minimum-factorization/description/,"HTTP 404: {""detail"":""Not Found""}"
626,Exchange Seats,https://leetcode.com/problems/exchange-seats/description/,"HTTP 404: {""detail"":""Not Found""}"
627,Swap Salary,https://leetcode.com/problems/swap-salary/description/,"HTTP 404: {""detail"":""Not Found""}"
628,Maximum Product of Three Numbers,https://leetcode.com/problems/maximum-product-of-three-numbers/description/,"HTTP 404: {""detail"":""Not Found""}"
629,K Inverse Pairs Array,https://leetcode.com/problems/k-inverse-pairs-array/description/,"HTTP 404: {""detail"":""Not Found""}"
630,Course Schedule III,https://leetcode.com/problems/course-schedule-iii/description/,"HTTP 404: {""detail"":""Not Found""}"
631,Design Excel Sum Formula,https://leetcode.com/problems/design-excel-sum-formula/description/,"HTTP 404: {""detail"":""Not Found""}"
632,Smallest Range Covering Elements from K Lists,https://leetcode.com/problems/smallest-range-covering-elements-from-k-lists/description/,"HTTP 404: {""detail"":""Not Found""}"
633,Sum of Square Numbers,https://leetcode.com/problems/sum-of-square-numbers/description/,"HTTP 404: {""detail"":""Not Found""}"
634,Find the Derangement of An Array,https://leetcode.com/problems/find-the-derangement-of-an-array/description/,"HTTP 404: {""detail"":""Not Found""}"
635,Design Log Storage System,https://leetcode.com/problems/design-log-storage-system/description/,"HTTP 404: {""detail"":""Not Found""}"
636,Exclusive Time of Functions,https://leetcode.com/problems/exclusive-time-of-functions/description/,"HTTP 404: {""detail"":""Not Found""}"
637,Average of Levels in Binary Tree,https://leetcode.com/problems/average-of-levels-in-binary-tree/description/,"HTTP 404: {""detail"":""Not Found""}"
638,Shopping Offers,https://leetcode.com/problems/shopping-offers/description/,"HTTP 404: {""detail"":""Not Found""}"
639,Decode Ways II,https://leetcode.com/problems/decode-ways-ii/description/,"HTTP 404: {""detail"":""Not Found""}"
640,Solve the Equation,https://leetcode.com/problems/solve-the-equation/description/,"HTTP 404: {""detail"":""Not Found""}"
641,Design Circular Deque,https://leetcode.com/problems/design-circular-deque/description/,"HTTP 404: {""detail"":""Not Found""}"
642,Design Search Autocomplete System,https://leetcode.com/problems/design-search-autocomplete-system/description/,"HTTP 404: {""detail"":""Not Found""}"
643,Maximum Average Subarray I,https://leetcode.com/problems/maximum-average-subarray-i/description/,"HTTP 404: {""detail"":""Not Found""}"
644,Maximum Average Subarray II,https://leetcode.com/problems/maximum-average-subarray-ii/description/,"HTTP 404: {""detail"":""Not Found""}"
645,Set Mismatch,https://leetcode.com/problems/set-mismatch/description/,"HTTP 404: {""detail"":""Not Found""}"
646,Maximum Length of Pair Chain,https://leetcode.com/problems/maximum-length-of-pair-chain/description/,"HTTP 404: {""detail"":""Not Found""}"
647,Palindromic Substrings,https://leetcode.com/problems/palindromic-substrings/description/,"HTTP 404: {""detail"":""Not Found""}"
648,Replace Words,https://leetcode.com/problems/replace-words/description/,"HTTP 404: {""detail"":""Not Found""}"
649,Dota2 Senate,https://leetcode.com/problems/dota2-senate/description/,"HTTP 404: {""detail"":""Not Found""}"
650,2 Keys Keyboard,https://leetcode.com/problems/2-keys-keyboard/description/,"HTTP 404: {""detail"":""Not Found""}"
651,4 Keys Keyboard,https://leetcode.com/problems/4-keys-keyboard/description/,"HTTP 404: {""detail"":""Not Found""}"
652,Find Duplicate Subtrees,https://leetcode.com/problems/find-duplicate-subtrees/description/,"HTTP 404: {""detail"":""Not Found""}"
653,Two Sum IV - Input is a BST,https://leetcode.com/problems/two-sum-iv-input-is-a-bst/description/,"HTTP 404: {""detail"":""Not Found""}"
654,Maximum Binary Tree,https://leetcode.com/problems/maximum-binary-tree/description/,"HTTP 404: {""detail"":""Not Found""}"
655,Print Binary Tree,https://leetcode.com/problems/print-binary-tree/description/,"HTTP 404: {""detail"":""Not Found""}"
656,Coin Path,https://leetcode.com/problems/coin-path/description/,"HTTP 404: {""detail"":""Not Found""}"
657,Robot Return to Origin,https://leetcode.com/problems/robot-return-to-origin/description/,"HTTP 404: {""detail"":""Not Found""}"
658,Find K Closest Elements,https://leetcode.com/problems/find-k-closest-elements/description/,"HTTP 404: {""detail"":""Not Found""}"
659,Split Array into Consecutive Subsequences,https://leetcode.com/problems/split-array-into-consecutive-subsequences/description/,"HTTP 404: {""detail"":""Not Found""}"
660,Remove 9,https://leetcode.com/problems/remove-9/description/,"HTTP 404: {""detail"":""Not Found""}"
661,Image Smoother,https://leetcode.com/problems/image-smoother/description/,"HTTP 404: {""detail"":""Not Found""}"
662,Maximum Width of Binary Tree,https://leetcode.com/problems/maximum-width-of-binary-tree/description/,"HTTP 404: {""detail"":""Not Found""}"
663,Equal Tree Partition,https://leetcode.com/problems/equal-tree-partition/description/,"HTTP 404: {""detail"":""Not Found""}"
664,Strange Printer,https://leetcode.com/problems/strange-printer/description/,"HTTP 404: {""detail"":""Not Found""}"
665,Non-decreasing Array,https://leetcode.com/problems/non-decreasing-array/description/,"HTTP 404: {""detail"":""Not Found""}"
666,Path Sum IV,https://leetcode.com/problems/path-sum-iv/description/,"HTTP 404: {""detail"":""Not Found""}"
667,Beautiful Arrangement II,https://leetcode.com/problems/beautiful-arrangement-ii/description/,"HTTP 404: {""detail"":""Not Found""}"
668,Kth Smallest Number in Multiplication Table,https://leetcode.com/problems/kth-smallest-number-in-multiplication-table/description/,"HTTP 404: {""detail"":""Not Found""}"
669,Trim a Binary Search Tree,https://leetcode.com/problems/trim-a-binary-search-tree/description/,"HTTP 404: {""detail"":""Not Found""}"
670,Maximum Swap,https://leetcode.com/problems/maximum-swap/description/,"HTTP 404: {""detail"":""Not Found""}"
671,Second Minimum Node In a Binary Tree,https://leetcode.com/problems/second-minimum-node-in-a-binary-tree/description/,"HTTP 404: {""detail"":""Not Found""}"
672,Bulb Switcher II,https://leetcode.com/problems/bulb-switcher-ii/description/,"HTTP 404: {""detail"":""Not Found""}"
673,Number of Longest Increasing Subsequence,https://leetcode.com/problems/number-of-longest-increasing-subsequence/description/,"HTTP 404: {""detail"":""Not Found""}"
674,Longest Continuous Increasing Subsequence,https://leetcode.com/problems/longest-continuous-increasing-subsequence/description/,"HTTP 404: {""detail"":""Not Found""}"
675,Cut Off Trees for Golf Event,https://leetcode.com/problems/cut-off-trees-for-golf-event/description/,"HTTP 404: {""detail"":""Not Found""}"
676,Implement Magic Dictionary,https://leetcode.com/problems/implement-magic-dictionary/description/,"HTTP 404: {""detail"":""Not Found""}"
677,Map Sum Pairs,https://leetcode.com/problems/map-sum-pairs/description/,"HTTP 404: {""detail"":""Not Found""}"
678,Valid Parenthesis String,https://leetcode.com/problems/valid-parenthesis-string/description/,"HTTP 404: {""detail"":""Not Found""}"
679,24 Game,https://leetcode.com/problems/24-game/description/,"HTTP 404: {""detail"":""Not Found""}"
680,Valid Palindrome II,https://leetcode.com/problems/valid-palindrome-ii/description/,"HTTP 404: {""detail"":""Not Found""}"
681,Next Closest Time,https://leetcode.com/problems/next-closest-time/description/,"HTTP 404: {""detail"":""Not Found""}"
682,Baseball Game,https://leetcode.com/problems/baseball-game/description/,"HTTP 404: {""detail"":""Not Found""}"
683,K Empty Slots,https://leetcode.com/problems/k-empty-slots/description/,"HTTP 404: {""detail"":""Not Found""}"
684,Redundant Connection,https://leetcode.com/problems/redundant-connection/description/,"HTTP 404: {""detail"":""Not Found""}"
685,Redundant Connection II,https://leetcode.com/problems/redundant-connection-ii/description/,"HTTP 404: {""detail"":""Not Found""}"
686,Repeated String Match,https://leetcode.com/problems/repeated-string-match/description/,"HTTP 404: {""detail"":""Not Found""}"
687,Longest Univalue Path,https://leetcode.com/problems/longest-univalue-path/description/,"HTTP 404: {""detail"":""Not Found""}"
688,Knight Probability in Chessboard,https://leetcode.com/problems/knight-probability-in-chessboard/description/,"HTTP 404: {""detail"":""Not Found""}"
689,Maximum Sum of 3 Non-Overlapping Subarrays,https://leetcode.com/problems/maximum-sum-of-3-non-overlapping-subarrays/description/,"HTTP 404: {""detail"":""Not Found""}"
690,Employee Importance,https://leetcode.com/problems/employee-importance/description/,"HTTP 404: {""detail"":""Not Found""}"
691,Stickers to Spell Word,https://leetcode.com/problems/stickers-to-spell-word/description/,"HTTP 404: {""detail"":""Not Found""}"
692,Top K Frequent Words,https://leetcode.com/problems/top-k-frequent-words/description/,"HTTP 404: {""detail"":""Not Found""}"
693,Binary Number with Alternating Bits,https://leetcode.com/problems/binary-number-with-alternating-bits/description/,"HTTP 404: {""detail"":""Not Found""}"
694,Number of Distinct Islands,https://leetcode.com/problems/number-of-distinct-islands/description/,"HTTP 404: {""detail"":""Not Found""}"
695,Max Area of Island,https://leetcode.com/problems/max-area-of-island/description/,"HTTP 404: {""detail"":""Not Found""}"
696,Count Binary Substrings,https://leetcode.com/problems/count-binary-substrings/description/,"HTTP 404: {""detail"":""Not Found""}"
697,Degree of an Array,https://leetcode.com/problems/degree-of-an-array/description/,"HTTP 404: {""detail"":""Not Found""}"
698,Partition to K Equal Sum Subsets,https://leetcode.com/problems/partition-to-k-equal-sum-subsets/description/,"HTTP 404: {""detail"":""Not Found""}"
699,Falling Squares,https://leetcode.com/problems/falling-squares/description/,"HTTP 404: {""detail"":""Not Found""}"
700,Search in a Binary Search Tree,https://leetcode.com/problems/search-in-a-binary-search-tree/description/,"HTTP 404: {""detail"":""Not Found""}"
701,Insert into a Binary Search Tree,https://leetcode.com/problems/insert-into-a-binary-search-tree/description/,"HTTP 404: {""detail"":""Not Found""}"
702,Search in a Sorted Array of Unknown Size,https://leetcode.com/problems/search-in-a-sorted-array-of-unknown-size/description/,"HTTP 404: {""detail"":""Not Found""}"
703,Kth Largest Element in a Stream,https://leetcode.com/problems/kth-largest-element-in-a-stream/description/,"HTTP 404: {""detail"":""Not Found""}"
704,Binary Search,https://leetcode.com/problems/binary-search/description/,"HTTP 404: {""detail"":""Not Found""}"
705,Design HashSet,https://leetcode.com/problems/design-hashset/description/,"HTTP 404: {""detail"":""Not Found""}"
706,Design HashMap,https://leetcode.com/problems/design-hashmap/description/,"HTTP 404: {""detail"":""Not Found""}"
707,Design Linked List,https://leetcode.com/problems/design-linked-list/description/,"HTTP 404: {""detail"":""Not Found""}"
708,Insert into a Sorted Circular Linked List,https://leetcode.com/problems/insert-into-a-sorted-circular-linked-list/description/,"HTTP 404: {""detail"":""Not Found""}"
709,To Lower Case,https://leetcode.com/problems/to-lower-case/description/,"HTTP 404: {""detail"":""Not Found""}"
710,Random Pick with Blacklist,https://leetcode.com/problems/random-pick-with-blacklist/description/,"HTTP 404: {""detail"":""Not Found""}"
711,Number of Distinct Islands II,https://leetcode.com/problems/number-of-distinct-islands-ii/description/,"HTTP 404: {""detail"":""Not Found""}"
712,Minimum ASCII Delete Sum for Two Strings,https://leetcode.com/problems/minimum-ascii-delete-sum-for-two-strings/description/,"HTTP 404: {""detail"":""Not Found""}"
713,Subarray Product Less Than K,https://leetcode.com/problems/subarray-product-less-than-k/description/,"HTTP 404: {""detail"":""Not Found""}"
714,Best Time to Buy and Sell Stock with Transaction Fee,https://leetcode.com/problems/best-time-to-buy-and-sell-stock-with-transaction-fee/description/,"HTTP 404: {""detail"":""Not Found""}"
715,Range Module,https://leetcode.com/problems/range-module/description/,"HTTP 404: {""detail"":""Not Found""}"
716,Max Stack,https://leetcode.com/problems/max-stack/description/,"HTTP 404: {""detail"":""Not Found""}"
717,1-bit and 2-bit Characters,https://leetcode.com/problems/1-bit-and-2-bit-characters/description/,"HTTP 404: {""detail"":""Not Found""}"
718,Maximum Length of Repeated Subarray,https://leetcode.com/problems/maximum-length-of-repeated-subarray/description/,"HTTP 404: {""detail"":""Not Found""}"
719,Find K-th Smallest Pair Distance,https://leetcode.com/problems/find-k-th-smallest-pair-distance/description/,"HTTP 404: {""detail"":""Not Found""}"
720,Longest Word in Dictionary,https://leetcode.com/problems/longest-word-in-dictionary/description/,"HTTP 404: {""detail"":""Not Found""}"
721,Accounts Merge,https://leetcode.com/problems/accounts-merge/description/,"HTTP 404: {""detail"":""Not Found""}"
722,Remove Comments,https://leetcode.com/problems/remove-comments/description/,"HTTP 404: {""detail"":""Not Found""}"
723,Candy Crush,https://leetcode.com/problems/candy-crush/description/,"HTTP 404: {""detail"":""Not Found""}"
724,Find Pivot Index,https://leetcode.com/problems/find-pivot-index/description/,"HTTP 404: {""detail"":""Not Found""}"
725,Split Linked List in Parts,https://leetcode.com/problems/split-linked-list-in-parts/description/,"HTTP 404: {""detail"":""Not Found""}"
726,Number of Atoms,https://leetcode.com/problems/number-of-atoms/description/,"HTTP 404: {""detail"":""Not Found""}"
727,Minimum Window Subsequence,https://leetcode.com/problems/minimum-window-subsequence/description/,"HTTP 404: {""detail"":""Not Found""}"
728,Self Dividing Numbers,https://leetcode.com/problems/self-dividing-numbers/description/,"HTTP 404: {""detail"":""Not Found""}"
729,My Calendar I,https://leetcode.com/problems/my-calendar-i/description/,"HTTP 404: {""detail"":""Not Found""}"
730,Count Different Palindromic Subsequences,https://leetcode.com/problems/count-different-palindromic-subsequences/description/,"HTTP 404: {""detail"":""Not Found""}"
731,My Calendar II,https://leetcode.com/problems/my-calendar-ii/description/,"HTTP 404: {""detail"":""Not Found""}"
732,My Calendar III,https://leetcode.com/problems/my-calendar-iii/description/,"HTTP 404: {""detail"":""Not Found""}"
733,Flood Fill,https://leetcode.com/problems/flood-fill/description/,"HTTP 404: {""detail"":""Not Found""}"
734,Sentence Similarity,https://leetcode.com/problems/sentence-similarity/description/,"HTTP 404: {""detail"":""Not Found""}"
735,Asteroid Collision,https://leetcode.com/problems/asteroid-collision/description/,"HTTP 404: {""detail"":""Not Found""}"
736,Parse Lisp Expression,https://leetcode.com/problems/parse-lisp-expression/description/,"HTTP 404: {""detail"":""Not Found""}"
737,Sentence Similarity II,https://leetcode.com/problems/sentence-similarity-ii/description/,"HTTP 404: {""detail"":""Not Found""}"
738,Monotone Increasing Digits,https://leetcode.com/problems/monotone-increasing-digits/description/,"HTTP 404: {""detail"":""Not Found""}"
739,Daily Temperatures,https://leetcode.com/problems/daily-temperatures/description/,"HTTP 404: {""detail"":""Not Found""}"
740,Delete and Earn,https://leetcode.com/problems/delete-and-earn/description/,"HTTP 404: {""detail"":""Not Found""}"
741,Cherry Pickup,https://leetcode.com/problems/cherry-pickup/description/,"HTTP 404: {""detail"":""Not Found""}"
742,Closest Leaf in a Binary Tree,https://leetcode.com/problems/closest-leaf-in-a-binary-tree/description/,"HTTP 404: {""detail"":""Not Found""}"
743,Network Delay Time,https://leetcode.com/problems/network-delay-time/description/,"HTTP 404: {""detail"":""Not Found""}"
744,Find Smallest Letter Greater Than Target,https://leetcode.com/problems/find-smallest-letter-greater-than-target/description/,"HTTP 404: {""detail"":""Not Found""}"
745,Prefix and Suffix Search,https://leetcode.com/problems/prefix-and-suffix-search/description/,"HTTP 404: {""detail"":""Not Found""}"
746,Min Cost Climbing Stairs,https://leetcode.com/problems/min-cost-climbing-stairs/description/,"HTTP 404: {""detail"":""Not Found""}"
747,Largest Number At Least Twice of Others,https://leetcode.com/problems/largest-number-at-least-twice-of-others/description/,"HTTP 404: {""detail"":""Not Found""}"
748,Shortest Completing Word,https://leetcode.com/problems/shortest-completing-word/description/,"HTTP 404: {""detail"":""Not Found""}"
749,Contain Virus,https://leetcode.com/problems/contain-virus/description/,"HTTP 404: {""detail"":""Not Found""}"
750,Number Of Corner Rectangles,https://leetcode.com/problems/number-of-corner-rectangles/description/,"HTTP 404: {""detail"":""Not Found""}"
751,IP to CIDR,https://leetcode.com/problems/ip-to-cidr/description/,"HTTP 404: {""detail"":""Not Found""}"
752,Open the Lock,https://leetcode.com/problems/open-the-lock/description/,"HTTP 404: {""detail"":""Not Found""}"
753,Cracking the Safe,https://leetcode.com/problems/cracking-the-safe/description/,"HTTP 404: {""detail"":""Not Found""}"
754,Reach a Number,https://leetcode.com/problems/reach-a-number/description/,"HTTP 404: {""detail"":""Not Found""}"
755,Pour Water,https://leetcode.com/problems/pour-water/description/,"HTTP 404: {""detail"":""Not Found""}"
756,Pyramid Transition Matrix,https://leetcode.com/problems/pyramid-transition-matrix/description/,"HTTP 404: {""detail"":""Not Found""}"
757,Set Intersection Size At Least Two,https://leetcode.com/problems/set-intersection-size-at-least-two/description/,"HTTP 404: {""detail"":""Not Found""}"
758,Bold Words in String,https://leetcode.com/problems/bold-words-in-string/description/,"HTTP 404: {""detail"":""Not Found""}"
759,Employee Free Time,https://leetcode.com/problems/employee-free-time/description/,"HTTP 404: {""detail"":""Not Found""}"
760,Find Anagram Mappings,https://leetcode.com/problems/find-anagram-mappings/description/,"HTTP 404: {""detail"":""Not Found""}"
761,Special Binary String,https://leetcode.com/problems/special-binary-string/description/,"HTTP 404: {""detail"":""Not Found""}"
762,Prime Number of Set Bits in Binary Representation,https://leetcode.com/problems/prime-number-of-set-bits-in-binary-representation/description/,"HTTP 404: {""detail"":""Not Found""}"
763,Partition Labels,https://leetcode.com/problems/partition-labels/description/,"HTTP 404: {""detail"":""Not Found""}"
764,Largest Plus Sign,https://leetcode.com/problems/largest-plus-sign/description/,"HTTP 404: {""detail"":""Not Found""}"
765,Couples Holding Hands,https://leetcode.com/problems/couples-holding-hands/description/,"HTTP 404: {""detail"":""Not Found""}"
766,Toeplitz Matrix,https://leetcode.com/problems/toeplitz-matrix/description/,"HTTP 404: {""detail"":""Not Found""}"
767,Reorganize String,https://leetcode.com/problems/reorganize-string/description/,"HTTP 404: {""detail"":""Not Found""}"
768,Max Chunks To Make Sorted II,https://leetcode.com/problems/max-chunks-to-make-sorted-ii/description/,"HTTP 404: {""detail"":""Not Found""}"
769,Max Chunks To Make Sorted,https://leetcode.com/problems/max-chunks-to-make-sorted/description/,"HTTP 404: {""detail"":""Not Found""}"
770,Basic Calculator IV,https://leetcode.com/problems/basic-calculator-iv/description/,"HTTP 404: {""detail"":""Not Found""}"
771,Jewels and Stones,https://leetcode.com/problems/jewels-and-stones/description/,"HTTP 404: {""detail"":""Not Found""}"
772,Basic Calculator III,https://leetcode.com/problems/basic-calculator-iii/description/,"HTTP 404: {""detail"":""Not Found""}"
773,Sliding Puzzle,https://leetcode.com/problems/sliding-puzzle/description/,"HTTP 404: {""detail"":""Not Found""}"
774,Minimize Max Distance to Gas Station,https://leetcode.com/problems/minimize-max-distance-to-gas-station/description/,"HTTP 404: {""detail"":""Not Found""}"
775,Global and Local Inversions,https://leetcode.com/problems/global-and-local-inversions/description/,"HTTP 404: {""detail"":""Not Found""}"
776,Split BST,https://leetcode.com/problems/split-bst/description/,"HTTP 404: {""detail"":""Not Found""}"
777,Swap Adjacent in LR String,https://leetcode.com/problems/swap-adjacent-in-lr-string/description/,"HTTP 404: {""detail"":""Not Found""}"
778,Swim in Rising Water,https://leetcode.com/problems/swim-in-rising-water/description/,"HTTP 404: {""detail"":""Not Found""}"
779,K-th Symbol in Grammar,https://leetcode.com/problems/k-th-symbol-in-grammar/description/,"HTTP 404: {""detail"":""Not Found""}"
780,Reaching Points,https://leetcode.com/problems/reaching-points/description/,"HTTP 404: {""detail"":""Not Found""}"
781,Rabbits in Forest,https://leetcode.com/problems/rabbits-in-forest/description/,"HTTP 404: {""detail"":""Not Found""}"
782,Transform to Chessboard,https://leetcode.com/problems/transform-to-chessboard/description/,"HTTP 404: {""detail"":""Not Found""}"
783,Minimum Distance Between BST Nodes,https://leetcode.com/problems/minimum-distance-between-bst-nodes/description/,"HTTP 404: {""detail"":""Not Found""}"
784,Letter Case Permutation,https://leetcode.com/problems/letter-case-permutation/description/,"HTTP 404: {""detail"":""Not Found""}"
785,Is Graph Bipartite?,https://leetcode.com/problems/is-graph-bipartite/description/,"HTTP 404: {""detail"":""Not Found""}"
786,K-th Smallest Prime Fraction,https://leetcode.com/problems/k-th-smallest-prime-fraction/description/,"HTTP 404: {""detail"":""Not Found""}"
787,Cheapest Flights Within K Stops,https://leetcode.com/problems/cheapest-flights-within-k-stops/description/,"HTTP 404: {""detail"":""Not Found""}"
788,Rotated Digits,https://leetcode.com/problems/rotated-digits/description/,"HTTP 404: {""detail"":""Not Found""}"
789,Escape The Ghosts,https://leetcode.com/problems/escape-the-ghosts/description/,"HTTP 404: {""detail"":""Not Found""}"
790,Domino and Tromino Tiling,https://leetcode.com/problems/domino-and-tromino-tiling/description/,"HTTP 404: {""detail"":""Not Found""}"
791,Custom Sort String,https://leetcode.com/problems/custom-sort-string/description/,"HTTP 404: {""detail"":""Not Found""}"
792,Number of Matching Subsequences,https://leetcode.com/problems/number-of-matching-subsequences/description/,"HTTP 404: {""detail"":""Not Found""}"
793,Preimage Size of Factorial Zeroes Function,https://leetcode.com/problems/preimage-size-of-factorial-zeroes-function/description/,"HTTP 404: {""detail"":""Not Found""}"
794,Valid Tic-Tac-Toe State,https://leetcode.com/problems/valid-tic-tac-toe-state/description/,"HTTP 404: {""detail"":""Not Found""}"
795,Number of Subarrays with Bounded Maximum,https://leetcode.com/problems/number-of-subarrays-with-bounded-maximum/description/,"HTTP 404: {""detail"":""Not Found""}"
796,Rotate String,https://leetcode.com/problems/rotate-string/description/,"HTTP 404: {""detail"":""Not Found""}"
797,All Paths From Source to Target,https://leetcode.com/problems/all-paths-from-source-to-target/description/,"HTTP 404: {""detail"":""Not Found""}"
798,Smallest Rotation with Highest Score,https://leetcode.com/problems/smallest-rotation-with-highest-score/description/,"HTTP 404: {""detail"":""Not Found""}"
799,Champagne Tower,https://leetcode.com/problems/champagne-tower/description/,"HTTP 404: {""detail"":""Not Found""}"
800,Similar RGB Color,https://leetcode.com/problems/similar-rgb-color/description/,"HTTP 404: {""detail"":""Not Found""}"
801,Minimum Swaps To Make Sequences Increasing,https://leetcode.com/problems/minimum-swaps-to-make-sequences-increasing/description/,"HTTP 404: {""detail"":""Not Found""}"
802,Find Eventual Safe States,https://leetcode.com/problems/find-eventual-safe-states/description/,"HTTP 404: {""detail"":""Not Found""}"
803,Bricks Falling When Hit,https://leetcode.com/problems/bricks-falling-when-hit/description/,"HTTP 404: {""detail"":""Not Found""}"
804,Unique Morse Code Words,https://leetcode.com/problems/unique-morse-code-words/description/,"HTTP 404: {""detail"":""Not Found""}"
805,Split Array With Same Average,https://leetcode.com/problems/split-array-with-same-average/description/,"HTTP 404: {""detail"":""Not Found""}"
806,Number of Lines To Write String,https://leetcode.com/problems/number-of-lines-to-write-string/description/,"HTTP 404: {""detail"":""Not Found""}"
807,Max Increase to Keep City Skyline,https://leetcode.com/problems/max-increase-to-keep-city-skyline/description/,"HTTP 404: {""detail"":""Not Found""}"
808,Soup Servings,https://leetcode.com/problems/soup-servings/description/,"HTTP 404: {""detail"":""Not Found""}"
809,Expressive Words,https://leetcode.com/problems/expressive-words/description/,"HTTP 404: {""detail"":""Not Found""}"
810,Chalkboard XOR Game,https://leetcode.com/problems/chalkboard-xor-game/description/,"HTTP 404: {""detail"":""Not Found""}"
811,Subdomain Visit Count,https://leetcode.com/problems/subdomain-visit-count/description/,"HTTP 404: {""detail"":""Not Found""}"
812,Largest Triangle Area,https://leetcode.com/problems/largest-triangle-area/description/,"HTTP 404: {""detail"":""Not Found""}"
813,Largest Sum of Averages,https://leetcode.com/problems/largest-sum-of-averages/description/,"HTTP 404: {""detail"":""Not Found""}"
814,Binary Tree Pruning,https://leetcode.com/problems/binary-tree-pruning/description/,"HTTP 404: {""detail"":""Not Found""}"
815,Bus Routes,https://leetcode.com/problems/bus-routes/description/,"HTTP 404: {""detail"":""Not Found""}"
816,Ambiguous Coordinates,https://leetcode.com/problems/ambiguous-coordinates/description/,"HTTP 404: {""detail"":""Not Found""}"
817,Linked List Components,https://leetcode.com/problems/linked-list-components/description/,"HTTP 404: {""detail"":""Not Found""}"
818,Race Car,https://leetcode.com/problems/race-car/description/,"HTTP 404: {""detail"":""Not Found""}"
819,Most Common Word,https://leetcode.com/problems/most-common-word/description/,"HTTP 404: {""detail"":""Not Found""}"
820,Short Encoding of Words,https://leetcode.com/problems/short-encoding-of-words/description/,"HTTP 404: {""detail"":""Not Found""}"
821,Shortest Distance to a Character,https://leetcode.com/problems/shortest-distance-to-a-character/description/,"HTTP 404: {""detail"":""Not Found""}"
822,Card Flipping Game,https://leetcode.com/problems/card-flipping-game/description/,"HTTP 404: {""detail"":""Not Found""}"
823,Binary Trees With Factors,https://leetcode.com/problems/binary-trees-with-factors/description/,"HTTP 404: {""detail"":""Not Found""}"
824,Goat Latin,https://leetcode.com/problems/goat-latin/description/,"HTTP 404: {""detail"":""Not Found""}"
825,Friends Of Appropriate Ages,https://leetcode.com/problems/friends-of-appropriate-ages/description/,"HTTP 404: {""detail"":""Not Found""}"
826,Most Profit Assigning Work,https://leetcode.com/problems/most-profit-assigning-work/description/,"HTTP 404: {""detail"":""Not Found""}"
827,Making A Large Island,https://leetcode.com/problems/making-a-large-island/description/,"HTTP 404: {""detail"":""Not Found""}"
828,Count Unique Characters of All Substrings of a Given String,https://leetcode.com/problems/count-unique-characters-of-all-substrings-of-a-given-string/description/,"HTTP 404: {""detail"":""Not Found""}"
829,Consecutive Numbers Sum,https://leetcode.com/problems/consecutive-numbers-sum/description/,"HTTP 404: {""detail"":""Not Found""}"
830,Positions of Large Groups,https://leetcode.com/problems/positions-of-large-groups/description/,"HTTP 404: {""detail"":""Not Found""}"
831,Masking Personal Information,https://leetcode.com/problems/masking-personal-information/description/,"HTTP 404: {""detail"":""Not Found""}"
832,Flipping an Image,https://leetcode.com/problems/flipping-an-image/description/,"HTTP 404: {""detail"":""Not Found""}"
833,Find And Replace in String,https://leetcode.com/problems/find-and-replace-in-string/description/,"HTTP 404: {""detail"":""Not Found""}"
834,Sum of Distances in Tree,https://leetcode.com/problems/sum-of-distances-in-tree/description/,"HTTP 404: {""detail"":""Not Found""}"
835,Image Overlap,https://leetcode.com/problems/image-overlap/description/,"HTTP 404: {""detail"":""Not Found""}"
836,Rectangle Overlap,https://leetcode.com/problems/rectangle-overlap/description/,"HTTP 404: {""detail"":""Not Found""}"
837,New 21 Game,https://leetcode.com/problems/new-21-game/description/,"HTTP 404: {""detail"":""Not Found""}"
838,Push Dominoes,https://leetcode.com/problems/push-dominoes/description/,"HTTP 404: {""detail"":""Not Found""}"
839,Similar String Groups,https://leetcode.com/problems/similar-string-groups/description/,"HTTP 404: {""detail"":""Not Found""}"
840,Magic Squares In Grid,https://leetcode.com/problems/magic-squares-in-grid/description/,"HTTP 404: {""detail"":""Not Found""}"
841,Keys and Rooms,https://leetcode.com/problems/keys-and-rooms/description/,"HTTP 404: {""detail"":""Not Found""}"
842,Split Array into Fibonacci Sequence,https://leetcode.com/problems/split-array-into-fibonacci-sequence/description/,"HTTP 404: {""detail"":""Not Found""}"
843,Guess the Word,https://leetcode.com/problems/guess-the-word/description/,"HTTP 404: {""detail"":""Not Found""}"
844,Backspace String Compare,https://leetcode.com/problems/backspace-string-compare/description/,"HTTP 404: {""detail"":""Not Found""}"
845,Longest Mountain in Array,https://leetcode.com/problems/longest-mountain-in-array/description/,"HTTP 404: {""detail"":""Not Found""}"
846,Hand of Straights,https://leetcode.com/problems/hand-of-straights/description/,"HTTP 404: {""detail"":""Not Found""}"
847,Shortest Path Visiting All Nodes,https://leetcode.com/problems/shortest-path-visiting-all-nodes/description/,"HTTP 404: {""detail"":""Not Found""}"
848,Shifting Letters,https://leetcode.com/problems/shifting-letters/description/,"HTTP 404: {""detail"":""Not Found""}"
849,Maximize Distance to Closest Person,https://leetcode.com/problems/maximize-distance-to-closest-person/description/,"HTTP 404: {""detail"":""Not Found""}"
850,Rectangle Area II,https://leetcode.com/problems/rectangle-area-ii/description/,"HTTP 404: {""detail"":""Not Found""}"
851,Loud and Rich,https://leetcode.com/problems/loud-and-rich/description/,"HTTP 404: {""detail"":""Not Found""}"
852,Peak Index in a Mountain Array,https://leetcode.com/problems/peak-index-in-a-mountain-array/description/,"HTTP 404: {""detail"":""Not Found""}"
853,Car Fleet,https://leetcode.com/problems/car-fleet/description/,"HTTP 404: {""detail"":""Not Found""}"
854,K-Similar Strings,https://leetcode.com/problems/k-similar-strings/description/,"HTTP 404: {""detail"":""Not Found""}"
855,Exam Room,https://leetcode.com/problems/exam-room/description/,"HTTP 404: {""detail"":""Not Found""}"
856,Score of Parentheses,https://leetcode.com/problems/score-of-parentheses/description/,"HTTP 404: {""detail"":""Not Found""}"
857,Minimum Cost to Hire K Workers,https://leetcode.com/problems/minimum-cost-to-hire-k-workers/description/,"HTTP 404: {""detail"":""Not Found""}"
858,Mirror Reflection,https://leetcode.com/problems/mirror-reflection/description/,"HTTP 404: {""detail"":""Not Found""}"
859,Buddy Strings,https://leetcode.com/problems/buddy-strings/description/,"HTTP 404: {""detail"":""Not Found""}"
860,Lemonade Change,https://leetcode.com/problems/lemonade-change/description/,"HTTP 404: {""detail"":""Not Found""}"
861,Score After Flipping Matrix,https://leetcode.com/problems/score-after-flipping-matrix/description/,"HTTP 404: {""detail"":""Not Found""}"
862,Shortest Subarray with Sum at Least K,https://leetcode.com/problems/shortest-subarray-with-sum-at-least-k/description/,"HTTP 404: {""detail"":""Not Found""}"
863,All Nodes Distance K in Binary Tree,https://leetcode.com/problems/all-nodes-distance-k-in-binary-tree/description/,"HTTP 404: {""detail"":""Not Found""}"
864,Shortest Path to Get All Keys,https://leetcode.com/problems/shortest-path-to-get-all-keys/description/,"HTTP 404: {""detail"":""Not Found""}"
865,Smallest Subtree with all the Deepest Nodes,https://leetcode.com/problems/smallest-subtree-with-all-the-deepest-nodes/description/,"HTTP 404: {""detail"":""Not Found""}"
866,Prime Palindrome,https://leetcode.com/problems/prime-palindrome/description/,"HTTP 404: {""detail"":""Not Found""}"
867,Transpose Matrix,https://leetcode.com/problems/transpose-matrix/description/,"HTTP 404: {""detail"":""Not Found""}"
868,Binary Gap,https://leetcode.com/problems/binary-gap/description/,"HTTP 404: {""detail"":""Not Found""}"
869,Reordered Power of 2,https://leetcode.com/problems/reordered-power-of-2/description/,"HTTP 404: {""detail"":""Not Found""}"
870,Advantage Shuffle,https://leetcode.com/problems/advantage-shuffle/description/,"HTTP 404: {""detail"":""Not Found""}"
871,Minimum Number of Refueling Stops,https://leetcode.com/problems/minimum-number-of-refueling-stops/description/,"HTTP 404: {""detail"":""Not Found""}"
872,Leaf-Similar Trees,https://leetcode.com/problems/leaf-similar-trees/description/,"HTTP 404: {""detail"":""Not Found""}"
873,Length of Longest Fibonacci Subsequence,https://leetcode.com/problems/length-of-longest-fibonacci-subsequence/description/,"HTTP 404: {""detail"":""Not Found""}"
874,Walking Robot Simulation,https://leetcode.com/problems/walking-robot-simulation/description/,"HTTP 404: {""detail"":""Not Found""}"
875,Koko Eating Bananas,https://leetcode.com/problems/koko-eating-bananas/description/,"HTTP 404: {""detail"":""Not Found""}"
876,Middle of the Linked List,https://leetcode.com/problems/middle-of-the-linked-list/description/,"HTTP 404: {""detail"":""Not Found""}"
877,Stone Game,https://leetcode.com/problems/stone-game/description/,"HTTP 404: {""detail"":""Not Found""}"
878,Nth Magical Number,https://leetcode.com/problems/nth-magical-number/description/,"HTTP 404: {""detail"":""Not Found""}"
879,Profitable Schemes,https://leetcode.com/problems/profitable-schemes/description/,"HTTP 404: {""detail"":""Not Found""}"
880,Decoded String at Index,https://leetcode.com/problems/decoded-string-at-index/description/,"HTTP 404: {""detail"":""Not Found""}"
881,Boats to Save People,https://leetcode.com/problems/boats-to-save-people/description/,"HTTP 404: {""detail"":""Not Found""}"
882,Reachable Nodes In Subdivided Graph,https://leetcode.com/problems/reachable-nodes-in-subdivided-graph/description/,"HTTP 404: {""detail"":""Not Found""}"
883,Projection Area of 3D Shapes,https://leetcode.com/problems/projection-area-of-3d-shapes/description/,"HTTP 404: {""detail"":""Not Found""}"
884,Uncommon Words from Two Sentences,https://leetcode.com/problems/uncommon-words-from-two-sentences/description/,"HTTP 404: {""detail"":""Not Found""}"
885,Spiral Matrix III,https://leetcode.com/problems/spiral-matrix-iii/description/,"HTTP 404: {""detail"":""Not Found""}"
886,Possible Bipartition,https://leetcode.com/problems/possible-bipartition/description/,"HTTP 404: {""detail"":""Not Found""}"
887,Super Egg Drop,https://leetcode.com/problems/super-egg-drop/description/,"HTTP 404: {""detail"":""Not Found""}"
888,Fair Candy Swap,https://leetcode.com/problems/fair-candy-swap/description/,"HTTP 404: {""detail"":""Not Found""}"
889,Construct Binary Tree from Preorder and Postorder Traversal,https://leetcode.com/problems/construct-binary-tree-from-preorder-and-postorder-traversal/description/,"HTTP 404: {""detail"":""Not Found""}"
890,Find and Replace Pattern,https://leetcode.com/problems/find-and-replace-pattern/description/,"HTTP 404: {""detail"":""Not Found""}"
891,Sum of Subsequence Widths,https://leetcode.com/problems/sum-of-subsequence-widths/description/,"HTTP 404: {""detail"":""Not Found""}"
892,Surface Area of 3D Shapes,https://leetcode.com/problems/surface-area-of-3d-shapes/description/,"HTTP 404: {""detail"":""Not Found""}"
893,Groups of Special-Equivalent Strings,https://leetcode.com/problems/groups-of-special-equivalent-strings/description/,"HTTP 404: {""detail"":""Not Found""}"
894,All Possible Full Binary Trees,https://leetcode.com/problems/all-possible-full-binary-trees/description/,"HTTP 404: {""detail"":""Not Found""}"
895,Maximum Frequency Stack,https://leetcode.com/problems/maximum-frequency-stack/description/,"HTTP 404: {""detail"":""Not Found""}"
896,Monotonic Array,https://leetcode.com/problems/monotonic-array/description/,"HTTP 404: {""detail"":""Not Found""}"
897,Increasing Order Search Tree,https://leetcode.com/problems/increasing-order-search-tree/description/,"HTTP 404: {""detail"":""Not Found""}"
898,Bitwise ORs of Subarrays,https://leetcode.com/problems/bitwise-ors-of-subarrays/description/,"HTTP 404: {""detail"":""Not Found""}"
899,Orderly Queue,https://leetcode.com/problems/orderly-queue/description/,"HTTP 404: {""detail"":""Not Found""}"
900,RLE Iterator,https://leetcode.com/problems/rle-iterator/description/,"HTTP 404: {""detail"":""Not Found""}"
901,Online Stock Span,https://leetcode.com/problems/online-stock-span/description/,"HTTP 404: {""detail"":""Not Found""}"
902,Numbers At Most N Given Digit Set,https://leetcode.com/problems/numbers-at-most-n-given-digit-set/description/,"HTTP 404: {""detail"":""Not Found""}"
903,Valid Permutations for DI Sequence,https://leetcode.com/problems/valid-permutations-for-di-sequence/description/,"HTTP 404: {""detail"":""Not Found""}"
904,Fruit Into Baskets,https://leetcode.com/problems/fruit-into-baskets/description/,"HTTP 404: {""detail"":""Not Found""}"
905,Sort Array By Parity,https://leetcode.com/problems/sort-array-by-parity/description/,"HTTP 404: {""detail"":""Not Found""}"
906,Super Palindromes,https://leetcode.com/problems/super-palindromes/description/,"HTTP 404: {""detail"":""Not Found""}"
907,Sum of Subarray Minimums,https://leetcode.com/problems/sum-of-subarray-minimums/description/,"HTTP 404: {""detail"":""Not Found""}"
908,Smallest Range I,https://leetcode.com/problems/smallest-range-i/description/,"HTTP 404: {""detail"":""Not Found""}"
909,Snakes and Ladders,https://leetcode.com/problems/snakes-and-ladders/description/,"HTTP 404: {""detail"":""Not Found""}"
910,Smallest Range II,https://leetcode.com/problems/smallest-range-ii/description/,"HTTP 404: {""detail"":""Not Found""}"
911,Online Election,https://leetcode.com/problems/online-election/description/,"HTTP 404: {""detail"":""Not Found""}"
912,Sort an Array,https://leetcode.com/problems/sort-an-array/description/,"HTTP 404: {""detail"":""Not Found""}"
913,Cat and Mouse,https://leetcode.com/problems/cat-and-mouse/description/,"HTTP 404: {""detail"":""Not Found""}"
914,X of a Kind in a Deck of Cards,https://leetcode.com/problems/x-of-a-kind-in-a-deck-of-cards/description/,"HTTP 404: {""detail"":""Not Found""}"
915,Partition Array into Disjoint Intervals,https://leetcode.com/problems/partition-array-into-disjoint-intervals/description/,"HTTP 404: {""detail"":""Not Found""}"
916,Word Subsets,https://leetcode.com/problems/word-subsets/description/,"HTTP 404: {""detail"":""Not Found""}"
917,Reverse Only Letters,https://leetcode.com/problems/reverse-only-letters/description/,"HTTP 404: {""detail"":""Not Found""}"
918,Maximum Sum Circular Subarray,https://leetcode.com/problems/maximum-sum-circular-subarray/description/,"HTTP 404: {""detail"":""Not Found""}"
919,Complete Binary Tree Inserter,https://leetcode.com/problems/complete-binary-tree-inserter/description/,"HTTP 404: {""detail"":""Not Found""}"
920,Number of Music Playlists,https://leetcode.com/problems/number-of-music-playlists/description/,"HTTP 404: {""detail"":""Not Found""}"
921,Minimum Add to Make Parentheses Valid,https://leetcode.com/problems/minimum-add-to-make-parentheses-valid/description/,"HTTP 404: {""detail"":""Not Found""}"
922,Sort Array By Parity II,https://leetcode.com/problems/sort-array-by-parity-ii/description/,"HTTP 404: {""detail"":""Not Found""}"
923,3Sum With Multiplicity,https://leetcode.com/problems/3sum-with-multiplicity/description/,"HTTP 404: {""detail"":""Not Found""}"
924,Minimize Malware Spread,https://leetcode.com/problems/minimize-malware-spread/description/,"HTTP 404: {""detail"":""Not Found""}"
925,Long Pressed Name,https://leetcode.com/problems/long-pressed-name/description/,"HTTP 404: {""detail"":""Not Found""}"
926,Flip String to Monotone Increasing,https://leetcode.com/problems/flip-string-to-monotone-increasing/description/,"HTTP 404: {""detail"":""Not Found""}"
927,Three Equal Parts,https://leetcode.com/problems/three-equal-parts/description/,"HTTP 404: {""detail"":""Not Found""}"
928,Minimize Malware Spread II,https://leetcode.com/problems/minimize-malware-spread-ii/description/,"HTTP 404: {""detail"":""Not Found""}"
929,Unique Email Addresses,https://leetcode.com/problems/unique-email-addresses/description/,"HTTP 404: {""detail"":""Not Found""}"
930,Binary Subarrays With Sum,https://leetcode.com/problems/binary-subarrays-with-sum/description/,"HTTP 404: {""detail"":""Not Found""}"
931,Minimum Falling Path Sum,https://leetcode.com/problems/minimum-falling-path-sum/description/,"HTTP 404: {""detail"":""Not Found""}"
932,Beautiful Array,https://leetcode.com/problems/beautiful-array/description/,"HTTP 404: {""detail"":""Not Found""}"
933,Number of Recent Calls,https://leetcode.com/problems/number-of-recent-calls/description/,"HTTP 404: {""detail"":""Not Found""}"
934,Shortest Bridge,https://leetcode.com/problems/shortest-bridge/description/,"HTTP 404: {""detail"":""Not Found""}"
935,Knight Dialer,https://leetcode.com/problems/knight-dialer/description/,"HTTP 404: {""detail"":""Not Found""}"
936,Stamping The Sequence,https://leetcode.com/problems/stamping-the-sequence/description/,"HTTP 404: {""detail"":""Not Found""}"
937,Reorder Data in Log Files,https://leetcode.com/problems/reorder-data-in-log-files/description/,"HTTP 404: {""detail"":""Not Found""}"
938,Range Sum of BST,https://leetcode.com/problems/range-sum-of-bst/description/,"HTTP 404: {""detail"":""Not Found""}"
939,Minimum Area Rectangle,https://leetcode.com/problems/minimum-area-rectangle/description/,"HTTP 404: {""detail"":""Not Found""}"
940,Distinct Subsequences II,https://leetcode.com/problems/distinct-subsequences-ii/description/,"HTTP 404: {""detail"":""Not Found""}"
941,Valid Mountain Array,https://leetcode.com/problems/valid-mountain-array/description/,"HTTP 404: {""detail"":""Not Found""}"
942,DI String Match,https://leetcode.com/problems/di-string-match/description/,"HTTP 404: {""detail"":""Not Found""}"
943,Find the Shortest Superstring,https://leetcode.com/problems/find-the-shortest-superstring/description/,"HTTP 404: {""detail"":""Not Found""}"
944,Delete Columns to Make Sorted,https://leetcode.com/problems/delete-columns-to-make-sorted/description/,"HTTP 404: {""detail"":""Not Found""}"
945,Minimum Increment to Make Array Unique,https://leetcode.com/problems/minimum-increment-to-make-array-unique/description/,"HTTP 404: {""detail"":""Not Found""}"
946,Validate Stack Sequences,https://leetcode.com/problems/validate-stack-sequences/description/,"HTTP 404: {""detail"":""Not Found""}"
947,Most Stones Removed with Same Row or Column,https://leetcode.com/problems/most-stones-removed-with-same-row-or-column/description/,"HTTP 404: {""detail"":""Not Found""}"
948,Bag of Tokens,https://leetcode.com/problems/bag-of-tokens/description/,"HTTP 404: {""detail"":""Not Found""}"
949,Largest Time for Given Digits,https://leetcode.com/problems/largest-time-for-given-digits/description/,"HTTP 404: {""detail"":""Not Found""}"
950,Reveal Cards In Increasing Order,https://leetcode.com/problems/reveal-cards-in-increasing-order/description/,"HTTP 404: {""detail"":""Not Found""}"
951,Flip Equivalent Binary Trees,https://leetcode.com/problems/flip-equivalent-binary-trees/description/,"HTTP 404: {""detail"":""Not Found""}"
952,Largest Component Size by Common Factor,https://leetcode.com/problems/largest-component-size-by-common-factor/description/,"HTTP 404: {""detail"":""Not Found""}"
953,Verifying an Alien Dictionary,https://leetcode.com/problems/verifying-an-alien-dictionary/description/,"HTTP 404: {""detail"":""Not Found""}"
954,Array of Doubled Pairs,https://leetcode.com/problems/array-of-doubled-pairs/description/,"HTTP 404: {""detail"":""Not Found""}"
955,Delete Columns to Make Sorted II,https://leetcode.com/problems/delete-columns-to-make-sorted-ii/description/,"HTTP 404: {""detail"":""Not Found""}"
956,Tallest Billboard,https://leetcode.com/problems/tallest-billboard/description/,"HTTP 404: {""detail"":""Not Found""}"
957,Prison Cells After N Days,https://leetcode.com/problems/prison-cells-after-n-days/description/,"HTTP 404: {""detail"":""Not Found""}"
958,Check Completeness of a Binary Tree,https://leetcode.com/problems/check-completeness-of-a-binary-tree/description/,"HTTP 404: {""detail"":""Not Found""}"
959,Regions Cut By Slashes,https://leetcode.com/problems/regions-cut-by-slashes/description/,"HTTP 404: {""detail"":""Not Found""}"
960,Delete Columns to Make Sorted III,https://leetcode.com/problems/delete-columns-to-make-sorted-iii/description/,"HTTP 404: {""detail"":""Not Found""}"
961,N-Repeated Element in Size 2N Array,https://leetcode.com/problems/n-repeated-element-in-size-2n-array/description/,"HTTP 404: {""detail"":""Not Found""}"
962,Maximum Width Ramp,https://leetcode.com/problems/maximum-width-ramp/description/,"HTTP 404: {""detail"":""Not Found""}"
963,Minimum Area Rectangle II,https://leetcode.com/problems/minimum-area-rectangle-ii/description/,"HTTP 404: {""detail"":""Not Found""}"
964,Least Operators to Express Number,https://leetcode.com/problems/least-operators-to-express-number/description/,"HTTP 404: {""detail"":""Not Found""}"
965,Univalued Binary Tree,https://leetcode.com/problems/univalued-binary-tree/description/,"HTTP 404: {""detail"":""Not Found""}"
966,Vowel Spellchecker,https://leetcode.com/problems/vowel-spellchecker/description/,"HTTP 404: {""detail"":""Not Found""}"
967,Numbers With Same Consecutive Differences,https://leetcode.com/problems/numbers-with-same-consecutive-differences/description/,"HTTP 404: {""detail"":""Not Found""}"
968,Binary Tree Cameras,https://leetcode.com/problems/binary-tree-cameras/description/,"HTTP 404: {""detail"":""Not Found""}"
969,Pancake Sorting,https://leetcode.com/problems/pancake-sorting/description/,"HTTP 404: {""detail"":""Not Found""}"
970,Powerful Integers,https://leetcode.com/problems/powerful-integers/description/,"HTTP 404: {""detail"":""Not Found""}"
971,Flip Binary Tree To Match Preorder Traversal,https://leetcode.com/problems/flip-binary-tree-to-match-preorder-traversal/description/,"HTTP 404: {""detail"":""Not Found""}"
972,Equal Rational Numbers,https://leetcode.com/problems/equal-rational-numbers/description/,"HTTP 404: {""detail"":""Not Found""}"
973,K Closest Points to Origin,https://leetcode.com/problems/k-closest-points-to-origin/description/,"HTTP 404: {""detail"":""Not Found""}"
974,Subarray Sums Divisible by K,https://leetcode.com/problems/subarray-sums-divisible-by-k/description/,"HTTP 404: {""detail"":""Not Found""}"
975,Odd Even Jump,https://leetcode.com/problems/odd-even-jump/description/,"HTTP 404: {""detail"":""Not Found""}"
976,Largest Perimeter Triangle,https://leetcode.com/problems/largest-perimeter-triangle/description/,"HTTP 404: {""detail"":""Not Found""}"
977,Squares of a Sorted Array,https://leetcode.com/problems/squares-of-a-sorted-array/description/,"HTTP 404: {""detail"":""Not Found""}"
978,Longest Turbulent Subarray,https://leetcode.com/problems/longest-turbulent-subarray/description/,"HTTP 404: {""detail"":""Not Found""}"
979,Distribute Coins in Binary Tree,https://leetcode.com/problems/distribute-coins-in-binary-tree/description/,"HTTP 404: {""detail"":""Not Found""}"
980,Unique Paths III,https://leetcode.com/problems/unique-paths-iii/description/,"HTTP 404: {""detail"":""Not Found""}"
981,Time Based Key-Value Store,https://leetcode.com/problems/time-based-key-value-store/description/,"HTTP 404: {""detail"":""Not Found""}"
982,Triples with Bitwise AND Equal To Zero,https://leetcode.com/problems/triples-with-bitwise-and-equal-to-zero/description/,"HTTP 404: {""detail"":""Not Found""}"
983,Minimum Cost For Tickets,https://leetcode.com/problems/minimum-cost-for-tickets/description/,"HTTP 404: {""detail"":""Not Found""}"
984,String Without AAA or BBB,https://leetcode.com/problems/string-without-aaa-or-bbb/description/,"HTTP 404: {""detail"":""Not Found""}"
985,Sum of Even Numbers After Queries,https://leetcode.com/problems/sum-of-even-numbers-after-queries/description/,"HTTP 404: {""detail"":""Not Found""}"
986,Interval List Intersections,https://leetcode.com/problems/interval-list-intersections/description/,"HTTP 404: {""detail"":""Not Found""}"
987,Vertical Order Traversal of a Binary Tree,https://leetcode.com/problems/vertical-order-traversal-of-a-binary-tree/description/,"HTTP 404: {""detail"":""Not Found""}"
988,Smallest String Starting From Leaf,https://leetcode.com/problems/smallest-string-starting-from-leaf/description/,"HTTP 404: {""detail"":""Not Found""}"
989,Add to Array-Form of Integer,https://leetcode.com/problems/add-to-array-form-of-integer/description/,"HTTP 404: {""detail"":""Not Found""}"
990,Satisfiability of Equality Equations,https://leetcode.com/problems/satisfiability-of-equality-equations/description/,"HTTP 404: {""detail"":""Not Found""}"
991,Broken Calculator,https://leetcode.com/problems/broken-calculator/description/,"HTTP 404: {""detail"":""Not Found""}"
992,Subarrays with K Different Integers,https://leetcode.com/problems/subarrays-with-k-different-integers/description/,"HTTP 404: {""detail"":""Not Found""}"
993,Cousins in Binary Tree,https://leetcode.com/problems/cousins-in-binary-tree/description/,"HTTP 404: {""detail"":""Not Found""}"
994,Rotting Oranges,https://leetcode.com/problems/rotting-oranges/description/,"HTTP 404: {""detail"":""Not Found""}"
995,Minimum Number of K Consecutive Bit Flips,https://leetcode.com/problems/minimum-number-of-k-consecutive-bit-flips/description/,"HTTP 404: {""detail"":""Not Found""}"
996,Number of Squareful Arrays,https://leetcode.com/problems/number-of-squareful-arrays/description/,"HTTP 404: {""detail"":""Not Found""}"
997,Find the Town Judge,https://leetcode.com/problems/find-the-town-judge/description/,"HTTP 404: {""detail"":""Not Found""}"
998,Maximum Binary Tree II,https://leetcode.com/problems/maximum-binary-tree-ii/description/,"HTTP 404: {""detail"":""Not Found""}"
999,Available Captures for Rook,https://leetcode.com/problems/available-captures-for-rook/description/,"HTTP 404: {""detail"":""Not Found""}"
1000,Minimum Cost to Merge Stones,https://leetcode.com/problems/minimum-cost-to-merge-stones/description/,"HTTP 404: {""detail"":""Not Found""}"
1001,Grid Illumination,https://leetcode.com/problems/grid-illumination/description/,"HTTP 404: {""detail"":""Not Found""}"
1002,Find Common Characters,https://leetcode.com/problems/find-common-characters/description/,"HTTP 404: {""detail"":""Not Found""}"
1003,Check If Word Is Valid After Substitutions,https://leetcode.com/problems/check-if-word-is-valid-after-substitutions/description/,"HTTP 404: {""detail"":""Not Found""}"
1004,Max Consecutive Ones III,https://leetcode.com/problems/max-consecutive-ones-iii/description/,"HTTP 404: {""detail"":""Not Found""}"
1005,Maximize Sum Of Array After K Negations,https://leetcode.com/problems/maximize-sum-of-array-after-k-negations/description/,"HTTP 404: {""detail"":""Not Found""}"
1006,Clumsy Factorial,https://leetcode.com/problems/clumsy-factorial/description/,"HTTP 404: {""detail"":""Not Found""}"
1007,Minimum Domino Rotations For Equal Row,https://leetcode.com/problems/minimum-domino-rotations-for-equal-row/description/,"HTTP 404: {""detail"":""Not Found""}"
1008,Construct Binary Search Tree from Preorder Traversal,https://leetcode.com/problems/construct-binary-search-tree-from-preorder-traversal/description/,"HTTP 404: {""detail"":""Not Found""}"
1009,Complement of Base 10 Integer,https://leetcode.com/problems/complement-of-base-10-integer/description/,"HTTP 404: {""detail"":""Not Found""}"
1010,Pairs of Songs With Total Durations Divisible by 60,https://leetcode.com/problems/pairs-of-songs-with-total-durations-divisible-by-60/description/,"HTTP 404: {""detail"":""Not Found""}"
1011,Capacity To Ship Packages Within D Days,https://leetcode.com/problems/capacity-to-ship-packages-within-d-days/description/,"HTTP 404: {""detail"":""Not Found""}"
1012,Numbers With Repeated Digits,https://leetcode.com/problems/numbers-with-repeated-digits/description/,"HTTP 404: {""detail"":""Not Found""}"
1013,Partition Array Into Three Parts With Equal Sum,https://leetcode.com/problems/partition-array-into-three-parts-with-equal-sum/description/,"HTTP 404: {""detail"":""Not Found""}"
1014,Best Sightseeing Pair,https://leetcode.com/problems/best-sightseeing-pair/description/,"HTTP 404: {""detail"":""Not Found""}"
1015,Smallest Integer Divisible by K,https://leetcode.com/problems/smallest-integer-divisible-by-k/description/,"HTTP 404: {""detail"":""Not Found""}"
1016,Binary String With Substrings Representing 1 To N,https://leetcode.com/problems/binary-string-with-substrings-representing-1-to-n/description/,"HTTP 404: {""detail"":""Not Found""}"
1017,Convert to Base -2,https://leetcode.com/problems/convert-to-base-2/description/,"HTTP 404: {""detail"":""Not Found""}"
1018,Binary Prefix Divisible By 5,https://leetcode.com/problems/binary-prefix-divisible-by-5/description/,"HTTP 404: {""detail"":""Not Found""}"
1019,Next Greater Node In Linked List,https://leetcode.com/problems/next-greater-node-in-linked-list/description/,"HTTP 404: {""detail"":""Not Found""}"
1020,Number of Enclaves,https://leetcode.com/problems/number-of-enclaves/description/,"HTTP 404: {""detail"":""Not Found""}"
1021,Remove Outermost Parentheses,https://leetcode.com/problems/remove-outermost-parentheses/description/,"HTTP 404: {""detail"":""Not Found""}"
1022,Sum of Root To Leaf Binary Numbers,https://leetcode.com/problems/sum-of-root-to-leaf-binary-numbers/description/,"HTTP 404: {""detail"":""Not Found""}"
1023,Camelcase Matching,https://leetcode.com/problems/camelcase-matching/description/,"HTTP 404: {""detail"":""Not Found""}"
1024,Video Stitching,https://leetcode.com/problems/video-stitching/description/,"HTTP 404: {""detail"":""Not Found""}"
1025,Divisor Game,https://leetcode.com/problems/divisor-game/description/,"HTTP 404: {""detail"":""Not Found""}"
1026,Maximum Difference Between Node and Ancestor,https://leetcode.com/problems/maximum-difference-between-node-and-ancestor/description/,"HTTP 404: {""detail"":""Not Found""}"
1027,Longest Arithmetic Subsequence,https://leetcode.com/problems/longest-arithmetic-subsequence/description/,"HTTP 404: {""detail"":""Not Found""}"
1028,Recover a Tree From Preorder Traversal,https://leetcode.com/problems/recover-a-tree-from-preorder-traversal/description/,"HTTP 404: {""detail"":""Not Found""}"
1029,Two City Scheduling,https://leetcode.com/problems/two-city-scheduling/description/,"HTTP 404: {""detail"":""Not Found""}"
1030,Matrix Cells in Distance Order,https://leetcode.com/problems/matrix-cells-in-distance-order/description/,"HTTP 404: {""detail"":""Not Found""}"
1031,Maximum Sum of Two Non-Overlapping Subarrays,https://leetcode.com/problems/maximum-sum-of-two-non-overlapping-subarrays/description/,"HTTP 404: {""detail"":""Not Found""}"
1032,Stream of Characters,https://leetcode.com/problems/stream-of-characters/description/,"HTTP 404: {""detail"":""Not Found""}"
1033,Moving Stones Until Consecutive,https://leetcode.com/problems/moving-stones-until-consecutive/description/,"HTTP 404: {""detail"":""Not Found""}"
1034,Coloring A Border,https://leetcode.com/problems/coloring-a-border/description/,"HTTP 404: {""detail"":""Not Found""}"
1035,Uncrossed Lines,https://leetcode.com/problems/uncrossed-lines/description/,"HTTP 404: {""detail"":""Not Found""}"
1036,Escape a Large Maze,https://leetcode.com/problems/escape-a-large-maze/description/,"HTTP 404: {""detail"":""Not Found""}"
1037,Valid Boomerang,https://leetcode.com/problems/valid-boomerang/description/,"HTTP 404: {""detail"":""Not Found""}"
1038,Binary Search Tree to Greater Sum Tree,https://leetcode.com/problems/binary-search-tree-to-greater-sum-tree/description/,"HTTP 404: {""detail"":""Not Found""}"
1039,Minimum Score Triangulation of Polygon,https://leetcode.com/problems/minimum-score-triangulation-of-polygon/description/,"HTTP 404: {""detail"":""Not Found""}"
1040,Moving Stones Until Consecutive II,https://leetcode.com/problems/moving-stones-until-consecutive-ii/description/,"HTTP 404: {""detail"":""Not Found""}"
1041,Robot Bounded In Circle,https://leetcode.com/problems/robot-bounded-in-circle/description/,"HTTP 404: {""detail"":""Not Found""}"
1042,Flower Planting With No Adjacent,https://leetcode.com/problems/flower-planting-with-no-adjacent/description/,"HTTP 404: {""detail"":""Not Found""}"
1043,Partition Array for Maximum Sum,https://leetcode.com/problems/partition-array-for-maximum-sum/description/,"HTTP 404: {""detail"":""Not Found""}"
1044,Longest Duplicate Substring,https://leetcode.com/problems/longest-duplicate-substring/description/,"HTTP 404: {""detail"":""Not Found""}"
1045,Customers Who Bought All Products,https://leetcode.com/problems/customers-who-bought-all-products/description/,"HTTP 404: {""detail"":""Not Found""}"
1046,Last Stone Weight,https://leetcode.com/problems/last-stone-weight/description/,"HTTP 404: {""detail"":""Not Found""}"
1047,Remove All Adjacent Duplicates In String,https://leetcode.com/problems/remove-all-adjacent-duplicates-in-string/description/,"HTTP 404: {""detail"":""Not Found""}"
1048,Longest String Chain,https://leetcode.com/problems/longest-string-chain/description/,"HTTP 404: {""detail"":""Not Found""}"
1049,Last Stone Weight II,https://leetcode.com/problems/last-stone-weight-ii/description/,"HTTP 404: {""detail"":""Not Found""}"
1050,Actors and Directors Who Cooperated At Least Three Times,https://leetcode.com/problems/actors-and-directors-who-cooperated-at-least-three-times/description/,"HTTP 404: {""detail"":""Not Found""}"
1051,Height Checker,https://leetcode.com/problems/height-checker/description/,"HTTP 404: {""detail"":""Not Found""}"
1052,Grumpy Bookstore Owner,https://leetcode.com/problems/grumpy-bookstore-owner/description/,"HTTP 404: {""detail"":""Not Found""}"
1053,Previous Permutation With One Swap,https://leetcode.com/problems/previous-permutation-with-one-swap/description/,"HTTP 404: {""detail"":""Not Found""}"
1054,Distant Barcodes,https://leetcode.com/problems/distant-barcodes/description/,"HTTP 404: {""detail"":""Not Found""}"
1055,Shortest Way to Form String,https://leetcode.com/problems/shortest-way-to-form-string/description/,"HTTP 404: {""detail"":""Not Found""}"
1056,Confusing Number,https://leetcode.com/problems/confusing-number/description/,"HTTP 404: {""detail"":""Not Found""}"
1057,Campus Bikes,https://leetcode.com/problems/campus-bikes/description/,"HTTP 404: {""detail"":""Not Found""}"
1058,Minimize Rounding Error to Meet Target,https://leetcode.com/problems/minimize-rounding-error-to-meet-target/description/,"HTTP 404: {""detail"":""Not Found""}"
1059,All Paths from Source Lead to Destination,https://leetcode.com/problems/all-paths-from-source-lead-to-destination/description/,"HTTP 404: {""detail"":""Not Found""}"
1060,Missing Element in Sorted Array,https://leetcode.com/problems/missing-element-in-sorted-array/description/,"HTTP 404: {""detail"":""Not Found""}"
1061,Lexicographically Smallest Equivalent String,https://leetcode.com/problems/lexicographically-smallest-equivalent-string/description/,"HTTP 404: {""detail"":""Not Found""}"
1062,Longest Repeating Substring,https://leetcode.com/problems/longest-repeating-substring/description/,"HTTP 404: {""detail"":""Not Found""}"
1063,Number of Valid Subarrays,https://leetcode.com/problems/number-of-valid-subarrays/description/,"HTTP 404: {""detail"":""Not Found""}"
1064,Fixed Point,https://leetcode.com/problems/fixed-point/description/,"HTTP 404: {""detail"":""Not Found""}"
1065,Index Pairs of a String,https://leetcode.com/problems/index-pairs-of-a-string/description/,"HTTP 404: {""detail"":""Not Found""}"
1066,Campus Bikes II,https://leetcode.com/problems/campus-bikes-ii/description/,"HTTP 404: {""detail"":""Not Found""}"
1067,Digit Count in Range,https://leetcode.com/problems/digit-count-in-range/description/,"HTTP 404: {""detail"":""Not Found""}"
1068,Product Sales Analysis I,https://leetcode.com/problems/product-sales-analysis-i/description/,"HTTP 404: {""detail"":""Not Found""}"
1069,Product Sales Analysis II,https://leetcode.com/problems/product-sales-analysis-ii/description/,"HTTP 404: {""detail"":""Not Found""}"
1070,Product Sales Analysis III,https://leetcode.com/problems/product-sales-analysis-iii/description/,"HTTP 404: {""detail"":""Not Found""}"
1071,Greatest Common Divisor of Strings,https://leetcode.com/problems/greatest-common-divisor-of-strings/description/,"HTTP 404: {""detail"":""Not Found""}"
1072,Flip Columns For Maximum Number of Equal Rows,https://leetcode.com/problems/flip-columns-for-maximum-number-of-equal-rows/description/,"HTTP 404: {""detail"":""Not Found""}"
1073,Adding Two Negabinary Numbers,https://leetcode.com/problems/adding-two-negabinary-numbers/description/,"HTTP 404: {""detail"":""Not Found""}"
1074,Number of Submatrices That Sum to Target,https://leetcode.com/problems/number-of-submatrices-that-sum-to-target/description/,"HTTP 404: {""detail"":""Not Found""}"
1075,Project Employees I,https://leetcode.com/problems/project-employees-i/description/,"HTTP 404: {""detail"":""Not Found""}"
1076,Project Employees II,https://leetcode.com/problems/project-employees-ii/description/,"HTTP 404: {""detail"":""Not Found""}"
1077,Project Employees III,https://leetcode.com/problems/project-employees-iii/description/,"HTTP 404: {""detail"":""Not Found""}"
1078,Occurrences After Bigram,https://leetcode.com/problems/occurrences-after-bigram/description/,"HTTP 404: {""detail"":""Not Found""}"
1079,Letter Tile Possibilities,https://leetcode.com/problems/letter-tile-possibilities/description/,"HTTP 404: {""detail"":""Not Found""}"
1080,Insufficient Nodes in Root to Leaf Paths,https://leetcode.com/problems/insufficient-nodes-in-root-to-leaf-paths/description/,"HTTP 404: {""detail"":""Not Found""}"
1081,Smallest Subsequence of Distinct Characters,https://leetcode.com/problems/smallest-subsequence-of-distinct-characters/description/,"HTTP 404: {""detail"":""Not Found""}"
1082,Sales Analysis I,https://leetcode.com/problems/sales-analysis-i/description/,"HTTP 404: {""detail"":""Not Found""}"
1083,Sales Analysis II,https://leetcode.com/problems/sales-analysis-ii/description/,"HTTP 404: {""detail"":""Not Found""}"
1084,Sales Analysis III,https://leetcode.com/problems/sales-analysis-iii/description/,"HTTP 404: {""detail"":""Not Found""}"
1085,Sum of Digits in the Minimum Number,https://leetcode.com/problems/sum-of-digits-in-the-minimum-number/description/,"HTTP 404: {""detail"":""Not Found""}"
1086,High Five,https://leetcode.com/problems/high-five/description/,"HTTP 404: {""detail"":""Not Found""}"
1087,Brace Expansion,https://leetcode.com/problems/brace-expansion/description/,"HTTP 404: {""detail"":""Not Found""}"
1088,Confusing Number II,https://leetcode.com/problems/confusing-number-ii/description/,"HTTP 404: {""detail"":""Not Found""}"
1089,Duplicate Zeros,https://leetcode.com/problems/duplicate-zeros/description/,"HTTP 404: {""detail"":""Not Found""}"
1090,Largest Values From Labels,https://leetcode.com/problems/largest-values-from-labels/description/,"HTTP 404: {""detail"":""Not Found""}"
1091,Shortest Path in Binary Matrix,https://leetcode.com/problems/shortest-path-in-binary-matrix/description/,"HTTP 404: {""detail"":""Not Found""}"
1092,Shortest Common Supersequence ,https://leetcode.com/problems/shortest-common-supersequence/description/,"HTTP 404: {""detail"":""Not Found""}"
1093,Statistics from a Large Sample,https://leetcode.com/problems/statistics-from-a-large-sample/description/,"HTTP 404: {""detail"":""Not Found""}"
1094,Car Pooling,https://leetcode.com/problems/car-pooling/description/,"HTTP 404: {""detail"":""Not Found""}"
1095,Find in Mountain Array,https://leetcode.com/problems/find-in-mountain-array/description/,"HTTP 404: {""detail"":""Not Found""}"
1096,Brace Expansion II,https://leetcode.com/problems/brace-expansion-ii/description/,"HTTP 404: {""detail"":""Not Found""}"
1097,Game Play Analysis V,https://leetcode.com/problems/game-play-analysis-v/description/,"HTTP 404: {""detail"":""Not Found""}"
1098,Unpopular Books,https://leetcode.com/problems/unpopular-books/description/,"HTTP 404: {""detail"":""Not Found""}"
1099,Two Sum Less Than K,https://leetcode.com/problems/two-sum-less-than-k/description/,"HTTP 404: {""detail"":""Not Found""}"
1100,Find K-Length Substrings With No Repeated Characters,https://leetcode.com/problems/find-k-length-substrings-with-no-repeated-characters/description/,"HTTP 404: {""detail"":""Not Found""}"
1101,The Earliest Moment When Everyone Become Friends,https://leetcode.com/problems/the-earliest-moment-when-everyone-become-friends/description/,"HTTP 404: {""detail"":""Not Found""}"
1102,Path With Maximum Minimum Value,https://leetcode.com/problems/path-with-maximum-minimum-value/description/,"HTTP 404: {""detail"":""Not Found""}"
1103,Distribute Candies to People,https://leetcode.com/problems/distribute-candies-to-people/description/,"HTTP 404: {""detail"":""Not Found""}"
1104,Path In Zigzag Labelled Binary Tree,https://leetcode.com/problems/path-in-zigzag-labelled-binary-tree/description/,"HTTP 404: {""detail"":""Not Found""}"
1105,Filling Bookcase Shelves,https://leetcode.com/problems/filling-bookcase-shelves/description/,"HTTP 404: {""detail"":""Not Found""}"
1106,Parsing A Boolean Expression,https://leetcode.com/problems/parsing-a-boolean-expression/description/,"HTTP 404: {""detail"":""Not Found""}"
1107,New Users Daily Count,https://leetcode.com/problems/new-users-daily-count/description/,"HTTP 404: {""detail"":""Not Found""}"
1108,Defanging an IP Address,https://leetcode.com/problems/defanging-an-ip-address/description/,"HTTP 404: {""detail"":""Not Found""}"
1109,Corporate Flight Bookings,https://leetcode.com/problems/corporate-flight-bookings/description/,"HTTP 404: {""detail"":""Not Found""}"
1110,Delete Nodes And Return Forest,https://leetcode.com/problems/delete-nodes-and-return-forest/description/,"HTTP 404: {""detail"":""Not Found""}"
1111,Maximum Nesting Depth of Two Valid Parentheses Strings,https://leetcode.com/problems/maximum-nesting-depth-of-two-valid-parentheses-strings/description/,"HTTP 404: {""detail"":""Not Found""}"
1112,Highest Grade For Each Student,https://leetcode.com/problems/highest-grade-for-each-student/description/,"HTTP 404: {""detail"":""Not Found""}"
1113,Reported Posts,https://leetcode.com/problems/reported-posts/description/,"HTTP 404: {""detail"":""Not Found""}"
1114,Print in Order,https://leetcode.com/problems/print-in-order/description/,"HTTP 404: {""detail"":""Not Found""}"
1115,Print FooBar Alternately,https://leetcode.com/problems/print-foobar-alternately/description/,"HTTP 404: {""detail"":""Not Found""}"
1116,Print Zero Even Odd,https://leetcode.com/problems/print-zero-even-odd/description/,"HTTP 404: {""detail"":""Not Found""}"
1117,Building H2O,https://leetcode.com/problems/building-h2o/description/,"HTTP 404: {""detail"":""Not Found""}"
1118,Number of Days in a Month,https://leetcode.com/problems/number-of-days-in-a-month/description/,"HTTP 404: {""detail"":""Not Found""}"
1119,Remove Vowels from a String,https://leetcode.com/problems/remove-vowels-from-a-string/description/,"HTTP 404: {""detail"":""Not Found""}"
1120,Maximum Average Subtree,https://leetcode.com/problems/maximum-average-subtree/description/,"HTTP 404: {""detail"":""Not Found""}"
1121,Divide Array Into Increasing Sequences,https://leetcode.com/problems/divide-array-into-increasing-sequences/description/,"HTTP 404: {""detail"":""Not Found""}"
1122,Relative Sort Array,https://leetcode.com/problems/relative-sort-array/description/,"HTTP 404: {""detail"":""Not Found""}"
1123,Lowest Common Ancestor of Deepest Leaves,https://leetcode.com/problems/lowest-common-ancestor-of-deepest-leaves/description/,"HTTP 404: {""detail"":""Not Found""}"
1124,Longest Well-Performing Interval,https://leetcode.com/problems/longest-well-performing-interval/description/,"HTTP 404: {""detail"":""Not Found""}"
1125,Smallest Sufficient Team,https://leetcode.com/problems/smallest-sufficient-team/description/,"HTTP 404: {""detail"":""Not Found""}"
1126,Active Businesses,https://leetcode.com/problems/active-businesses/description/,"HTTP 404: {""detail"":""Not Found""}"
1127,User Purchase Platform,https://leetcode.com/problems/user-purchase-platform/description/,"HTTP 404: {""detail"":""Not Found""}"
1128,Number of Equivalent Domino Pairs,https://leetcode.com/problems/number-of-equivalent-domino-pairs/description/,"HTTP 404: {""detail"":""Not Found""}"
1129,Shortest Path with Alternating Colors,https://leetcode.com/problems/shortest-path-with-alternating-colors/description/,"HTTP 404: {""detail"":""Not Found""}"
1130,Minimum Cost Tree From Leaf Values,https://leetcode.com/problems/minimum-cost-tree-from-leaf-values/description/,"HTTP 404: {""detail"":""Not Found""}"
1131,Maximum of Absolute Value Expression,https://leetcode.com/problems/maximum-of-absolute-value-expression/description/,"HTTP 404: {""detail"":""Not Found""}"
1132,Reported Posts II,https://leetcode.com/problems/reported-posts-ii/description/,"HTTP 404: {""detail"":""Not Found""}"
1133,Largest Unique Number,https://leetcode.com/problems/largest-unique-number/description/,"HTTP 404: {""detail"":""Not Found""}"
1134,Armstrong Number,https://leetcode.com/problems/armstrong-number/description/,"HTTP 404: {""detail"":""Not Found""}"
1135,Connecting Cities With Minimum Cost,https://leetcode.com/problems/connecting-cities-with-minimum-cost/description/,"HTTP 404: {""detail"":""Not Found""}"
1136,Parallel Courses,https://leetcode.com/problems/parallel-courses/description/,"HTTP 404: {""detail"":""Not Found""}"
1137,N-th Tribonacci Number,https://leetcode.com/problems/n-th-tribonacci-number/description/,"HTTP 404: {""detail"":""Not Found""}"
1138,Alphabet Board Path,https://leetcode.com/problems/alphabet-board-path/description/,"HTTP 404: {""detail"":""Not Found""}"
1139,Largest 1-Bordered Square,https://leetcode.com/problems/largest-1-bordered-square/description/,"HTTP 404: {""detail"":""Not Found""}"
1140,Stone Game II,https://leetcode.com/problems/stone-game-ii/description/,"HTTP 404: {""detail"":""Not Found""}"
1141,User Activity for the Past 30 Days I,https://leetcode.com/problems/user-activity-for-the-past-30-days-i/description/,"HTTP 404: {""detail"":""Not Found""}"
1142,User Activity for the Past 30 Days II,https://leetcode.com/problems/user-activity-for-the-past-30-days-ii/description/,"HTTP 404: {""detail"":""Not Found""}"
1143,Longest Common Subsequence,https://leetcode.com/problems/longest-common-subsequence/description/,"HTTP 404: {""detail"":""Not Found""}"
1144,Decrease Elements To Make Array Zigzag,https://leetcode.com/problems/decrease-elements-to-make-array-zigzag/description/,"HTTP 404: {""detail"":""Not Found""}"
1145,Binary Tree Coloring Game,https://leetcode.com/problems/binary-tree-coloring-game/description/,"HTTP 404: {""detail"":""Not Found""}"
1146,Snapshot Array,https://leetcode.com/problems/snapshot-array/description/,"HTTP 404: {""detail"":""Not Found""}"
1147,Longest Chunked Palindrome Decomposition,https://leetcode.com/problems/longest-chunked-palindrome-decomposition/description/,"HTTP 404: {""detail"":""Not Found""}"
1148,Article Views I,https://leetcode.com/problems/article-views-i/description/,"HTTP 404: {""detail"":""Not Found""}"
1149,Article Views II,https://leetcode.com/problems/article-views-ii/description/,"HTTP 404: {""detail"":""Not Found""}"
1150,Check If a Number Is Majority Element in a Sorted Array,https://leetcode.com/problems/check-if-a-number-is-majority-element-in-a-sorted-array/description/,"HTTP 404: {""detail"":""Not Found""}"
1151,Minimum Swaps to Group All 1's Together,https://leetcode.com/problems/minimum-swaps-to-group-all-1s-together/description/,"HTTP 404: {""detail"":""Not Found""}"
1152,Analyze User Website Visit Pattern,https://leetcode.com/problems/analyze-user-website-visit-pattern/description/,"HTTP 404: {""detail"":""Not Found""}"
1153,String Transforms Into Another String,https://leetcode.com/problems/string-transforms-into-another-string/description/,"HTTP 404: {""detail"":""Not Found""}"
1154,Day of the Year,https://leetcode.com/problems/day-of-the-year/description/,"HTTP 404: {""detail"":""Not Found""}"
1155,Number of Dice Rolls With Target Sum,https://leetcode.com/problems/number-of-dice-rolls-with-target-sum/description/,"HTTP 404: {""detail"":""Not Found""}"
1156,Swap For Longest Repeated Character Substring,https://leetcode.com/problems/swap-for-longest-repeated-character-substring/description/,"HTTP 404: {""detail"":""Not Found""}"
1157,Online Majority Element In Subarray,https://leetcode.com/problems/online-majority-element-in-subarray/description/,"HTTP 404: {""detail"":""Not Found""}"
1158,Market Analysis I,https://leetcode.com/problems/market-analysis-i/description/,"HTTP 404: {""detail"":""Not Found""}"
1159,Market Analysis II,https://leetcode.com/problems/market-analysis-ii/description/,"HTTP 404: {""detail"":""Not Found""}"
1160,Find Words That Can Be Formed by Characters,https://leetcode.com/problems/find-words-that-can-be-formed-by-characters/description/,"HTTP 404: {""detail"":""Not Found""}"
1161,Maximum Level Sum of a Binary Tree,https://leetcode.com/problems/maximum-level-sum-of-a-binary-tree/description/,"HTTP 404: {""detail"":""Not Found""}"
1162,As Far from Land as Possible,https://leetcode.com/problems/as-far-from-land-as-possible/description/,"HTTP 404: {""detail"":""Not Found""}"
1163,Last Substring in Lexicographical Order,https://leetcode.com/problems/last-substring-in-lexicographical-order/description/,"HTTP 404: {""detail"":""Not Found""}"
1164,Product Price at a Given Date,https://leetcode.com/problems/product-price-at-a-given-date/description/,"HTTP 404: {""detail"":""Not Found""}"
1165,Single-Row Keyboard,https://leetcode.com/problems/single-row-keyboard/description/,"HTTP 404: {""detail"":""Not Found""}"
1166,Design File System,https://leetcode.com/problems/design-file-system/description/,"HTTP 404: {""detail"":""Not Found""}"
1167,Minimum Cost to Connect Sticks,https://leetcode.com/problems/minimum-cost-to-connect-sticks/description/,"HTTP 404: {""detail"":""Not Found""}"
1168,Optimize Water Distribution in a Village,https://leetcode.com/problems/optimize-water-distribution-in-a-village/description/,"HTTP 404: {""detail"":""Not Found""}"
1169,Invalid Transactions,https://leetcode.com/problems/invalid-transactions/description/,"HTTP 404: {""detail"":""Not Found""}"
1170,Compare Strings by Frequency of the Smallest Character,https://leetcode.com/problems/compare-strings-by-frequency-of-the-smallest-character/description/,"HTTP 404: {""detail"":""Not Found""}"
1171,Remove Zero Sum Consecutive Nodes from Linked List,https://leetcode.com/problems/remove-zero-sum-consecutive-nodes-from-linked-list/description/,"HTTP 404: {""detail"":""Not Found""}"
1172,Dinner Plate Stacks,https://leetcode.com/problems/dinner-plate-stacks/description/,"HTTP 404: {""detail"":""Not Found""}"
1173,Immediate Food Delivery I,https://leetcode.com/problems/immediate-food-delivery-i/description/,"HTTP 404: {""detail"":""Not Found""}"
1174,Immediate Food Delivery II,https://leetcode.com/problems/immediate-food-delivery-ii/description/,"HTTP 404: {""detail"":""Not Found""}"
1175,Prime Arrangements,https://leetcode.com/problems/prime-arrangements/description/,"HTTP 404: {""detail"":""Not Found""}"
1176,Diet Plan Performance,https://leetcode.com/problems/diet-plan-performance/description/,"HTTP 404: {""detail"":""Not Found""}"
1177,Can Make Palindrome from Substring,https://leetcode.com/problems/can-make-palindrome-from-substring/description/,"HTTP 404: {""detail"":""Not Found""}"
1178,Number of Valid Words for Each Puzzle,https://leetcode.com/problems/number-of-valid-words-for-each-puzzle/description/,"HTTP 404: {""detail"":""Not Found""}"
1179,Reformat Department Table,https://leetcode.com/problems/reformat-department-table/description/,"HTTP 404: {""detail"":""Not Found""}"
1180,Count Substrings with Only One Distinct Letter,https://leetcode.com/problems/count-substrings-with-only-one-distinct-letter/description/,"HTTP 404: {""detail"":""Not Found""}"
1181,Before and After Puzzle,https://leetcode.com/problems/before-and-after-puzzle/description/,"HTTP 404: {""detail"":""Not Found""}"
1182,Shortest Distance to Target Color,https://leetcode.com/problems/shortest-distance-to-target-color/description/,"HTTP 404: {""detail"":""Not Found""}"
1183,Maximum Number of Ones,https://leetcode.com/problems/maximum-number-of-ones/description/,"HTTP 404: {""detail"":""Not Found""}"
1184,Distance Between Bus Stops,https://leetcode.com/problems/distance-between-bus-stops/description/,"HTTP 404: {""detail"":""Not Found""}"
1185,Day of the Week,https://leetcode.com/problems/day-of-the-week/description/,"HTTP 404: {""detail"":""Not Found""}"
1186,Maximum Subarray Sum with One Deletion,https://leetcode.com/problems/maximum-subarray-sum-with-one-deletion/description/,"HTTP 404: {""detail"":""Not Found""}"
1187,Make Array Strictly Increasing,https://leetcode.com/problems/make-array-strictly-increasing/description/,"HTTP 404: {""detail"":""Not Found""}"
1188,Design Bounded Blocking Queue,https://leetcode.com/problems/design-bounded-blocking-queue/description/,"HTTP 404: {""detail"":""Not Found""}"
1189,Maximum Number of Balloons,https://leetcode.com/problems/maximum-number-of-balloons/description/,"HTTP 404: {""detail"":""Not Found""}"
1190,Reverse Substrings Between Each Pair of Parentheses,https://leetcode.com/problems/reverse-substrings-between-each-pair-of-parentheses/description/,"HTTP 404: {""detail"":""Not Found""}"
1191,K-Concatenation Maximum Sum,https://leetcode.com/problems/k-concatenation-maximum-sum/description/,"HTTP 404: {""detail"":""Not Found""}"
1192,Critical Connections in a Network,https://leetcode.com/problems/critical-connections-in-a-network/description/,"HTTP 404: {""detail"":""Not Found""}"
1193,Monthly Transactions I,https://leetcode.com/problems/monthly-transactions-i/description/,"HTTP 404: {""detail"":""Not Found""}"
1194,Tournament Winners,https://leetcode.com/problems/tournament-winners/description/,"HTTP 404: {""detail"":""Not Found""}"
1195,Fizz Buzz Multithreaded,https://leetcode.com/problems/fizz-buzz-multithreaded/description/,"HTTP 404: {""detail"":""Not Found""}"
1196,How Many Apples Can You Put into the Basket,https://leetcode.com/problems/how-many-apples-can-you-put-into-the-basket/description/,"HTTP 404: {""detail"":""Not Found""}"
1197,Minimum Knight Moves,https://leetcode.com/problems/minimum-knight-moves/description/,"HTTP 404: {""detail"":""Not Found""}"
1198,Find Smallest Common Element in All Rows,https://leetcode.com/problems/find-smallest-common-element-in-all-rows/description/,"HTTP 404: {""detail"":""Not Found""}"
1199,Minimum Time to Build Blocks,https://leetcode.com/problems/minimum-time-to-build-blocks/description/,"HTTP 404: {""detail"":""Not Found""}"
1200,Minimum Absolute Difference,https://leetcode.com/problems/minimum-absolute-difference/description/,"HTTP 404: {""detail"":""Not Found""}"
1201,Ugly Number III,https://leetcode.com/problems/ugly-number-iii/description/,"HTTP 404: {""detail"":""Not Found""}"
1202,Smallest String With Swaps,https://leetcode.com/problems/smallest-string-with-swaps/description/,"HTTP 404: {""detail"":""Not Found""}"
1203,Sort Items by Groups Respecting Dependencies,https://leetcode.com/problems/sort-items-by-groups-respecting-dependencies/description/,"HTTP 404: {""detail"":""Not Found""}"
1204,Last Person to Fit in the Bus,https://leetcode.com/problems/last-person-to-fit-in-the-bus/description/,"HTTP 404: {""detail"":""Not Found""}"
1205,Monthly Transactions II,https://leetcode.com/problems/monthly-transactions-ii/description/,"HTTP 404: {""detail"":""Not Found""}"
1206,Design Skiplist,https://leetcode.com/problems/design-skiplist/description/,"HTTP 404: {""detail"":""Not Found""}"
1207,Unique Number of Occurrences,https://leetcode.com/problems/unique-number-of-occurrences/description/,"HTTP 404: {""detail"":""Not Found""}"
1208,Get Equal Substrings Within Budget,https://leetcode.com/problems/get-equal-substrings-within-budget/description/,"HTTP 404: {""detail"":""Not Found""}"
1209,Remove All Adjacent Duplicates in String II,https://leetcode.com/problems/remove-all-adjacent-duplicates-in-string-ii/description/,"HTTP 404: {""detail"":""Not Found""}"
1210,Minimum Moves to Reach Target with Rotations,https://leetcode.com/problems/minimum-moves-to-reach-target-with-rotations/description/,"HTTP 404: {""detail"":""Not Found""}"
1211,Queries Quality and Percentage,https://leetcode.com/problems/queries-quality-and-percentage/description/,"HTTP 404: {""detail"":""Not Found""}"
1212,Team Scores in Football Tournament,https://leetcode.com/problems/team-scores-in-football-tournament/description/,"HTTP 404: {""detail"":""Not Found""}"
1213,Intersection of Three Sorted Arrays,https://leetcode.com/problems/intersection-of-three-sorted-arrays/description/,"HTTP 404: {""detail"":""Not Found""}"
1214,Two Sum BSTs,https://leetcode.com/problems/two-sum-bsts/description/,"HTTP 404: {""detail"":""Not Found""}"
1215,Stepping Numbers,https://leetcode.com/problems/stepping-numbers/description/,"HTTP 404: {""detail"":""Not Found""}"
1216,Valid Palindrome III,https://leetcode.com/problems/valid-palindrome-iii/description/,"HTTP 404: {""detail"":""Not Found""}"
1217,Minimum Cost to Move Chips to The Same Position,https://leetcode.com/problems/minimum-cost-to-move-chips-to-the-same-position/description/,"HTTP 404: {""detail"":""Not Found""}"
1218,Longest Arithmetic Subsequence of Given Difference,https://leetcode.com/problems/longest-arithmetic-subsequence-of-given-difference/description/,"HTTP 404: {""detail"":""Not Found""}"
1219,Path with Maximum Gold,https://leetcode.com/problems/path-with-maximum-gold/description/,"HTTP 404: {""detail"":""Not Found""}"
1220,Count Vowels Permutation,https://leetcode.com/problems/count-vowels-permutation/description/,"HTTP 404: {""detail"":""Not Found""}"
1221,Split a String in Balanced Strings,https://leetcode.com/problems/split-a-string-in-balanced-strings/description/,"HTTP 404: {""detail"":""Not Found""}"
1222,Queens That Can Attack the King,https://leetcode.com/problems/queens-that-can-attack-the-king/description/,"HTTP 404: {""detail"":""Not Found""}"
1223,Dice Roll Simulation,https://leetcode.com/problems/dice-roll-simulation/description/,"HTTP 404: {""detail"":""Not Found""}"
1224,Maximum Equal Frequency,https://leetcode.com/problems/maximum-equal-frequency/description/,"HTTP 404: {""detail"":""Not Found""}"
1225,Report Contiguous Dates,https://leetcode.com/problems/report-contiguous-dates/description/,"HTTP 404: {""detail"":""Not Found""}"
1226,The Dining Philosophers,https://leetcode.com/problems/the-dining-philosophers/description/,"HTTP 404: {""detail"":""Not Found""}"
1227,Airplane Seat Assignment Probability,https://leetcode.com/problems/airplane-seat-assignment-probability/description/,"HTTP 404: {""detail"":""Not Found""}"
1228,Missing Number In Arithmetic Progression,https://leetcode.com/problems/missing-number-in-arithmetic-progression/description/,"HTTP 404: {""detail"":""Not Found""}"
1229,Meeting Scheduler,https://leetcode.com/problems/meeting-scheduler/description/,"HTTP 404: {""detail"":""Not Found""}"
1230,Toss Strange Coins,https://leetcode.com/problems/toss-strange-coins/description/,"HTTP 404: {""detail"":""Not Found""}"
1231,Divide Chocolate,https://leetcode.com/problems/divide-chocolate/description/,"HTTP 404: {""detail"":""Not Found""}"
1232,Check If It Is a Straight Line,https://leetcode.com/problems/check-if-it-is-a-straight-line/description/,"HTTP 404: {""detail"":""Not Found""}"
1233,Remove Sub-Folders from the Filesystem,https://leetcode.com/problems/remove-sub-folders-from-the-filesystem/description/,"HTTP 404: {""detail"":""Not Found""}"
1234,Replace the Substring for Balanced String,https://leetcode.com/problems/replace-the-substring-for-balanced-string/description/,"HTTP 404: {""detail"":""Not Found""}"
1235,Maximum Profit in Job Scheduling,https://leetcode.com/problems/maximum-profit-in-job-scheduling/description/,"HTTP 404: {""detail"":""Not Found""}"
1236,Web Crawler,https://leetcode.com/problems/web-crawler/description/,"HTTP 404: {""detail"":""Not Found""}"
1237,Find Positive Integer Solution for a Given Equation,https://leetcode.com/problems/find-positive-integer-solution-for-a-given-equation/description/,"HTTP 404: {""detail"":""Not Found""}"
1238,Circular Permutation in Binary Representation,https://leetcode.com/problems/circular-permutation-in-binary-representation/description/,"HTTP 404: {""detail"":""Not Found""}"
1239,Maximum Length of a Concatenated String with Unique Characters,https://leetcode.com/problems/maximum-length-of-a-concatenated-string-with-unique-characters/description/,"HTTP 404: {""detail"":""Not Found""}"
1240,Tiling a Rectangle with the Fewest Squares,https://leetcode.com/problems/tiling-a-rectangle-with-the-fewest-squares/description/,"HTTP 404: {""detail"":""Not Found""}"
1241,Number of Comments per Post,https://leetcode.com/problems/number-of-comments-per-post/description/,"HTTP 404: {""detail"":""Not Found""}"
1242,Web Crawler Multithreaded,https://leetcode.com/problems/web-crawler-multithreaded/description/,"HTTP 404: {""detail"":""Not Found""}"
1243,Array Transformation,https://leetcode.com/problems/array-transformation/description/,"HTTP 404: {""detail"":""Not Found""}"
1244,Design A Leaderboard,https://leetcode.com/problems/design-a-leaderboard/description/,"HTTP 404: {""detail"":""Not Found""}"
1245,Tree Diameter,https://leetcode.com/problems/tree-diameter/description/,"HTTP 404: {""detail"":""Not Found""}"
1246,Palindrome Removal,https://leetcode.com/problems/palindrome-removal/description/,"HTTP 404: {""detail"":""Not Found""}"
1247,Minimum Swaps to Make Strings Equal,https://leetcode.com/problems/minimum-swaps-to-make-strings-equal/description/,"HTTP 404: {""detail"":""Not Found""}"
1248,Count Number of Nice Subarrays,https://leetcode.com/problems/count-number-of-nice-subarrays/description/,"HTTP 404: {""detail"":""Not Found""}"
1249,Minimum Remove to Make Valid Parentheses,https://leetcode.com/problems/minimum-remove-to-make-valid-parentheses/description/,"HTTP 404: {""detail"":""Not Found""}"
1250,Check If It Is a Good Array,https://leetcode.com/problems/check-if-it-is-a-good-array/description/,"HTTP 404: {""detail"":""Not Found""}"
1251,Average Selling Price,https://leetcode.com/problems/average-selling-price/description/,"HTTP 404: {""detail"":""Not Found""}"
1252,Cells with Odd Values in a Matrix,https://leetcode.com/problems/cells-with-odd-values-in-a-matrix/description/,"HTTP 404: {""detail"":""Not Found""}"
1253,Reconstruct a 2-Row Binary Matrix,https://leetcode.com/problems/reconstruct-a-2-row-binary-matrix/description/,"HTTP 404: {""detail"":""Not Found""}"
1254,Number of Closed Islands,https://leetcode.com/problems/number-of-closed-islands/description/,"HTTP 404: {""detail"":""Not Found""}"
1255,Maximum Score Words Formed by Letters,https://leetcode.com/problems/maximum-score-words-formed-by-letters/description/,"HTTP 404: {""detail"":""Not Found""}"
1256,Encode Number,https://leetcode.com/problems/encode-number/description/,"HTTP 404: {""detail"":""Not Found""}"
1257,Smallest Common Region,https://leetcode.com/problems/smallest-common-region/description/,"HTTP 404: {""detail"":""Not Found""}"
1258,Synonymous Sentences,https://leetcode.com/problems/synonymous-sentences/description/,"HTTP 404: {""detail"":""Not Found""}"
1259,Handshakes That Don't Cross,https://leetcode.com/problems/handshakes-that-dont-cross/description/,"HTTP 404: {""detail"":""Not Found""}"
1260,Shift 2D Grid,https://leetcode.com/problems/shift-2d-grid/description/,"HTTP 404: {""detail"":""Not Found""}"
1261,Find Elements in a Contaminated Binary Tree,https://leetcode.com/problems/find-elements-in-a-contaminated-binary-tree/description/,"HTTP 404: {""detail"":""Not Found""}"
1262,Greatest Sum Divisible by Three,https://leetcode.com/problems/greatest-sum-divisible-by-three/description/,"HTTP 404: {""detail"":""Not Found""}"
1263,Minimum Moves to Move a Box to Their Target Location,https://leetcode.com/problems/minimum-moves-to-move-a-box-to-their-target-location/description/,"HTTP 404: {""detail"":""Not Found""}"
1264,Page Recommendations,https://leetcode.com/problems/page-recommendations/description/,"HTTP 404: {""detail"":""Not Found""}"
1265,Print Immutable Linked List in Reverse,https://leetcode.com/problems/print-immutable-linked-list-in-reverse/description/,"HTTP 404: {""detail"":""Not Found""}"
1266,Minimum Time Visiting All Points,https://leetcode.com/problems/minimum-time-visiting-all-points/description/,"HTTP 404: {""detail"":""Not Found""}"
1267,Count Servers that Communicate,https://leetcode.com/problems/count-servers-that-communicate/description/,"HTTP 404: {""detail"":""Not Found""}"
1268,Search Suggestions System,https://leetcode.com/problems/search-suggestions-system/description/,"HTTP 404: {""detail"":""Not Found""}"
1269,Number of Ways to Stay in the Same Place After Some Steps,https://leetcode.com/problems/number-of-ways-to-stay-in-the-same-place-after-some-steps/description/,"HTTP 404: {""detail"":""Not Found""}"
1270,All People Report to the Given Manager,https://leetcode.com/problems/all-people-report-to-the-given-manager/description/,"HTTP 404: {""detail"":""Not Found""}"
1271,Hexspeak,https://leetcode.com/problems/hexspeak/description/,"HTTP 404: {""detail"":""Not Found""}"
1272,Remove Interval,https://leetcode.com/problems/remove-interval/description/,"HTTP 404: {""detail"":""Not Found""}"
1273,Delete Tree Nodes,https://leetcode.com/problems/delete-tree-nodes/description/,"HTTP 404: {""detail"":""Not Found""}"
1274,Number of Ships in a Rectangle,https://leetcode.com/problems/number-of-ships-in-a-rectangle/description/,"HTTP 404: {""detail"":""Not Found""}"
1275,Find Winner on a Tic Tac Toe Game,https://leetcode.com/problems/find-winner-on-a-tic-tac-toe-game/description/,"HTTP 404: {""detail"":""Not Found""}"
1276,Number of Burgers with No Waste of Ingredients,https://leetcode.com/problems/number-of-burgers-with-no-waste-of-ingredients/description/,"HTTP 404: {""detail"":""Not Found""}"
1277,Count Square Submatrices with All Ones,https://leetcode.com/problems/count-square-submatrices-with-all-ones/description/,"HTTP 404: {""detail"":""Not Found""}"
1278,Palindrome Partitioning III,https://leetcode.com/problems/palindrome-partitioning-iii/description/,"HTTP 404: {""detail"":""Not Found""}"
1279,Traffic Light Controlled Intersection,https://leetcode.com/problems/traffic-light-controlled-intersection/description/,"HTTP 404: {""detail"":""Not Found""}"
1280,Students and Examinations,https://leetcode.com/problems/students-and-examinations/description/,"HTTP 404: {""detail"":""Not Found""}"
1281,Subtract the Product and Sum of Digits of an Integer,https://leetcode.com/problems/subtract-the-product-and-sum-of-digits-of-an-integer/description/,"HTTP 404: {""detail"":""Not Found""}"
1282,Group the People Given the Group Size They Belong To,https://leetcode.com/problems/group-the-people-given-the-group-size-they-belong-to/description/,"HTTP 404: {""detail"":""Not Found""}"
1283,Find the Smallest Divisor Given a Threshold,https://leetcode.com/problems/find-the-smallest-divisor-given-a-threshold/description/,"HTTP 404: {""detail"":""Not Found""}"
1284,Minimum Number of Flips to Convert Binary Matrix to Zero Matrix,https://leetcode.com/problems/minimum-number-of-flips-to-convert-binary-matrix-to-zero-matrix/description/,"HTTP 404: {""detail"":""Not Found""}"
1285,Find the Start and End Number of Continuous Ranges,https://leetcode.com/problems/find-the-start-and-end-number-of-continuous-ranges/description/,"HTTP 404: {""detail"":""Not Found""}"
1286,Iterator for Combination,https://leetcode.com/problems/iterator-for-combination/description/,"HTTP 404: {""detail"":""Not Found""}"
1287,Element Appearing More Than 25% In Sorted Array,https://leetcode.com/problems/element-appearing-more-than-25-in-sorted-array/description/,"HTTP 404: {""detail"":""Not Found""}"
1288,Remove Covered Intervals,https://leetcode.com/problems/remove-covered-intervals/description/,"HTTP 404: {""detail"":""Not Found""}"
1289,Minimum Falling Path Sum II,https://leetcode.com/problems/minimum-falling-path-sum-ii/description/,"HTTP 404: {""detail"":""Not Found""}"
1290,Convert Binary Number in a Linked List to Integer,https://leetcode.com/problems/convert-binary-number-in-a-linked-list-to-integer/description/,"HTTP 404: {""detail"":""Not Found""}"
1291,Sequential Digits,https://leetcode.com/problems/sequential-digits/description/,"HTTP 404: {""detail"":""Not Found""}"
1292,Maximum Side Length of a Square with Sum Less than or Equal to Threshold,https://leetcode.com/problems/maximum-side-length-of-a-square-with-sum-less-than-or-equal-to-threshold/description/,"HTTP 404: {""detail"":""Not Found""}"
1293,Shortest Path in a Grid with Obstacles Elimination,https://leetcode.com/problems/shortest-path-in-a-grid-with-obstacles-elimination/description/,"HTTP 404: {""detail"":""Not Found""}"
1294,Weather Type in Each Country,https://leetcode.com/problems/weather-type-in-each-country/description/,"HTTP 404: {""detail"":""Not Found""}"
1295,Find Numbers with Even Number of Digits,https://leetcode.com/problems/find-numbers-with-even-number-of-digits/description/,"HTTP 404: {""detail"":""Not Found""}"
1296,Divide Array in Sets of K Consecutive Numbers,https://leetcode.com/problems/divide-array-in-sets-of-k-consecutive-numbers/description/,"HTTP 404: {""detail"":""Not Found""}"
1297,Maximum Number of Occurrences of a Substring,https://leetcode.com/problems/maximum-number-of-occurrences-of-a-substring/description/,"HTTP 404: {""detail"":""Not Found""}"
1298,Maximum Candies You Can Get from Boxes,https://leetcode.com/problems/maximum-candies-you-can-get-from-boxes/description/,"HTTP 404: {""detail"":""Not Found""}"
1299,Replace Elements with Greatest Element on Right Side,https://leetcode.com/problems/replace-elements-with-greatest-element-on-right-side/description/,"HTTP 404: {""detail"":""Not Found""}"
1300,Sum of Mutated Array Closest to Target,https://leetcode.com/problems/sum-of-mutated-array-closest-to-target/description/,"HTTP 404: {""detail"":""Not Found""}"
1301,Number of Paths with Max Score,https://leetcode.com/problems/number-of-paths-with-max-score/description/,"HTTP 404: {""detail"":""Not Found""}"
1302,Deepest Leaves Sum,https://leetcode.com/problems/deepest-leaves-sum/description/,"HTTP 404: {""detail"":""Not Found""}"
1303,Find the Team Size,https://leetcode.com/problems/find-the-team-size/description/,"HTTP 404: {""detail"":""Not Found""}"
1304,Find N Unique Integers Sum up to Zero,https://leetcode.com/problems/find-n-unique-integers-sum-up-to-zero/description/,"HTTP 404: {""detail"":""Not Found""}"
1305,All Elements in Two Binary Search Trees,https://leetcode.com/problems/all-elements-in-two-binary-search-trees/description/,"HTTP 404: {""detail"":""Not Found""}"
1306,Jump Game III,https://leetcode.com/problems/jump-game-iii/description/,"HTTP 404: {""detail"":""Not Found""}"
1307,Verbal Arithmetic Puzzle,https://leetcode.com/problems/verbal-arithmetic-puzzle/description/,"HTTP 404: {""detail"":""Not Found""}"
1308,Running Total for Different Genders,https://leetcode.com/problems/running-total-for-different-genders/description/,"HTTP 404: {""detail"":""Not Found""}"
1309,Decrypt String from Alphabet to Integer Mapping,https://leetcode.com/problems/decrypt-string-from-alphabet-to-integer-mapping/description/,"HTTP 404: {""detail"":""Not Found""}"
1310,XOR Queries of a Subarray,https://leetcode.com/problems/xor-queries-of-a-subarray/description/,"HTTP 404: {""detail"":""Not Found""}"
1311,Get Watched Videos by Your Friends,https://leetcode.com/problems/get-watched-videos-by-your-friends/description/,"HTTP 404: {""detail"":""Not Found""}"
1312,Minimum Insertion Steps to Make a String Palindrome,https://leetcode.com/problems/minimum-insertion-steps-to-make-a-string-palindrome/description/,"HTTP 404: {""detail"":""Not Found""}"
1313,Decompress Run-Length Encoded List,https://leetcode.com/problems/decompress-run-length-encoded-list/description/,"HTTP 404: {""detail"":""Not Found""}"
1314,Matrix Block Sum,https://leetcode.com/problems/matrix-block-sum/description/,"HTTP 404: {""detail"":""Not Found""}"
1315,Sum of Nodes with Even-Valued Grandparent,https://leetcode.com/problems/sum-of-nodes-with-even-valued-grandparent/description/,"HTTP 404: {""detail"":""Not Found""}"
1316,Distinct Echo Substrings,https://leetcode.com/problems/distinct-echo-substrings/description/,"HTTP 404: {""detail"":""Not Found""}"
1317,Convert Integer to the Sum of Two No-Zero Integers,https://leetcode.com/problems/convert-integer-to-the-sum-of-two-no-zero-integers/description/,"HTTP 404: {""detail"":""Not Found""}"
1318,Minimum Flips to Make a OR b Equal to c,https://leetcode.com/problems/minimum-flips-to-make-a-or-b-equal-to-c/description/,"HTTP 404: {""detail"":""Not Found""}"
1319,Number of Operations to Make Network Connected,https://leetcode.com/problems/number-of-operations-to-make-network-connected/description/,"HTTP 404: {""detail"":""Not Found""}"
1320,Minimum Distance to Type a Word Using Two Fingers,https://leetcode.com/problems/minimum-distance-to-type-a-word-using-two-fingers/description/,"HTTP 404: {""detail"":""Not Found""}"
1321,Restaurant Growth,https://leetcode.com/problems/restaurant-growth/description/,"HTTP 404: {""detail"":""Not Found""}"
1322,Ads Performance,https://leetcode.com/problems/ads-performance/description/,"HTTP 404: {""detail"":""Not Found""}"
1323,Maximum 69 Number,https://leetcode.com/problems/maximum-69-number/description/,"HTTP 404: {""detail"":""Not Found""}"
1324,Print Words Vertically,https://leetcode.com/problems/print-words-vertically/description/,"HTTP 404: {""detail"":""Not Found""}"
1325,Delete Leaves With a Given Value,https://leetcode.com/problems/delete-leaves-with-a-given-value/description/,"HTTP 404: {""detail"":""Not Found""}"
1326,Minimum Number of Taps to Open to Water a Garden,https://leetcode.com/problems/minimum-number-of-taps-to-open-to-water-a-garden/description/,"HTTP 404: {""detail"":""Not Found""}"
1327,List the Products Ordered in a Period,https://leetcode.com/problems/list-the-products-ordered-in-a-period/description/,"HTTP 404: {""detail"":""Not Found""}"
1328,Break a Palindrome,https://leetcode.com/problems/break-a-palindrome/description/,"HTTP 404: {""detail"":""Not Found""}"
1329,Sort the Matrix Diagonally,https://leetcode.com/problems/sort-the-matrix-diagonally/description/,"HTTP 404: {""detail"":""Not Found""}"
1330,Reverse Subarray To Maximize Array Value,https://leetcode.com/problems/reverse-subarray-to-maximize-array-value/description/,"HTTP 404: {""detail"":""Not Found""}"
1331,Rank Transform of an Array,https://leetcode.com/problems/rank-transform-of-an-array/description/,"HTTP 404: {""detail"":""Not Found""}"
1332,Remove Palindromic Subsequences,https://leetcode.com/problems/remove-palindromic-subsequences/description/,"HTTP 404: {""detail"":""Not Found""}"
1333,"Filter Restaurants by Vegan-Friendly, Price and Distance",https://leetcode.com/problems/filter-restaurants-by-vegan-friendly-price-and-distance/description/,"HTTP 404: {""detail"":""Not Found""}"
1334,Find the City With the Smallest Number of Neighbors at a Threshold Distance,https://leetcode.com/problems/find-the-city-with-the-smallest-number-of-neighbors-at-a-threshold-distance/description/,"HTTP 404: {""detail"":""Not Found""}"
1335,Minimum Difficulty of a Job Schedule,https://leetcode.com/problems/minimum-difficulty-of-a-job-schedule/description/,"HTTP 404: {""detail"":""Not Found""}"
1336,Number of Transactions per Visit,https://leetcode.com/problems/number-of-transactions-per-visit/description/,"HTTP 404: {""detail"":""Not Found""}"
1337,The K Weakest Rows in a Matrix,https://leetcode.com/problems/the-k-weakest-rows-in-a-matrix/description/,"HTTP 404: {""detail"":""Not Found""}"
1338,Reduce Array Size to The Half,https://leetcode.com/problems/reduce-array-size-to-the-half/description/,"HTTP 404: {""detail"":""Not Found""}"
1339,Maximum Product of Splitted Binary Tree,https://leetcode.com/problems/maximum-product-of-splitted-binary-tree/description/,"HTTP 404: {""detail"":""Not Found""}"
1340,Jump Game V,https://leetcode.com/problems/jump-game-v/description/,"HTTP 404: {""detail"":""Not Found""}"
1341,Movie Rating,https://leetcode.com/problems/movie-rating/description/,"HTTP 404: {""detail"":""Not Found""}"
1342,Number of Steps to Reduce a Number to Zero,https://leetcode.com/problems/number-of-steps-to-reduce-a-number-to-zero/description/,"HTTP 404: {""detail"":""Not Found""}"
1343,Number of Sub-arrays of Size K and Average Greater than or Equal to Threshold,https://leetcode.com/problems/number-of-sub-arrays-of-size-k-and-average-greater-than-or-equal-to-threshold/description/,"HTTP 404: {""detail"":""Not Found""}"
1344,Angle Between Hands of a Clock,https://leetcode.com/problems/angle-between-hands-of-a-clock/description/,"HTTP 404: {""detail"":""Not Found""}"
1345,Jump Game IV,https://leetcode.com/problems/jump-game-iv/description/,"HTTP 404: {""detail"":""Not Found""}"
1346,Check If N and Its Double Exist,https://leetcode.com/problems/check-if-n-and-its-double-exist/description/,"HTTP 404: {""detail"":""Not Found""}"
1347,Minimum Number of Steps to Make Two Strings Anagram,https://leetcode.com/problems/minimum-number-of-steps-to-make-two-strings-anagram/description/,"HTTP 404: {""detail"":""Not Found""}"
1348,Tweet Counts Per Frequency,https://leetcode.com/problems/tweet-counts-per-frequency/description/,"HTTP 404: {""detail"":""Not Found""}"
1349,Maximum Students Taking Exam,https://leetcode.com/problems/maximum-students-taking-exam/description/,"HTTP 404: {""detail"":""Not Found""}"
1350,Students With Invalid Departments,https://leetcode.com/problems/students-with-invalid-departments/description/,"HTTP 404: {""detail"":""Not Found""}"
1351,Count Negative Numbers in a Sorted Matrix,https://leetcode.com/problems/count-negative-numbers-in-a-sorted-matrix/description/,"HTTP 404: {""detail"":""Not Found""}"
1352,Product of the Last K Numbers,https://leetcode.com/problems/product-of-the-last-k-numbers/description/,"HTTP 404: {""detail"":""Not Found""}"
1353,Maximum Number of Events That Can Be Attended,https://leetcode.com/problems/maximum-number-of-events-that-can-be-attended/description/,"HTTP 404: {""detail"":""Not Found""}"
1354,Construct Target Array With Multiple Sums,https://leetcode.com/problems/construct-target-array-with-multiple-sums/description/,"HTTP 404: {""detail"":""Not Found""}"
1355,Activity Participants,https://leetcode.com/problems/activity-participants/description/,"HTTP 404: {""detail"":""Not Found""}"
1356,Sort Integers by The Number of 1 Bits,https://leetcode.com/problems/sort-integers-by-the-number-of-1-bits/description/,"HTTP 404: {""detail"":""Not Found""}"
1357,Apply Discount Every n Orders,https://leetcode.com/problems/apply-discount-every-n-orders/description/,"HTTP 404: {""detail"":""Not Found""}"
1358,Number of Substrings Containing All Three Characters,https://leetcode.com/problems/number-of-substrings-containing-all-three-characters/description/,"HTTP 404: {""detail"":""Not Found""}"
1359,Count All Valid Pickup and Delivery Options,https://leetcode.com/problems/count-all-valid-pickup-and-delivery-options/description/,"HTTP 404: {""detail"":""Not Found""}"
1360,Number of Days Between Two Dates,https://leetcode.com/problems/number-of-days-between-two-dates/description/,"HTTP 404: {""detail"":""Not Found""}"
1361,Validate Binary Tree Nodes,https://leetcode.com/problems/validate-binary-tree-nodes/description/,"HTTP 404: {""detail"":""Not Found""}"
1362,Closest Divisors,https://leetcode.com/problems/closest-divisors/description/,"HTTP 404: {""detail"":""Not Found""}"
1363,Largest Multiple of Three,https://leetcode.com/problems/largest-multiple-of-three/description/,"HTTP 404: {""detail"":""Not Found""}"
1364,Number of Trusted Contacts of a Customer,https://leetcode.com/problems/number-of-trusted-contacts-of-a-customer/description/,"HTTP 404: {""detail"":""Not Found""}"
1365,How Many Numbers Are Smaller Than the Current Number,https://leetcode.com/problems/how-many-numbers-are-smaller-than-the-current-number/description/,"HTTP 404: {""detail"":""Not Found""}"
1366,Rank Teams by Votes,https://leetcode.com/problems/rank-teams-by-votes/description/,"HTTP 404: {""detail"":""Not Found""}"
1367,Linked List in Binary Tree,https://leetcode.com/problems/linked-list-in-binary-tree/description/,"HTTP 404: {""detail"":""Not Found""}"
1368,Minimum Cost to Make at Least One Valid Path in a Grid,https://leetcode.com/problems/minimum-cost-to-make-at-least-one-valid-path-in-a-grid/description/,"HTTP 404: {""detail"":""Not Found""}"
1369,Get the Second Most Recent Activity,https://leetcode.com/problems/get-the-second-most-recent-activity/description/,"HTTP 404: {""detail"":""Not Found""}"
1370,Increasing Decreasing String,https://leetcode.com/problems/increasing-decreasing-string/description/,"HTTP 404: {""detail"":""Not Found""}"
1371,Find the Longest Substring Containing Vowels in Even Counts,https://leetcode.com/problems/find-the-longest-substring-containing-vowels-in-even-counts/description/,"HTTP 404: {""detail"":""Not Found""}"
1372,Longest ZigZag Path in a Binary Tree,https://leetcode.com/problems/longest-zigzag-path-in-a-binary-tree/description/,"HTTP 404: {""detail"":""Not Found""}"
1373,Maximum Sum BST in Binary Tree,https://leetcode.com/problems/maximum-sum-bst-in-binary-tree/description/,"HTTP 404: {""detail"":""Not Found""}"
1374,Generate a String With Characters That Have Odd Counts,https://leetcode.com/problems/generate-a-string-with-characters-that-have-odd-counts/description/,"HTTP 404: {""detail"":""Not Found""}"
1375,Number of Times Binary String Is Prefix-Aligned,https://leetcode.com/problems/number-of-times-binary-string-is-prefix-aligned/description/,"HTTP 404: {""detail"":""Not Found""}"
1376,Time Needed to Inform All Employees,https://leetcode.com/problems/time-needed-to-inform-all-employees/description/,"HTTP 404: {""detail"":""Not Found""}"
1377,Frog Position After T Seconds,https://leetcode.com/problems/frog-position-after-t-seconds/description/,"HTTP 404: {""detail"":""Not Found""}"
1378,Replace Employee ID With The Unique Identifier,https://leetcode.com/problems/replace-employee-id-with-the-unique-identifier/description/,"HTTP 404: {""detail"":""Not Found""}"
1379,Find a Corresponding Node of a Binary Tree in a Clone of That Tree,https://leetcode.com/problems/find-a-corresponding-node-of-a-binary-tree-in-a-clone-of-that-tree/description/,"HTTP 404: {""detail"":""Not Found""}"
1380,Lucky Numbers in a Matrix,https://leetcode.com/problems/lucky-numbers-in-a-matrix/description/,"HTTP 404: {""detail"":""Not Found""}"
1381,Design a Stack With Increment Operation,https://leetcode.com/problems/design-a-stack-with-increment-operation/description/,"HTTP 404: {""detail"":""Not Found""}"
1382,Balance a Binary Search Tree,https://leetcode.com/problems/balance-a-binary-search-tree/description/,"HTTP 404: {""detail"":""Not Found""}"
1383,Maximum Performance of a Team,https://leetcode.com/problems/maximum-performance-of-a-team/description/,"HTTP 404: {""detail"":""Not Found""}"
1384,Total Sales Amount by Year,https://leetcode.com/problems/total-sales-amount-by-year/description/,"HTTP 404: {""detail"":""Not Found""}"
1385,Find the Distance Value Between Two Arrays,https://leetcode.com/problems/find-the-distance-value-between-two-arrays/description/,"HTTP 404: {""detail"":""Not Found""}"
1386,Cinema Seat Allocation,https://leetcode.com/problems/cinema-seat-allocation/description/,"HTTP 404: {""detail"":""Not Found""}"
1387,Sort Integers by The Power Value,https://leetcode.com/problems/sort-integers-by-the-power-value/description/,"HTTP 404: {""detail"":""Not Found""}"
1388,Pizza With 3n Slices,https://leetcode.com/problems/pizza-with-3n-slices/description/,"HTTP 404: {""detail"":""Not Found""}"
1389,Create Target Array in the Given Order,https://leetcode.com/problems/create-target-array-in-the-given-order/description/,"HTTP 404: {""detail"":""Not Found""}"
1390,Four Divisors,https://leetcode.com/problems/four-divisors/description/,"HTTP 404: {""detail"":""Not Found""}"
1391,Check if There is a Valid Path in a Grid,https://leetcode.com/problems/check-if-there-is-a-valid-path-in-a-grid/description/,"HTTP 404: {""detail"":""Not Found""}"
1392,Longest Happy Prefix,https://leetcode.com/problems/longest-happy-prefix/description/,"HTTP 404: {""detail"":""Not Found""}"
1393,Capital Gain/Loss,https://leetcode.com/problems/capital-gainloss/description/,"HTTP 404: {""detail"":""Not Found""}"
1394,Find Lucky Integer in an Array,https://leetcode.com/problems/find-lucky-integer-in-an-array/description/,"HTTP 404: {""detail"":""Not Found""}"
1395,Count Number of Teams,https://leetcode.com/problems/count-number-of-teams/description/,"HTTP 404: {""detail"":""Not Found""}"
1396,Design Underground System,https://leetcode.com/problems/design-underground-system/description/,"HTTP 404: {""detail"":""Not Found""}"
1397,Find All Good Strings,https://leetcode.com/problems/find-all-good-strings/description/,"HTTP 404: {""detail"":""Not Found""}"
1398,Customers Who Bought Products A and B but Not C,https://leetcode.com/problems/customers-who-bought-products-a-and-b-but-not-c/description/,"HTTP 404: {""detail"":""Not Found""}"
1399,Count Largest Group,https://leetcode.com/problems/count-largest-group/description/,"HTTP 404: {""detail"":""Not Found""}"
1400,Construct K Palindrome Strings,https://leetcode.com/problems/construct-k-palindrome-strings/description/,"HTTP 404: {""detail"":""Not Found""}"
1401,Circle and Rectangle Overlapping,https://leetcode.com/problems/circle-and-rectangle-overlapping/description/,"HTTP 404: {""detail"":""Not Found""}"
1402,Reducing Dishes,https://leetcode.com/problems/reducing-dishes/description/,"HTTP 404: {""detail"":""Not Found""}"
1403,Minimum Subsequence in Non-Increasing Order,https://leetcode.com/problems/minimum-subsequence-in-non-increasing-order/description/,"HTTP 404: {""detail"":""Not Found""}"
1404,Number of Steps to Reduce a Number in Binary Representation to One,https://leetcode.com/problems/number-of-steps-to-reduce-a-number-in-binary-representation-to-one/description/,"HTTP 404: {""detail"":""Not Found""}"
1405,Longest Happy String,https://leetcode.com/problems/longest-happy-string/description/,"HTTP 404: {""detail"":""Not Found""}"
1406,Stone Game III,https://leetcode.com/problems/stone-game-iii/description/,"HTTP 404: {""detail"":""Not Found""}"
1407,Top Travellers,https://leetcode.com/problems/top-travellers/description/,"HTTP 404: {""detail"":""Not Found""}"
1408,String Matching in an Array,https://leetcode.com/problems/string-matching-in-an-array/description/,"HTTP 404: {""detail"":""Not Found""}"
1409,Queries on a Permutation With Key,https://leetcode.com/problems/queries-on-a-permutation-with-key/description/,"HTTP 404: {""detail"":""Not Found""}"
1410,HTML Entity Parser,https://leetcode.com/problems/html-entity-parser/description/,"HTTP 404: {""detail"":""Not Found""}"
1411,Number of Ways to Paint N × 3 Grid,https://leetcode.com/problems/number-of-ways-to-paint-n-3-grid/description/,"HTTP 404: {""detail"":""Not Found""}"
1412,Find the Quiet Students in All Exams,https://leetcode.com/problems/find-the-quiet-students-in-all-exams/description/,"HTTP 404: {""detail"":""Not Found""}"
1413,Minimum Value to Get Positive Step by Step Sum,https://leetcode.com/problems/minimum-value-to-get-positive-step-by-step-sum/description/,"HTTP 404: {""detail"":""Not Found""}"
1414,Find the Minimum Number of Fibonacci Numbers Whose Sum Is K,https://leetcode.com/problems/find-the-minimum-number-of-fibonacci-numbers-whose-sum-is-k/description/,"HTTP 404: {""detail"":""Not Found""}"
1415,The k-th Lexicographical String of All Happy Strings of Length n,https://leetcode.com/problems/the-k-th-lexicographical-string-of-all-happy-strings-of-length-n/description/,"HTTP 404: {""detail"":""Not Found""}"
1416,Restore The Array,https://leetcode.com/problems/restore-the-array/description/,"HTTP 404: {""detail"":""Not Found""}"
1417,Reformat The String,https://leetcode.com/problems/reformat-the-string/description/,"HTTP 404: {""detail"":""Not Found""}"
1418,Display Table of Food Orders in a Restaurant,https://leetcode.com/problems/display-table-of-food-orders-in-a-restaurant/description/,"HTTP 404: {""detail"":""Not Found""}"
1419,Minimum Number of Frogs Croaking,https://leetcode.com/problems/minimum-number-of-frogs-croaking/description/,"HTTP 404: {""detail"":""Not Found""}"
1420,Build Array Where You Can Find The Maximum Exactly K Comparisons,https://leetcode.com/problems/build-array-where-you-can-find-the-maximum-exactly-k-comparisons/description/,"HTTP 404: {""detail"":""Not Found""}"
1421,NPV Queries,https://leetcode.com/problems/npv-queries/description/,"HTTP 404: {""detail"":""Not Found""}"
1422,Maximum Score After Splitting a String,https://leetcode.com/problems/maximum-score-after-splitting-a-string/description/,"HTTP 404: {""detail"":""Not Found""}"
1423,Maximum Points You Can Obtain from Cards,https://leetcode.com/problems/maximum-points-you-can-obtain-from-cards/description/,"HTTP 404: {""detail"":""Not Found""}"
1424,Diagonal Traverse II,https://leetcode.com/problems/diagonal-traverse-ii/description/,"HTTP 404: {""detail"":""Not Found""}"
1425,Constrained Subsequence Sum,https://leetcode.com/problems/constrained-subsequence-sum/description/,"HTTP 404: {""detail"":""Not Found""}"
1426,Counting Elements,https://leetcode.com/problems/counting-elements/description/,"HTTP 404: {""detail"":""Not Found""}"
1427,Perform String Shifts,https://leetcode.com/problems/perform-string-shifts/description/,"HTTP 404: {""detail"":""Not Found""}"
1428,Leftmost Column with at Least a One,https://leetcode.com/problems/leftmost-column-with-at-least-a-one/description/,"HTTP 404: {""detail"":""Not Found""}"
1429,First Unique Number,https://leetcode.com/problems/first-unique-number/description/,"HTTP 404: {""detail"":""Not Found""}"
1430,Check If a String Is a Valid Sequence from Root to Leaves Path in a Binary Tree,https://leetcode.com/problems/check-if-a-string-is-a-valid-sequence-from-root-to-leaves-path-in-a-binary-tree/description/,"HTTP 404: {""detail"":""Not Found""}"
1431,Kids With the Greatest Number of Candies,https://leetcode.com/problems/kids-with-the-greatest-number-of-candies/description/,"HTTP 404: {""detail"":""Not Found""}"
1432,Max Difference You Can Get From Changing an Integer,https://leetcode.com/problems/max-difference-you-can-get-from-changing-an-integer/description/,"HTTP 404: {""detail"":""Not Found""}"
1433,Check If a String Can Break Another String,https://leetcode.com/problems/check-if-a-string-can-break-another-string/description/,"HTTP 404: {""detail"":""Not Found""}"
1434,Number of Ways to Wear Different Hats to Each Other,https://leetcode.com/problems/number-of-ways-to-wear-different-hats-to-each-other/description/,"HTTP 404: {""detail"":""Not Found""}"
1435,Create a Session Bar Chart,https://leetcode.com/problems/create-a-session-bar-chart/description/,"HTTP 404: {""detail"":""Not Found""}"
1436,Destination City,https://leetcode.com/problems/destination-city/description/,"HTTP 404: {""detail"":""Not Found""}"
1437,Check If All 1's Are at Least Length K Places Away,https://leetcode.com/problems/check-if-all-1s-are-at-least-length-k-places-away/description/,"HTTP 404: {""detail"":""Not Found""}"
1438,Longest Continuous Subarray With Absolute Diff Less Than or Equal to Limit,https://leetcode.com/problems/longest-continuous-subarray-with-absolute-diff-less-than-or-equal-to-limit/description/,"HTTP 404: {""detail"":""Not Found""}"
1439,Find the Kth Smallest Sum of a Matrix With Sorted Rows,https://leetcode.com/problems/find-the-kth-smallest-sum-of-a-matrix-with-sorted-rows/description/,"HTTP 404: {""detail"":""Not Found""}"
1440,Evaluate Boolean Expression,https://leetcode.com/problems/evaluate-boolean-expression/description/,"HTTP 404: {""detail"":""Not Found""}"
1441,Build an Array With Stack Operations,https://leetcode.com/problems/build-an-array-with-stack-operations/description/,"HTTP 404: {""detail"":""Not Found""}"
1442,Count Triplets That Can Form Two Arrays of Equal XOR,https://leetcode.com/problems/count-triplets-that-can-form-two-arrays-of-equal-xor/description/,"HTTP 404: {""detail"":""Not Found""}"
1443,Minimum Time to Collect All Apples in a Tree,https://leetcode.com/problems/minimum-time-to-collect-all-apples-in-a-tree/description/,"HTTP 404: {""detail"":""Not Found""}"
1444,Number of Ways of Cutting a Pizza,https://leetcode.com/problems/number-of-ways-of-cutting-a-pizza/description/,"HTTP 404: {""detail"":""Not Found""}"
1445,Apples & Oranges,https://leetcode.com/problems/apples-oranges/description/,"HTTP 404: {""detail"":""Not Found""}"
1446,Consecutive Characters,https://leetcode.com/problems/consecutive-characters/description/,"HTTP 404: {""detail"":""Not Found""}"
1447,Simplified Fractions,https://leetcode.com/problems/simplified-fractions/description/,"HTTP 404: {""detail"":""Not Found""}"
1448,Count Good Nodes in Binary Tree,https://leetcode.com/problems/count-good-nodes-in-binary-tree/description/,"HTTP 404: {""detail"":""Not Found""}"
1449,Form Largest Integer With Digits That Add up to Target,https://leetcode.com/problems/form-largest-integer-with-digits-that-add-up-to-target/description/,"HTTP 404: {""detail"":""Not Found""}"
1450,Number of Students Doing Homework at a Given Time,https://leetcode.com/problems/number-of-students-doing-homework-at-a-given-time/description/,"HTTP 404: {""detail"":""Not Found""}"
1451,Rearrange Words in a Sentence,https://leetcode.com/problems/rearrange-words-in-a-sentence/description/,"HTTP 404: {""detail"":""Not Found""}"
1452,People Whose List of Favorite Companies Is Not a Subset of Another List,https://leetcode.com/problems/people-whose-list-of-favorite-companies-is-not-a-subset-of-another-list/description/,"HTTP 404: {""detail"":""Not Found""}"
1453,Maximum Number of Darts Inside of a Circular Dartboard,https://leetcode.com/problems/maximum-number-of-darts-inside-of-a-circular-dartboard/description/,"HTTP 404: {""detail"":""Not Found""}"
1454,Active Users,https://leetcode.com/problems/active-users/description/,"HTTP 404: {""detail"":""Not Found""}"
1455,Check If a Word Occurs As a Prefix of Any Word in a Sentence,https://leetcode.com/problems/check-if-a-word-occurs-as-a-prefix-of-any-word-in-a-sentence/description/,"HTTP 404: {""detail"":""Not Found""}"
1456,Maximum Number of Vowels in a Substring of Given Length,https://leetcode.com/problems/maximum-number-of-vowels-in-a-substring-of-given-length/description/,"HTTP 404: {""detail"":""Not Found""}"
1457,Pseudo-Palindromic Paths in a Binary Tree,https://leetcode.com/problems/pseudo-palindromic-paths-in-a-binary-tree/description/,"HTTP 404: {""detail"":""Not Found""}"
1458,Max Dot Product of Two Subsequences,https://leetcode.com/problems/max-dot-product-of-two-subsequences/description/,"HTTP 404: {""detail"":""Not Found""}"
1459,Rectangles Area,https://leetcode.com/problems/rectangles-area/description/,"HTTP 404: {""detail"":""Not Found""}"
1460,Make Two Arrays Equal by Reversing Subarrays,https://leetcode.com/problems/make-two-arrays-equal-by-reversing-subarrays/description/,"HTTP 404: {""detail"":""Not Found""}"
1461,Check If a String Contains All Binary Codes of Size K,https://leetcode.com/problems/check-if-a-string-contains-all-binary-codes-of-size-k/description/,"HTTP 404: {""detail"":""Not Found""}"
1462,Course Schedule IV,https://leetcode.com/problems/course-schedule-iv/description/,"HTTP 404: {""detail"":""Not Found""}"
1463,Cherry Pickup II,https://leetcode.com/problems/cherry-pickup-ii/description/,"HTTP 404: {""detail"":""Not Found""}"
1464,Maximum Product of Two Elements in an Array,https://leetcode.com/problems/maximum-product-of-two-elements-in-an-array/description/,"HTTP 404: {""detail"":""Not Found""}"
1465,Maximum Area of a Piece of Cake After Horizontal and Vertical Cuts,https://leetcode.com/problems/maximum-area-of-a-piece-of-cake-after-horizontal-and-vertical-cuts/description/,"HTTP 404: {""detail"":""Not Found""}"
1466,Reorder Routes to Make All Paths Lead to the City Zero,https://leetcode.com/problems/reorder-routes-to-make-all-paths-lead-to-the-city-zero/description/,"HTTP 404: {""detail"":""Not Found""}"
1467,Probability of a Two Boxes Having The Same Number of Distinct Balls,https://leetcode.com/problems/probability-of-a-two-boxes-having-the-same-number-of-distinct-balls/description/,"HTTP 404: {""detail"":""Not Found""}"
1468,Calculate Salaries,https://leetcode.com/problems/calculate-salaries/description/,"HTTP 404: {""detail"":""Not Found""}"
1469,Find All The Lonely Nodes,https://leetcode.com/problems/find-all-the-lonely-nodes/description/,"HTTP 404: {""detail"":""Not Found""}"
1470,Shuffle the Array,https://leetcode.com/problems/shuffle-the-array/description/,"HTTP 404: {""detail"":""Not Found""}"
1471,The k Strongest Values in an Array,https://leetcode.com/problems/the-k-strongest-values-in-an-array/description/,"HTTP 404: {""detail"":""Not Found""}"
1472,Design Browser History,https://leetcode.com/problems/design-browser-history/description/,"HTTP 404: {""detail"":""Not Found""}"
1473,Paint House III,https://leetcode.com/problems/paint-house-iii/description/,"HTTP 404: {""detail"":""Not Found""}"
1474,Delete N Nodes After M Nodes of a Linked List,https://leetcode.com/problems/delete-n-nodes-after-m-nodes-of-a-linked-list/description/,"HTTP 404: {""detail"":""Not Found""}"
1475,Final Prices With a Special Discount in a Shop,https://leetcode.com/problems/final-prices-with-a-special-discount-in-a-shop/description/,"HTTP 404: {""detail"":""Not Found""}"
1476,Subrectangle Queries,https://leetcode.com/problems/subrectangle-queries/description/,"HTTP 404: {""detail"":""Not Found""}"
1477,Find Two Non-overlapping Sub-arrays Each With Target Sum,https://leetcode.com/problems/find-two-non-overlapping-sub-arrays-each-with-target-sum/description/,"HTTP 404: {""detail"":""Not Found""}"
1478,Allocate Mailboxes,https://leetcode.com/problems/allocate-mailboxes/description/,"HTTP 404: {""detail"":""Not Found""}"
1479,Sales by Day of the Week,https://leetcode.com/problems/sales-by-day-of-the-week/description/,"HTTP 404: {""detail"":""Not Found""}"
1480,Running Sum of 1d Array,https://leetcode.com/problems/running-sum-of-1d-array/description/,"HTTP 404: {""detail"":""Not Found""}"
1481,Least Number of Unique Integers after K Removals,https://leetcode.com/problems/least-number-of-unique-integers-after-k-removals/description/,"HTTP 404: {""detail"":""Not Found""}"
1482,Minimum Number of Days to Make m Bouquets,https://leetcode.com/problems/minimum-number-of-days-to-make-m-bouquets/description/,"HTTP 404: {""detail"":""Not Found""}"
1483,Kth Ancestor of a Tree Node,https://leetcode.com/problems/kth-ancestor-of-a-tree-node/description/,"HTTP 404: {""detail"":""Not Found""}"
1484,Group Sold Products By The Date,https://leetcode.com/problems/group-sold-products-by-the-date/description/,"HTTP 404: {""detail"":""Not Found""}"
1485,Clone Binary Tree With Random Pointer,https://leetcode.com/problems/clone-binary-tree-with-random-pointer/description/,"HTTP 404: {""detail"":""Not Found""}"
1486,XOR Operation in an Array,https://leetcode.com/problems/xor-operation-in-an-array/description/,"HTTP 404: {""detail"":""Not Found""}"
1487,Making File Names Unique,https://leetcode.com/problems/making-file-names-unique/description/,"HTTP 404: {""detail"":""Not Found""}"
1488,Avoid Flood in The City,https://leetcode.com/problems/avoid-flood-in-the-city/description/,"HTTP 404: {""detail"":""Not Found""}"
1489,Find Critical and Pseudo-Critical Edges in Minimum Spanning Tree,https://leetcode.com/problems/find-critical-and-pseudo-critical-edges-in-minimum-spanning-tree/description/,"HTTP 404: {""detail"":""Not Found""}"
1490,Clone N-ary Tree,https://leetcode.com/problems/clone-n-ary-tree/description/,"HTTP 404: {""detail"":""Not Found""}"
1491,Average Salary Excluding the Minimum and Maximum Salary,https://leetcode.com/problems/average-salary-excluding-the-minimum-and-maximum-salary/description/,"HTTP 404: {""detail"":""Not Found""}"
1492,The kth Factor of n,https://leetcode.com/problems/the-kth-factor-of-n/description/,"HTTP 404: {""detail"":""Not Found""}"
1493,Longest Subarray of 1's After Deleting One Element,https://leetcode.com/problems/longest-subarray-of-1s-after-deleting-one-element/description/,"HTTP 404: {""detail"":""Not Found""}"
1494,Parallel Courses II,https://leetcode.com/problems/parallel-courses-ii/description/,"HTTP 404: {""detail"":""Not Found""}"
1495,Friendly Movies Streamed Last Month,https://leetcode.com/problems/friendly-movies-streamed-last-month/description/,"HTTP 404: {""detail"":""Not Found""}"
1496,Path Crossing,https://leetcode.com/problems/path-crossing/description/,"HTTP 404: {""detail"":""Not Found""}"
1497,Check If Array Pairs Are Divisible by k,https://leetcode.com/problems/check-if-array-pairs-are-divisible-by-k/description/,"HTTP 404: {""detail"":""Not Found""}"
1498,Number of Subsequences That Satisfy the Given Sum Condition,https://leetcode.com/problems/number-of-subsequences-that-satisfy-the-given-sum-condition/description/,"HTTP 404: {""detail"":""Not Found""}"
1499,Max Value of Equation,https://leetcode.com/problems/max-value-of-equation/description/,"HTTP 404: {""detail"":""Not Found""}"
1500,Design a File Sharing System,https://leetcode.com/problems/design-a-file-sharing-system/description/,"HTTP 404: {""detail"":""Not Found""}"
1501,Countries You Can Safely Invest In,https://leetcode.com/problems/countries-you-can-safely-invest-in/description/,"HTTP 404: {""detail"":""Not Found""}"
1502,Can Make Arithmetic Progression From Sequence,https://leetcode.com/problems/can-make-arithmetic-progression-from-sequence/description/,"HTTP 404: {""detail"":""Not Found""}"
1503,Last Moment Before All Ants Fall Out of a Plank,https://leetcode.com/problems/last-moment-before-all-ants-fall-out-of-a-plank/description/,"HTTP 404: {""detail"":""Not Found""}"
1504,Count Submatrices With All Ones,https://leetcode.com/problems/count-submatrices-with-all-ones/description/,"HTTP 404: {""detail"":""Not Found""}"
1505,Minimum Possible Integer After at Most K Adjacent Swaps On Digits,https://leetcode.com/problems/minimum-possible-integer-after-at-most-k-adjacent-swaps-on-digits/description/,"HTTP 404: {""detail"":""Not Found""}"
1506,Find Root of N-Ary Tree,https://leetcode.com/problems/find-root-of-n-ary-tree/description/,"HTTP 404: {""detail"":""Not Found""}"
1507,Reformat Date,https://leetcode.com/problems/reformat-date/description/,"HTTP 404: {""detail"":""Not Found""}"
1508,Range Sum of Sorted Subarray Sums,https://leetcode.com/problems/range-sum-of-sorted-subarray-sums/description/,"HTTP 404: {""detail"":""Not Found""}"
1509,Minimum Difference Between Largest and Smallest Value in Three Moves,https://leetcode.com/problems/minimum-difference-between-largest-and-smallest-value-in-three-moves/description/,"HTTP 404: {""detail"":""Not Found""}"
1510,Stone Game IV,https://leetcode.com/problems/stone-game-iv/description/,"HTTP 404: {""detail"":""Not Found""}"
1511,Customer Order Frequency,https://leetcode.com/problems/customer-order-frequency/description/,"HTTP 404: {""detail"":""Not Found""}"
1512,Number of Good Pairs,https://leetcode.com/problems/number-of-good-pairs/description/,"HTTP 404: {""detail"":""Not Found""}"
1513,Number of Substrings With Only 1s,https://leetcode.com/problems/number-of-substrings-with-only-1s/description/,"HTTP 404: {""detail"":""Not Found""}"
1514,Path with Maximum Probability,https://leetcode.com/problems/path-with-maximum-probability/description/,"HTTP 404: {""detail"":""Not Found""}"
1515,Best Position for a Service Centre,https://leetcode.com/problems/best-position-for-a-service-centre/description/,"HTTP 404: {""detail"":""Not Found""}"
1516,Move Sub-Tree of N-Ary Tree,https://leetcode.com/problems/move-sub-tree-of-n-ary-tree/description/,"HTTP 404: {""detail"":""Not Found""}"
1517,Find Users With Valid E-Mails,https://leetcode.com/problems/find-users-with-valid-e-mails/description/,"HTTP 404: {""detail"":""Not Found""}"
1518,Water Bottles,https://leetcode.com/problems/water-bottles/description/,"HTTP 404: {""detail"":""Not Found""}"
1519,Number of Nodes in the Sub-Tree With the Same Label,https://leetcode.com/problems/number-of-nodes-in-the-sub-tree-with-the-same-label/description/,"HTTP 404: {""detail"":""Not Found""}"
1520,Maximum Number of Non-Overlapping Substrings,https://leetcode.com/problems/maximum-number-of-non-overlapping-substrings/description/,"HTTP 404: {""detail"":""Not Found""}"
1521,Find a Value of a Mysterious Function Closest to Target,https://leetcode.com/problems/find-a-value-of-a-mysterious-function-closest-to-target/description/,"HTTP 404: {""detail"":""Not Found""}"
1522,Diameter of N-Ary Tree,https://leetcode.com/problems/diameter-of-n-ary-tree/description/,"HTTP 404: {""detail"":""Not Found""}"
1523,Count Odd Numbers in an Interval Range,https://leetcode.com/problems/count-odd-numbers-in-an-interval-range/description/,"HTTP 404: {""detail"":""Not Found""}"
1524,Number of Sub-arrays With Odd Sum,https://leetcode.com/problems/number-of-sub-arrays-with-odd-sum/description/,"HTTP 404: {""detail"":""Not Found""}"
1525,Number of Good Ways to Split a String,https://leetcode.com/problems/number-of-good-ways-to-split-a-string/description/,"HTTP 404: {""detail"":""Not Found""}"
1526,Minimum Number of Increments on Subarrays to Form a Target Array,https://leetcode.com/problems/minimum-number-of-increments-on-subarrays-to-form-a-target-array/description/,"HTTP 404: {""detail"":""Not Found""}"
1527,Patients With a Condition,https://leetcode.com/problems/patients-with-a-condition/description/,"HTTP 404: {""detail"":""Not Found""}"
1528,Shuffle String,https://leetcode.com/problems/shuffle-string/description/,"HTTP 404: {""detail"":""Not Found""}"
1529,Minimum Suffix Flips,https://leetcode.com/problems/minimum-suffix-flips/description/,"HTTP 404: {""detail"":""Not Found""}"
1530,Number of Good Leaf Nodes Pairs,https://leetcode.com/problems/number-of-good-leaf-nodes-pairs/description/,"HTTP 404: {""detail"":""Not Found""}"
1531,String Compression II,https://leetcode.com/problems/string-compression-ii/description/,"HTTP 404: {""detail"":""Not Found""}"
1532,The Most Recent Three Orders,https://leetcode.com/problems/the-most-recent-three-orders/description/,"HTTP 404: {""detail"":""Not Found""}"
1533,Find the Index of the Large Integer,https://leetcode.com/problems/find-the-index-of-the-large-integer/description/,"HTTP 404: {""detail"":""Not Found""}"
1534,Count Good Triplets,https://leetcode.com/problems/count-good-triplets/description/,"HTTP 404: {""detail"":""Not Found""}"
1535,Find the Winner of an Array Game,https://leetcode.com/problems/find-the-winner-of-an-array-game/description/,"HTTP 404: {""detail"":""Not Found""}"
1536,Minimum Swaps to Arrange a Binary Grid,https://leetcode.com/problems/minimum-swaps-to-arrange-a-binary-grid/description/,"HTTP 404: {""detail"":""Not Found""}"
1537,Get the Maximum Score,https://leetcode.com/problems/get-the-maximum-score/description/,"HTTP 404: {""detail"":""Not Found""}"
1538,Guess the Majority in a Hidden Array,https://leetcode.com/problems/guess-the-majority-in-a-hidden-array/description/,"HTTP 404: {""detail"":""Not Found""}"
1539,Kth Missing Positive Number,https://leetcode.com/problems/kth-missing-positive-number/description/,"HTTP 404: {""detail"":""Not Found""}"
1540,Can Convert String in K Moves,https://leetcode.com/problems/can-convert-string-in-k-moves/description/,"HTTP 404: {""detail"":""Not Found""}"
1541,Minimum Insertions to Balance a Parentheses String,https://leetcode.com/problems/minimum-insertions-to-balance-a-parentheses-string/description/,"HTTP 404: {""detail"":""Not Found""}"
1542,Find Longest Awesome Substring,https://leetcode.com/problems/find-longest-awesome-substring/description/,"HTTP 404: {""detail"":""Not Found""}"
1543,Fix Product Name Format,https://leetcode.com/problems/fix-product-name-format/description/,"HTTP 404: {""detail"":""Not Found""}"
1544,Make The String Great,https://leetcode.com/problems/make-the-string-great/description/,"HTTP 404: {""detail"":""Not Found""}"
1545,Find Kth Bit in Nth Binary String,https://leetcode.com/problems/find-kth-bit-in-nth-binary-string/description/,"HTTP 404: {""detail"":""Not Found""}"
1546,Maximum Number of Non-Overlapping Subarrays With Sum Equals Target,https://leetcode.com/problems/maximum-number-of-non-overlapping-subarrays-with-sum-equals-target/description/,"HTTP 404: {""detail"":""Not Found""}"
1547,Minimum Cost to Cut a Stick,https://leetcode.com/problems/minimum-cost-to-cut-a-stick/description/,"HTTP 404: {""detail"":""Not Found""}"
1548,The Most Similar Path in a Graph,https://leetcode.com/problems/the-most-similar-path-in-a-graph/description/,"HTTP 404: {""detail"":""Not Found""}"
1549,The Most Recent Orders for Each Product,https://leetcode.com/problems/the-most-recent-orders-for-each-product/description/,"HTTP 404: {""detail"":""Not Found""}"
1550,Three Consecutive Odds,https://leetcode.com/problems/three-consecutive-odds/description/,"HTTP 404: {""detail"":""Not Found""}"
1551,Minimum Operations to Make Array Equal,https://leetcode.com/problems/minimum-operations-to-make-array-equal/description/,"HTTP 404: {""detail"":""Not Found""}"
1552,Magnetic Force Between Two Balls,https://leetcode.com/problems/magnetic-force-between-two-balls/description/,"HTTP 404: {""detail"":""Not Found""}"
1553,Minimum Number of Days to Eat N Oranges,https://leetcode.com/problems/minimum-number-of-days-to-eat-n-oranges/description/,"HTTP 404: {""detail"":""Not Found""}"
1554,Strings Differ by One Character,https://leetcode.com/problems/strings-differ-by-one-character/description/,"HTTP 404: {""detail"":""Not Found""}"
1555,Bank Account Summary,https://leetcode.com/problems/bank-account-summary/description/,"HTTP 404: {""detail"":""Not Found""}"
1556,Thousand Separator,https://leetcode.com/problems/thousand-separator/description/,"HTTP 404: {""detail"":""Not Found""}"
1557,Minimum Number of Vertices to Reach All Nodes,https://leetcode.com/problems/minimum-number-of-vertices-to-reach-all-nodes/description/,"HTTP 404: {""detail"":""Not Found""}"
1558,Minimum Numbers of Function Calls to Make Target Array,https://leetcode.com/problems/minimum-numbers-of-function-calls-to-make-target-array/description/,"HTTP 404: {""detail"":""Not Found""}"
1559,Detect Cycles in 2D Grid,https://leetcode.com/problems/detect-cycles-in-2d-grid/description/,"HTTP 404: {""detail"":""Not Found""}"
1560,Most Visited Sector in  a Circular Track,https://leetcode.com/problems/most-visited-sector-in-a-circular-track/description/,"HTTP 404: {""detail"":""Not Found""}"
1561,Maximum Number of Coins You Can Get,https://leetcode.com/problems/maximum-number-of-coins-you-can-get/description/,"HTTP 404: {""detail"":""Not Found""}"
1562,Find Latest Group of Size M,https://leetcode.com/problems/find-latest-group-of-size-m/description/,"HTTP 404: {""detail"":""Not Found""}"
1563,Stone Game V,https://leetcode.com/problems/stone-game-v/description/,"HTTP 404: {""detail"":""Not Found""}"
1564,Put Boxes Into the Warehouse I,https://leetcode.com/problems/put-boxes-into-the-warehouse-i/description/,"HTTP 404: {""detail"":""Not Found""}"
1565,Unique Orders and Customers Per Month,https://leetcode.com/problems/unique-orders-and-customers-per-month/description/,"HTTP 404: {""detail"":""Not Found""}"
1566,Detect Pattern of Length M Repeated K or More Times,https://leetcode.com/problems/detect-pattern-of-length-m-repeated-k-or-more-times/description/,"HTTP 404: {""detail"":""Not Found""}"
1567,Maximum Length of Subarray With Positive Product,https://leetcode.com/problems/maximum-length-of-subarray-with-positive-product/description/,"HTTP 404: {""detail"":""Not Found""}"
1568,Minimum Number of Days to Disconnect Island,https://leetcode.com/problems/minimum-number-of-days-to-disconnect-island/description/,"HTTP 404: {""detail"":""Not Found""}"
1569,Number of Ways to Reorder Array to Get Same BST,https://leetcode.com/problems/number-of-ways-to-reorder-array-to-get-same-bst/description/,"HTTP 404: {""detail"":""Not Found""}"
1570,Dot Product of Two Sparse Vectors,https://leetcode.com/problems/dot-product-of-two-sparse-vectors/description/,"HTTP 404: {""detail"":""Not Found""}"
1571,Warehouse Manager,https://leetcode.com/problems/warehouse-manager/description/,"HTTP 404: {""detail"":""Not Found""}"
1572,Matrix Diagonal Sum,https://leetcode.com/problems/matrix-diagonal-sum/description/,"HTTP 404: {""detail"":""Not Found""}"
1573,Number of Ways to Split a String,https://leetcode.com/problems/number-of-ways-to-split-a-string/description/,"HTTP 404: {""detail"":""Not Found""}"
1574,Shortest Subarray to be Removed to Make Array Sorted,https://leetcode.com/problems/shortest-subarray-to-be-removed-to-make-array-sorted/description/,"HTTP 404: {""detail"":""Not Found""}"
1575,Count All Possible Routes,https://leetcode.com/problems/count-all-possible-routes/description/,"HTTP 404: {""detail"":""Not Found""}"
1576,Replace All ?'s to Avoid Consecutive Repeating Characters,https://leetcode.com/problems/replace-all-s-to-avoid-consecutive-repeating-characters/description/,"HTTP 404: {""detail"":""Not Found""}"
1577,Number of Ways Where Square of Number Is Equal to Product of Two Numbers,https://leetcode.com/problems/number-of-ways-where-square-of-number-is-equal-to-product-of-two-numbers/description/,"HTTP 404: {""detail"":""Not Found""}"
1578,Minimum Time to Make Rope Colorful,https://leetcode.com/problems/minimum-time-to-make-rope-colorful/description/,"HTTP 404: {""detail"":""Not Found""}"
1579,Remove Max Number of Edges to Keep Graph Fully Traversable,https://leetcode.com/problems/remove-max-number-of-edges-to-keep-graph-fully-traversable/description/,"HTTP 404: {""detail"":""Not Found""}"
1580,Put Boxes Into the Warehouse II,https://leetcode.com/problems/put-boxes-into-the-warehouse-ii/description/,"HTTP 404: {""detail"":""Not Found""}"
1581,Customer Who Visited but Did Not Make Any Transactions,https://leetcode.com/problems/customer-who-visited-but-did-not-make-any-transactions/description/,"HTTP 404: {""detail"":""Not Found""}"
1582,Special Positions in a Binary Matrix,https://leetcode.com/problems/special-positions-in-a-binary-matrix/description/,"HTTP 404: {""detail"":""Not Found""}"
1583,Count Unhappy Friends,https://leetcode.com/problems/count-unhappy-friends/description/,"HTTP 404: {""detail"":""Not Found""}"
1584,Min Cost to Connect All Points,https://leetcode.com/problems/min-cost-to-connect-all-points/description/,"HTTP 404: {""detail"":""Not Found""}"
1585,Check If String Is Transformable With Substring Sort Operations,https://leetcode.com/problems/check-if-string-is-transformable-with-substring-sort-operations/description/,"HTTP 404: {""detail"":""Not Found""}"
1586,Binary Search Tree Iterator II,https://leetcode.com/problems/binary-search-tree-iterator-ii/description/,"HTTP 404: {""detail"":""Not Found""}"
1587,Bank Account Summary II,https://leetcode.com/problems/bank-account-summary-ii/description/,"HTTP 404: {""detail"":""Not Found""}"
1588,Sum of All Odd Length Subarrays,https://leetcode.com/problems/sum-of-all-odd-length-subarrays/description/,"HTTP 404: {""detail"":""Not Found""}"
1589,Maximum Sum Obtained of Any Permutation,https://leetcode.com/problems/maximum-sum-obtained-of-any-permutation/description/,"HTTP 404: {""detail"":""Not Found""}"
1590,Make Sum Divisible by P,https://leetcode.com/problems/make-sum-divisible-by-p/description/,"HTTP 404: {""detail"":""Not Found""}"
1591,Strange Printer II,https://leetcode.com/problems/strange-printer-ii/description/,"HTTP 404: {""detail"":""Not Found""}"
1592,Rearrange Spaces Between Words,https://leetcode.com/problems/rearrange-spaces-between-words/description/,"HTTP 404: {""detail"":""Not Found""}"
1593,Split a String Into the Max Number of Unique Substrings,https://leetcode.com/problems/split-a-string-into-the-max-number-of-unique-substrings/description/,"HTTP 404: {""detail"":""Not Found""}"
1594,Maximum Non Negative Product in a Matrix,https://leetcode.com/problems/maximum-non-negative-product-in-a-matrix/description/,"HTTP 404: {""detail"":""Not Found""}"
1595,Minimum Cost to Connect Two Groups of Points,https://leetcode.com/problems/minimum-cost-to-connect-two-groups-of-points/description/,"HTTP 404: {""detail"":""Not Found""}"
1596,The Most Frequently Ordered Products for Each Customer,https://leetcode.com/problems/the-most-frequently-ordered-products-for-each-customer/description/,"HTTP 404: {""detail"":""Not Found""}"
1597,Build Binary Expression Tree From Infix Expression,https://leetcode.com/problems/build-binary-expression-tree-from-infix-expression/description/,"HTTP 404: {""detail"":""Not Found""}"
1598,Crawler Log Folder,https://leetcode.com/problems/crawler-log-folder/description/,"HTTP 404: {""detail"":""Not Found""}"
1599,Maximum Profit of Operating a Centennial Wheel,https://leetcode.com/problems/maximum-profit-of-operating-a-centennial-wheel/description/,"HTTP 404: {""detail"":""Not Found""}"
1600,Throne Inheritance,https://leetcode.com/problems/throne-inheritance/description/,"HTTP 404: {""detail"":""Not Found""}"
1601,Maximum Number of Achievable Transfer Requests,https://leetcode.com/problems/maximum-number-of-achievable-transfer-requests/description/,"HTTP 404: {""detail"":""Not Found""}"
1602,Find Nearest Right Node in Binary Tree,https://leetcode.com/problems/find-nearest-right-node-in-binary-tree/description/,"HTTP 404: {""detail"":""Not Found""}"
1603,Design Parking System,https://leetcode.com/problems/design-parking-system/description/,"HTTP 404: {""detail"":""Not Found""}"
1604,Alert Using Same Key-Card Three or More Times in a One Hour Period,https://leetcode.com/problems/alert-using-same-key-card-three-or-more-times-in-a-one-hour-period/description/,"HTTP 404: {""detail"":""Not Found""}"
1605,Find Valid Matrix Given Row and Column Sums,https://leetcode.com/problems/find-valid-matrix-given-row-and-column-sums/description/,"HTTP 404: {""detail"":""Not Found""}"
1606,Find Servers That Handled Most Number of Requests,https://leetcode.com/problems/find-servers-that-handled-most-number-of-requests/description/,"HTTP 404: {""detail"":""Not Found""}"
1607,Sellers With No Sales,https://leetcode.com/problems/sellers-with-no-sales/description/,"HTTP 404: {""detail"":""Not Found""}"
1608,Special Array With X Elements Greater Than or Equal X,https://leetcode.com/problems/special-array-with-x-elements-greater-than-or-equal-x/description/,"HTTP 404: {""detail"":""Not Found""}"
1609,Even Odd Tree,https://leetcode.com/problems/even-odd-tree/description/,"HTTP 404: {""detail"":""Not Found""}"
1610,Maximum Number of Visible Points,https://leetcode.com/problems/maximum-number-of-visible-points/description/,"HTTP 404: {""detail"":""Not Found""}"
1611,Minimum One Bit Operations to Make Integers Zero,https://leetcode.com/problems/minimum-one-bit-operations-to-make-integers-zero/description/,"HTTP 404: {""detail"":""Not Found""}"
1612,Check If Two Expression Trees are Equivalent,https://leetcode.com/problems/check-if-two-expression-trees-are-equivalent/description/,"HTTP 404: {""detail"":""Not Found""}"
1613,Find the Missing IDs,https://leetcode.com/problems/find-the-missing-ids/description/,"HTTP 404: {""detail"":""Not Found""}"
1614,Maximum Nesting Depth of the Parentheses,https://leetcode.com/problems/maximum-nesting-depth-of-the-parentheses/description/,"HTTP 404: {""detail"":""Not Found""}"
1615,Maximal Network Rank,https://leetcode.com/problems/maximal-network-rank/description/,"HTTP 404: {""detail"":""Not Found""}"
1616,Split Two Strings to Make Palindrome,https://leetcode.com/problems/split-two-strings-to-make-palindrome/description/,"HTTP 404: {""detail"":""Not Found""}"
1617,Count Subtrees With Max Distance Between Cities,https://leetcode.com/problems/count-subtrees-with-max-distance-between-cities/description/,"HTTP 404: {""detail"":""Not Found""}"
1618,Maximum Font to Fit a Sentence in a Screen,https://leetcode.com/problems/maximum-font-to-fit-a-sentence-in-a-screen/description/,"HTTP 404: {""detail"":""Not Found""}"
1619,Mean of Array After Removing Some Elements,https://leetcode.com/problems/mean-of-array-after-removing-some-elements/description/,"HTTP 404: {""detail"":""Not Found""}"
1620,Coordinate With Maximum Network Quality,https://leetcode.com/problems/coordinate-with-maximum-network-quality/description/,"HTTP 404: {""detail"":""Not Found""}"
1621,Number of Sets of K Non-Overlapping Line Segments,https://leetcode.com/problems/number-of-sets-of-k-non-overlapping-line-segments/description/,"HTTP 404: {""detail"":""Not Found""}"
1622,Fancy Sequence,https://leetcode.com/problems/fancy-sequence/description/,"HTTP 404: {""detail"":""Not Found""}"
1623,All Valid Triplets That Can Represent a Country,https://leetcode.com/problems/all-valid-triplets-that-can-represent-a-country/description/,"HTTP 404: {""detail"":""Not Found""}"
1624,Largest Substring Between Two Equal Characters,https://leetcode.com/problems/largest-substring-between-two-equal-characters/description/,"HTTP 404: {""detail"":""Not Found""}"
1625,Lexicographically Smallest String After Applying Operations,https://leetcode.com/problems/lexicographically-smallest-string-after-applying-operations/description/,"HTTP 404: {""detail"":""Not Found""}"
1626,Best Team With No Conflicts,https://leetcode.com/problems/best-team-with-no-conflicts/description/,"HTTP 404: {""detail"":""Not Found""}"
1627,Graph Connectivity With Threshold,https://leetcode.com/problems/graph-connectivity-with-threshold/description/,"HTTP 404: {""detail"":""Not Found""}"
1628,Design an Expression Tree With Evaluate Function,https://leetcode.com/problems/design-an-expression-tree-with-evaluate-function/description/,"HTTP 404: {""detail"":""Not Found""}"
1629,Slowest Key,https://leetcode.com/problems/slowest-key/description/,"HTTP 404: {""detail"":""Not Found""}"
1630,Arithmetic Subarrays,https://leetcode.com/problems/arithmetic-subarrays/description/,"HTTP 404: {""detail"":""Not Found""}"
1631,Path With Minimum Effort,https://leetcode.com/problems/path-with-minimum-effort/description/,"HTTP 404: {""detail"":""Not Found""}"
1632,Rank Transform of a Matrix,https://leetcode.com/problems/rank-transform-of-a-matrix/description/,"HTTP 404: {""detail"":""Not Found""}"
1633,Percentage of Users Attended a Contest,https://leetcode.com/problems/percentage-of-users-attended-a-contest/description/,"HTTP 404: {""detail"":""Not Found""}"
1634,Add Two Polynomials Represented as Linked Lists,https://leetcode.com/problems/add-two-polynomials-represented-as-linked-lists/description/,"HTTP 404: {""detail"":""Not Found""}"
1635,Hopper Company Queries I,https://leetcode.com/problems/hopper-company-queries-i/description/,"HTTP 404: {""detail"":""Not Found""}"
1636,Sort Array by Increasing Frequency,https://leetcode.com/problems/sort-array-by-increasing-frequency/description/,"HTTP 404: {""detail"":""Not Found""}"
1637,Widest Vertical Area Between Two Points Containing No Points,https://leetcode.com/problems/widest-vertical-area-between-two-points-containing-no-points/description/,"HTTP 404: {""detail"":""Not Found""}"
1638,Count Substrings That Differ by One Character,https://leetcode.com/problems/count-substrings-that-differ-by-one-character/description/,"HTTP 404: {""detail"":""Not Found""}"
1639,Number of Ways to Form a Target String Given a Dictionary,https://leetcode.com/problems/number-of-ways-to-form-a-target-string-given-a-dictionary/description/,"HTTP 404: {""detail"":""Not Found""}"
1640,Check Array Formation Through Concatenation,https://leetcode.com/problems/check-array-formation-through-concatenation/description/,"HTTP 404: {""detail"":""Not Found""}"
1641,Count Sorted Vowel Strings,https://leetcode.com/problems/count-sorted-vowel-strings/description/,"HTTP 404: {""detail"":""Not Found""}"
1642,Furthest Building You Can Reach,https://leetcode.com/problems/furthest-building-you-can-reach/description/,"HTTP 404: {""detail"":""Not Found""}"
1643,Kth Smallest Instructions,https://leetcode.com/problems/kth-smallest-instructions/description/,"HTTP 404: {""detail"":""Not Found""}"
1644,Lowest Common Ancestor of a Binary Tree II,https://leetcode.com/problems/lowest-common-ancestor-of-a-binary-tree-ii/description/,"HTTP 404: {""detail"":""Not Found""}"
1645,Hopper Company Queries II,https://leetcode.com/problems/hopper-company-queries-ii/description/,"HTTP 404: {""detail"":""Not Found""}"
1646,Get Maximum in Generated Array,https://leetcode.com/problems/get-maximum-in-generated-array/description/,"HTTP 404: {""detail"":""Not Found""}"
1647,Minimum Deletions to Make Character Frequencies Unique,https://leetcode.com/problems/minimum-deletions-to-make-character-frequencies-unique/description/,"HTTP 404: {""detail"":""Not Found""}"
1648,Sell Diminishing-Valued Colored Balls,https://leetcode.com/problems/sell-diminishing-valued-colored-balls/description/,"HTTP 404: {""detail"":""Not Found""}"
1649,Create Sorted Array through Instructions,https://leetcode.com/problems/create-sorted-array-through-instructions/description/,"HTTP 404: {""detail"":""Not Found""}"
1650,Lowest Common Ancestor of a Binary Tree III,https://leetcode.com/problems/lowest-common-ancestor-of-a-binary-tree-iii/description/,"HTTP 404: {""detail"":""Not Found""}"
1651,Hopper Company Queries III,https://leetcode.com/problems/hopper-company-queries-iii/description/,"HTTP 404: {""detail"":""Not Found""}"
1652,Defuse the Bomb,https://leetcode.com/problems/defuse-the-bomb/description/,"HTTP 404: {""detail"":""Not Found""}"
1653,Minimum Deletions to Make String Balanced,https://leetcode.com/problems/minimum-deletions-to-make-string-balanced/description/,"HTTP 404: {""detail"":""Not Found""}"
1654,Minimum Jumps to Reach Home,https://leetcode.com/problems/minimum-jumps-to-reach-home/description/,"HTTP 404: {""detail"":""Not Found""}"
1655,Distribute Repeating Integers,https://leetcode.com/problems/distribute-repeating-integers/description/,"HTTP 404: {""detail"":""Not Found""}"
1656,Design an Ordered Stream,https://leetcode.com/problems/design-an-ordered-stream/description/,"HTTP 404: {""detail"":""Not Found""}"
1657,Determine if Two Strings Are Close,https://leetcode.com/problems/determine-if-two-strings-are-close/description/,"HTTP 404: {""detail"":""Not Found""}"
1658,Minimum Operations to Reduce X to Zero,https://leetcode.com/problems/minimum-operations-to-reduce-x-to-zero/description/,"HTTP 404: {""detail"":""Not Found""}"
1659,Maximize Grid Happiness,https://leetcode.com/problems/maximize-grid-happiness/description/,"HTTP 404: {""detail"":""Not Found""}"
1660,Correct a Binary Tree,https://leetcode.com/problems/correct-a-binary-tree/description/,"HTTP 404: {""detail"":""Not Found""}"
1661,Average Time of Process per Machine,https://leetcode.com/problems/average-time-of-process-per-machine/description/,"HTTP 404: {""detail"":""Not Found""}"
1662,Check If Two String Arrays are Equivalent,https://leetcode.com/problems/check-if-two-string-arrays-are-equivalent/description/,"HTTP 404: {""detail"":""Not Found""}"
1663,Smallest String With A Given Numeric Value,https://leetcode.com/problems/smallest-string-with-a-given-numeric-value/description/,"HTTP 404: {""detail"":""Not Found""}"
1664,Ways to Make a Fair Array,https://leetcode.com/problems/ways-to-make-a-fair-array/description/,"HTTP 404: {""detail"":""Not Found""}"
1665,Minimum Initial Energy to Finish Tasks,https://leetcode.com/problems/minimum-initial-energy-to-finish-tasks/description/,"HTTP 404: {""detail"":""Not Found""}"
1666,Change the Root of a Binary Tree,https://leetcode.com/problems/change-the-root-of-a-binary-tree/description/,"HTTP 404: {""detail"":""Not Found""}"
1667,Fix Names in a Table,https://leetcode.com/problems/fix-names-in-a-table/description/,"HTTP 404: {""detail"":""Not Found""}"
1668,Maximum Repeating Substring,https://leetcode.com/problems/maximum-repeating-substring/description/,"HTTP 404: {""detail"":""Not Found""}"
1669,Merge In Between Linked Lists,https://leetcode.com/problems/merge-in-between-linked-lists/description/,"HTTP 404: {""detail"":""Not Found""}"
1670,Design Front Middle Back Queue,https://leetcode.com/problems/design-front-middle-back-queue/description/,"HTTP 404: {""detail"":""Not Found""}"
1671,Minimum Number of Removals to Make Mountain Array,https://leetcode.com/problems/minimum-number-of-removals-to-make-mountain-array/description/,"HTTP 404: {""detail"":""Not Found""}"
1672,Richest Customer Wealth,https://leetcode.com/problems/richest-customer-wealth/description/,"HTTP 404: {""detail"":""Not Found""}"
1673,Find the Most Competitive Subsequence,https://leetcode.com/problems/find-the-most-competitive-subsequence/description/,"HTTP 404: {""detail"":""Not Found""}"
1674,Minimum Moves to Make Array Complementary,https://leetcode.com/problems/minimum-moves-to-make-array-complementary/description/,"HTTP 404: {""detail"":""Not Found""}"
1675,Minimize Deviation in Array,https://leetcode.com/problems/minimize-deviation-in-array/description/,"HTTP 404: {""detail"":""Not Found""}"
1676,Lowest Common Ancestor of a Binary Tree IV,https://leetcode.com/problems/lowest-common-ancestor-of-a-binary-tree-iv/description/,"HTTP 404: {""detail"":""Not Found""}"
1677,Product's Worth Over Invoices,https://leetcode.com/problems/products-worth-over-invoices/description/,"HTTP 404: {""detail"":""Not Found""}"
1678,Goal Parser Interpretation,https://leetcode.com/problems/goal-parser-interpretation/description/,"HTTP 404: {""detail"":""Not Found""}"
1679,Max Number of K-Sum Pairs,https://leetcode.com/problems/max-number-of-k-sum-pairs/description/,"HTTP 404: {""detail"":""Not Found""}"
1680,Concatenation of Consecutive Binary Numbers,https://leetcode.com/problems/concatenation-of-consecutive-binary-numbers/description/,"HTTP 404: {""detail"":""Not Found""}"
1681,Minimum Incompatibility,https://leetcode.com/problems/minimum-incompatibility/description/,"HTTP 404: {""detail"":""Not Found""}"
1682,Longest Palindromic Subsequence II,https://leetcode.com/problems/longest-palindromic-subsequence-ii/description/,"HTTP 404: {""detail"":""Not Found""}"
1683,Invalid Tweets,https://leetcode.com/problems/invalid-tweets/description/,"HTTP 404: {""detail"":""Not Found""}"
1684,Count the Number of Consistent Strings,https://leetcode.com/problems/count-the-number-of-consistent-strings/description/,"HTTP 404: {""detail"":""Not Found""}"
1685,Sum of Absolute Differences in a Sorted Array,https://leetcode.com/problems/sum-of-absolute-differences-in-a-sorted-array/description/,"HTTP 404: {""detail"":""Not Found""}"
1686,Stone Game VI,https://leetcode.com/problems/stone-game-vi/description/,"HTTP 404: {""detail"":""Not Found""}"
1687,Delivering Boxes from Storage to Ports,https://leetcode.com/problems/delivering-boxes-from-storage-to-ports/description/,"HTTP 404: {""detail"":""Not Found""}"
1688,Count of Matches in Tournament,https://leetcode.com/problems/count-of-matches-in-tournament/description/,"HTTP 404: {""detail"":""Not Found""}"
1689,Partitioning Into Minimum Number Of Deci-Binary Numbers,https://leetcode.com/problems/partitioning-into-minimum-number-of-deci-binary-numbers/description/,"HTTP 404: {""detail"":""Not Found""}"
1690,Stone Game VII,https://leetcode.com/problems/stone-game-vii/description/,"HTTP 404: {""detail"":""Not Found""}"
1691,Maximum Height by Stacking Cuboids ,https://leetcode.com/problems/maximum-height-by-stacking-cuboids/description/,"HTTP 404: {""detail"":""Not Found""}"
1692,Count Ways to Distribute Candies,https://leetcode.com/problems/count-ways-to-distribute-candies/description/,"HTTP 404: {""detail"":""Not Found""}"
1693,Daily Leads and Partners,https://leetcode.com/problems/daily-leads-and-partners/description/,"HTTP 404: {""detail"":""Not Found""}"
1694,Reformat Phone Number,https://leetcode.com/problems/reformat-phone-number/description/,"HTTP 404: {""detail"":""Not Found""}"
1695,Maximum Erasure Value,https://leetcode.com/problems/maximum-erasure-value/description/,"HTTP 404: {""detail"":""Not Found""}"
1696,Jump Game VI,https://leetcode.com/problems/jump-game-vi/description/,"HTTP 404: {""detail"":""Not Found""}"
1697,Checking Existence of Edge Length Limited Paths,https://leetcode.com/problems/checking-existence-of-edge-length-limited-paths/description/,"HTTP 404: {""detail"":""Not Found""}"
1698,Number of Distinct Substrings in a String,https://leetcode.com/problems/number-of-distinct-substrings-in-a-string/description/,"HTTP 404: {""detail"":""Not Found""}"
1699,Number of Calls Between Two Persons,https://leetcode.com/problems/number-of-calls-between-two-persons/description/,"HTTP 404: {""detail"":""Not Found""}"
1700,Number of Students Unable to Eat Lunch,https://leetcode.com/problems/number-of-students-unable-to-eat-lunch/description/,"HTTP 404: {""detail"":""Not Found""}"
1701,Average Waiting Time,https://leetcode.com/problems/average-waiting-time/description/,"HTTP 404: {""detail"":""Not Found""}"
1702,Maximum Binary String After Change,https://leetcode.com/problems/maximum-binary-string-after-change/description/,"HTTP 404: {""detail"":""Not Found""}"
1703,Minimum Adjacent Swaps for K Consecutive Ones,https://leetcode.com/problems/minimum-adjacent-swaps-for-k-consecutive-ones/description/,"HTTP 404: {""detail"":""Not Found""}"
1704,Determine if String Halves Are Alike,https://leetcode.com/problems/determine-if-string-halves-are-alike/description/,"HTTP 404: {""detail"":""Not Found""}"
1705,Maximum Number of Eaten Apples,https://leetcode.com/problems/maximum-number-of-eaten-apples/description/,"HTTP 404: {""detail"":""Not Found""}"
1706,Where Will the Ball Fall,https://leetcode.com/problems/where-will-the-ball-fall/description/,"HTTP 404: {""detail"":""Not Found""}"
1707,Maximum XOR With an Element From Array,https://leetcode.com/problems/maximum-xor-with-an-element-from-array/description/,"HTTP 404: {""detail"":""Not Found""}"
1708,Largest Subarray Length K,https://leetcode.com/problems/largest-subarray-length-k/description/,"HTTP 404: {""detail"":""Not Found""}"
1709,Biggest Window Between Visits,https://leetcode.com/problems/biggest-window-between-visits/description/,"HTTP 404: {""detail"":""Not Found""}"
1710,Maximum Units on a Truck,https://leetcode.com/problems/maximum-units-on-a-truck/description/,"HTTP 404: {""detail"":""Not Found""}"
1711,Count Good Meals,https://leetcode.com/problems/count-good-meals/description/,"HTTP 404: {""detail"":""Not Found""}"
1712,Ways to Split Array Into Three Subarrays,https://leetcode.com/problems/ways-to-split-array-into-three-subarrays/description/,"HTTP 404: {""detail"":""Not Found""}"
1713,Minimum Operations to Make a Subsequence,https://leetcode.com/problems/minimum-operations-to-make-a-subsequence/description/,"HTTP 404: {""detail"":""Not Found""}"
1714,Sum Of Special Evenly-Spaced Elements In Array,https://leetcode.com/problems/sum-of-special-evenly-spaced-elements-in-array/description/,"HTTP 404: {""detail"":""Not Found""}"
1715,Count Apples and Oranges,https://leetcode.com/problems/count-apples-and-oranges/description/,"HTTP 404: {""detail"":""Not Found""}"
1716,Calculate Money in Leetcode Bank,https://leetcode.com/problems/calculate-money-in-leetcode-bank/description/,"HTTP 404: {""detail"":""Not Found""}"
1717,Maximum Score From Removing Substrings,https://leetcode.com/problems/maximum-score-from-removing-substrings/description/,"HTTP 404: {""detail"":""Not Found""}"
1718,Construct the Lexicographically Largest Valid Sequence,https://leetcode.com/problems/construct-the-lexicographically-largest-valid-sequence/description/,"HTTP 404: {""detail"":""Not Found""}"
1719,Number Of Ways To Reconstruct A Tree,https://leetcode.com/problems/number-of-ways-to-reconstruct-a-tree/description/,"HTTP 404: {""detail"":""Not Found""}"
1720,Decode XORed Array,https://leetcode.com/problems/decode-xored-array/description/,"HTTP 404: {""detail"":""Not Found""}"
1721,Swapping Nodes in a Linked List,https://leetcode.com/problems/swapping-nodes-in-a-linked-list/description/,"HTTP 404: {""detail"":""Not Found""}"
1722,Minimize Hamming Distance After Swap Operations,https://leetcode.com/problems/minimize-hamming-distance-after-swap-operations/description/,"HTTP 404: {""detail"":""Not Found""}"
1723,Find Minimum Time to Finish All Jobs,https://leetcode.com/problems/find-minimum-time-to-finish-all-jobs/description/,"HTTP 404: {""detail"":""Not Found""}"
1724,Checking Existence of Edge Length Limited Paths II,https://leetcode.com/problems/checking-existence-of-edge-length-limited-paths-ii/description/,"HTTP 404: {""detail"":""Not Found""}"
1725,Number Of Rectangles That Can Form The Largest Square,https://leetcode.com/problems/number-of-rectangles-that-can-form-the-largest-square/description/,"HTTP 404: {""detail"":""Not Found""}"
1726,Tuple with Same Product,https://leetcode.com/problems/tuple-with-same-product/description/,"HTTP 404: {""detail"":""Not Found""}"
1727,Largest Submatrix With Rearrangements,https://leetcode.com/problems/largest-submatrix-with-rearrangements/description/,"HTTP 404: {""detail"":""Not Found""}"
1728,Cat and Mouse II,https://leetcode.com/problems/cat-and-mouse-ii/description/,"HTTP 404: {""detail"":""Not Found""}"
1729,Find Followers Count,https://leetcode.com/problems/find-followers-count/description/,"HTTP 404: {""detail"":""Not Found""}"
1730,Shortest Path to Get Food,https://leetcode.com/problems/shortest-path-to-get-food/description/,"HTTP 404: {""detail"":""Not Found""}"
1731,The Number of Employees Which Report to Each Employee,https://leetcode.com/problems/the-number-of-employees-which-report-to-each-employee/description/,"HTTP 404: {""detail"":""Not Found""}"
1732,Find the Highest Altitude,https://leetcode.com/problems/find-the-highest-altitude/description/,"HTTP 404: {""detail"":""Not Found""}"
1733,Minimum Number of People to Teach,https://leetcode.com/problems/minimum-number-of-people-to-teach/description/,"HTTP 404: {""detail"":""Not Found""}"
1734,Decode XORed Permutation,https://leetcode.com/problems/decode-xored-permutation/description/,"HTTP 404: {""detail"":""Not Found""}"
1735,Count Ways to Make Array With Product,https://leetcode.com/problems/count-ways-to-make-array-with-product/description/,"HTTP 404: {""detail"":""Not Found""}"
1736,Latest Time by Replacing Hidden Digits,https://leetcode.com/problems/latest-time-by-replacing-hidden-digits/description/,"HTTP 404: {""detail"":""Not Found""}"
1737,Change Minimum Characters to Satisfy One of Three Conditions,https://leetcode.com/problems/change-minimum-characters-to-satisfy-one-of-three-conditions/description/,"HTTP 404: {""detail"":""Not Found""}"
1738,Find Kth Largest XOR Coordinate Value,https://leetcode.com/problems/find-kth-largest-xor-coordinate-value/description/,"HTTP 404: {""detail"":""Not Found""}"
1739,Building Boxes,https://leetcode.com/problems/building-boxes/description/,"HTTP 404: {""detail"":""Not Found""}"
1740,Find Distance in a Binary Tree,https://leetcode.com/problems/find-distance-in-a-binary-tree/description/,"HTTP 404: {""detail"":""Not Found""}"
1741,Find Total Time Spent by Each Employee,https://leetcode.com/problems/find-total-time-spent-by-each-employee/description/,"HTTP 404: {""detail"":""Not Found""}"
1742,Maximum Number of Balls in a Box,https://leetcode.com/problems/maximum-number-of-balls-in-a-box/description/,"HTTP 404: {""detail"":""Not Found""}"
1743,Restore the Array From Adjacent Pairs,https://leetcode.com/problems/restore-the-array-from-adjacent-pairs/description/,"HTTP 404: {""detail"":""Not Found""}"
1744,Can You Eat Your Favorite Candy on Your Favorite Day?,https://leetcode.com/problems/can-you-eat-your-favorite-candy-on-your-favorite-day/description/,"HTTP 404: {""detail"":""Not Found""}"
1745,Palindrome Partitioning IV,https://leetcode.com/problems/palindrome-partitioning-iv/description/,"HTTP 404: {""detail"":""Not Found""}"
1746,Maximum Subarray Sum After One Operation,https://leetcode.com/problems/maximum-subarray-sum-after-one-operation/description/,"HTTP 404: {""detail"":""Not Found""}"
1747,Leetflex Banned Accounts,https://leetcode.com/problems/leetflex-banned-accounts/description/,"HTTP 404: {""detail"":""Not Found""}"
1748,Sum of Unique Elements,https://leetcode.com/problems/sum-of-unique-elements/description/,"HTTP 404: {""detail"":""Not Found""}"
1749,Maximum Absolute Sum of Any Subarray,https://leetcode.com/problems/maximum-absolute-sum-of-any-subarray/description/,"HTTP 404: {""detail"":""Not Found""}"
1750,Minimum Length of String After Deleting Similar Ends,https://leetcode.com/problems/minimum-length-of-string-after-deleting-similar-ends/description/,"HTTP 404: {""detail"":""Not Found""}"
1751,Maximum Number of Events That Can Be Attended II,https://leetcode.com/problems/maximum-number-of-events-that-can-be-attended-ii/description/,"HTTP 404: {""detail"":""Not Found""}"
1752,Check if Array Is Sorted and Rotated,https://leetcode.com/problems/check-if-array-is-sorted-and-rotated/description/,"HTTP 404: {""detail"":""Not Found""}"
1753,Maximum Score From Removing Stones,https://leetcode.com/problems/maximum-score-from-removing-stones/description/,"HTTP 404: {""detail"":""Not Found""}"
1754,Largest Merge Of Two Strings,https://leetcode.com/problems/largest-merge-of-two-strings/description/,"HTTP 404: {""detail"":""Not Found""}"
1755,Closest Subsequence Sum,https://leetcode.com/problems/closest-subsequence-sum/description/,"HTTP 404: {""detail"":""Not Found""}"
1756,Design Most Recently Used Queue,https://leetcode.com/problems/design-most-recently-used-queue/description/,"HTTP 404: {""detail"":""Not Found""}"
1757,Recyclable and Low Fat Products,https://leetcode.com/problems/recyclable-and-low-fat-products/description/,"HTTP 404: {""detail"":""Not Found""}"
1758,Minimum Changes To Make Alternating Binary String,https://leetcode.com/problems/minimum-changes-to-make-alternating-binary-string/description/,"HTTP 404: {""detail"":""Not Found""}"
1759,Count Number of Homogenous Substrings,https://leetcode.com/problems/count-number-of-homogenous-substrings/description/,"HTTP 404: {""detail"":""Not Found""}"
1760,Minimum Limit of Balls in a Bag,https://leetcode.com/problems/minimum-limit-of-balls-in-a-bag/description/,"HTTP 404: {""detail"":""Not Found""}"
1761,Minimum Degree of a Connected Trio in a Graph,https://leetcode.com/problems/minimum-degree-of-a-connected-trio-in-a-graph/description/,"HTTP 404: {""detail"":""Not Found""}"
1762,Buildings With an Ocean View,https://leetcode.com/problems/buildings-with-an-ocean-view/description/,"HTTP 404: {""detail"":""Not Found""}"
1763,Longest Nice Substring,https://leetcode.com/problems/longest-nice-substring/description/,"HTTP 404: {""detail"":""Not Found""}"
1764,Form Array by Concatenating Subarrays of Another Array,https://leetcode.com/problems/form-array-by-concatenating-subarrays-of-another-array/description/,"HTTP 404: {""detail"":""Not Found""}"
1765,Map of Highest Peak,https://leetcode.com/problems/map-of-highest-peak/description/,"HTTP 404: {""detail"":""Not Found""}"
1766,Tree of Coprimes,https://leetcode.com/problems/tree-of-coprimes/description/,"HTTP 404: {""detail"":""Not Found""}"
1767,Find the Subtasks That Did Not Execute,https://leetcode.com/problems/find-the-subtasks-that-did-not-execute/description/,"HTTP 404: {""detail"":""Not Found""}"
1768,Merge Strings Alternately,https://leetcode.com/problems/merge-strings-alternately/description/,"HTTP 404: {""detail"":""Not Found""}"
1769,Minimum Number of Operations to Move All Balls to Each Box,https://leetcode.com/problems/minimum-number-of-operations-to-move-all-balls-to-each-box/description/,"HTTP 404: {""detail"":""Not Found""}"
1770,Maximum Score from Performing Multiplication Operations,https://leetcode.com/problems/maximum-score-from-performing-multiplication-operations/description/,"HTTP 404: {""detail"":""Not Found""}"
1771,Maximize Palindrome Length From Subsequences,https://leetcode.com/problems/maximize-palindrome-length-from-subsequences/description/,"HTTP 404: {""detail"":""Not Found""}"
1772,Sort Features by Popularity,https://leetcode.com/problems/sort-features-by-popularity/description/,"HTTP 404: {""detail"":""Not Found""}"
1773,Count Items Matching a Rule,https://leetcode.com/problems/count-items-matching-a-rule/description/,"HTTP 404: {""detail"":""Not Found""}"
1774,Closest Dessert Cost,https://leetcode.com/problems/closest-dessert-cost/description/,"HTTP 404: {""detail"":""Not Found""}"
1775,Equal Sum Arrays With Minimum Number of Operations,https://leetcode.com/problems/equal-sum-arrays-with-minimum-number-of-operations/description/,"HTTP 404: {""detail"":""Not Found""}"
1776,Car Fleet II,https://leetcode.com/problems/car-fleet-ii/description/,"HTTP 404: {""detail"":""Not Found""}"
1777,Product's Price for Each Store,https://leetcode.com/problems/products-price-for-each-store/description/,"HTTP 404: {""detail"":""Not Found""}"
1778,Shortest Path in a Hidden Grid,https://leetcode.com/problems/shortest-path-in-a-hidden-grid/description/,"HTTP 404: {""detail"":""Not Found""}"
1779,Find Nearest Point That Has the Same X or Y Coordinate,https://leetcode.com/problems/find-nearest-point-that-has-the-same-x-or-y-coordinate/description/,"HTTP 404: {""detail"":""Not Found""}"
1780,Check if Number is a Sum of Powers of Three,https://leetcode.com/problems/check-if-number-is-a-sum-of-powers-of-three/description/,"HTTP 404: {""detail"":""Not Found""}"
1781,Sum of Beauty of All Substrings,https://leetcode.com/problems/sum-of-beauty-of-all-substrings/description/,"HTTP 404: {""detail"":""Not Found""}"
1782,Count Pairs Of Nodes,https://leetcode.com/problems/count-pairs-of-nodes/description/,"HTTP 404: {""detail"":""Not Found""}"
1783,Grand Slam Titles,https://leetcode.com/problems/grand-slam-titles/description/,"HTTP 404: {""detail"":""Not Found""}"
1784,Check if Binary String Has at Most One Segment of Ones,https://leetcode.com/problems/check-if-binary-string-has-at-most-one-segment-of-ones/description/,"HTTP 404: {""detail"":""Not Found""}"
1785,Minimum Elements to Add to Form a Given Sum,https://leetcode.com/problems/minimum-elements-to-add-to-form-a-given-sum/description/,"HTTP 404: {""detail"":""Not Found""}"
1786,Number of Restricted Paths From First to Last Node,https://leetcode.com/problems/number-of-restricted-paths-from-first-to-last-node/description/,"HTTP 404: {""detail"":""Not Found""}"
1787,Make the XOR of All Segments Equal to Zero,https://leetcode.com/problems/make-the-xor-of-all-segments-equal-to-zero/description/,"HTTP 404: {""detail"":""Not Found""}"
1788,Maximize the Beauty of the Garden,https://leetcode.com/problems/maximize-the-beauty-of-the-garden/description/,"HTTP 404: {""detail"":""Not Found""}"
1789,Primary Department for Each Employee,https://leetcode.com/problems/primary-department-for-each-employee/description/,"HTTP 404: {""detail"":""Not Found""}"
1790,Check if One String Swap Can Make Strings Equal,https://leetcode.com/problems/check-if-one-string-swap-can-make-strings-equal/description/,"HTTP 404: {""detail"":""Not Found""}"
1791,Find Center of Star Graph,https://leetcode.com/problems/find-center-of-star-graph/description/,"HTTP 404: {""detail"":""Not Found""}"
1792,Maximum Average Pass Ratio,https://leetcode.com/problems/maximum-average-pass-ratio/description/,"HTTP 404: {""detail"":""Not Found""}"
1793,Maximum Score of a Good Subarray,https://leetcode.com/problems/maximum-score-of-a-good-subarray/description/,"HTTP 404: {""detail"":""Not Found""}"
1794,Count Pairs of Equal Substrings With Minimum Difference,https://leetcode.com/problems/count-pairs-of-equal-substrings-with-minimum-difference/description/,"HTTP 404: {""detail"":""Not Found""}"
1795,Rearrange Products Table,https://leetcode.com/problems/rearrange-products-table/description/,"HTTP 404: {""detail"":""Not Found""}"
1796,Second Largest Digit in a String,https://leetcode.com/problems/second-largest-digit-in-a-string/description/,"HTTP 404: {""detail"":""Not Found""}"
1797,Design Authentication Manager,https://leetcode.com/problems/design-authentication-manager/description/,"HTTP 404: {""detail"":""Not Found""}"
1798,Maximum Number of Consecutive Values You Can Make,https://leetcode.com/problems/maximum-number-of-consecutive-values-you-can-make/description/,"HTTP 404: {""detail"":""Not Found""}"
1799,Maximize Score After N Operations,https://leetcode.com/problems/maximize-score-after-n-operations/description/,"HTTP 404: {""detail"":""Not Found""}"
1800,Maximum Ascending Subarray Sum,https://leetcode.com/problems/maximum-ascending-subarray-sum/description/,"HTTP 404: {""detail"":""Not Found""}"
1801,Number of Orders in the Backlog,https://leetcode.com/problems/number-of-orders-in-the-backlog/description/,"HTTP 404: {""detail"":""Not Found""}"
1802,Maximum Value at a Given Index in a Bounded Array,https://leetcode.com/problems/maximum-value-at-a-given-index-in-a-bounded-array/description/,"HTTP 404: {""detail"":""Not Found""}"
1803,Count Pairs With XOR in a Range,https://leetcode.com/problems/count-pairs-with-xor-in-a-range/description/,"HTTP 404: {""detail"":""Not Found""}"
1804,Implement Trie II (Prefix Tree),https://leetcode.com/problems/implement-trie-ii-prefix-tree/description/,"HTTP 404: {""detail"":""Not Found""}"
1805,Number of Different Integers in a String,https://leetcode.com/problems/number-of-different-integers-in-a-string/description/,"HTTP 404: {""detail"":""Not Found""}"
1806,Minimum Number of Operations to Reinitialize a Permutation,https://leetcode.com/problems/minimum-number-of-operations-to-reinitialize-a-permutation/description/,"HTTP 404: {""detail"":""Not Found""}"
1807,Evaluate the Bracket Pairs of a String,https://leetcode.com/problems/evaluate-the-bracket-pairs-of-a-string/description/,"HTTP 404: {""detail"":""Not Found""}"
1808,Maximize Number of Nice Divisors,https://leetcode.com/problems/maximize-number-of-nice-divisors/description/,"HTTP 404: {""detail"":""Not Found""}"
1809,Ad-Free Sessions,https://leetcode.com/problems/ad-free-sessions/description/,"HTTP 404: {""detail"":""Not Found""}"
1810,Minimum Path Cost in a Hidden Grid,https://leetcode.com/problems/minimum-path-cost-in-a-hidden-grid/description/,"HTTP 404: {""detail"":""Not Found""}"
1811,Find Interview Candidates,https://leetcode.com/problems/find-interview-candidates/description/,"HTTP 404: {""detail"":""Not Found""}"
1812,Determine Color of a Chessboard Square,https://leetcode.com/problems/determine-color-of-a-chessboard-square/description/,"HTTP 404: {""detail"":""Not Found""}"
1813,Sentence Similarity III,https://leetcode.com/problems/sentence-similarity-iii/description/,"HTTP 404: {""detail"":""Not Found""}"
1814,Count Nice Pairs in an Array,https://leetcode.com/problems/count-nice-pairs-in-an-array/description/,"HTTP 404: {""detail"":""Not Found""}"
1815,Maximum Number of Groups Getting Fresh Donuts,https://leetcode.com/problems/maximum-number-of-groups-getting-fresh-donuts/description/,"HTTP 404: {""detail"":""Not Found""}"
1816,Truncate Sentence,https://leetcode.com/problems/truncate-sentence/description/,"HTTP 404: {""detail"":""Not Found""}"
1817,Finding the Users Active Minutes,https://leetcode.com/problems/finding-the-users-active-minutes/description/,"HTTP 404: {""detail"":""Not Found""}"
1818,Minimum Absolute Sum Difference,https://leetcode.com/problems/minimum-absolute-sum-difference/description/,"HTTP 404: {""detail"":""Not Found""}"
1819,Number of Different Subsequences GCDs,https://leetcode.com/problems/number-of-different-subsequences-gcds/description/,"HTTP 404: {""detail"":""Not Found""}"
1820,Maximum Number of Accepted Invitations,https://leetcode.com/problems/maximum-number-of-accepted-invitations/description/,"HTTP 404: {""detail"":""Not Found""}"
1821,Find Customers With Positive Revenue this Year,https://leetcode.com/problems/find-customers-with-positive-revenue-this-year/description/,"HTTP 404: {""detail"":""Not Found""}"
1822,Sign of the Product of an Array,https://leetcode.com/problems/sign-of-the-product-of-an-array/description/,"HTTP 404: {""detail"":""Not Found""}"
1823,Find the Winner of the Circular Game,https://leetcode.com/problems/find-the-winner-of-the-circular-game/description/,"HTTP 404: {""detail"":""Not Found""}"
1824,Minimum Sideway Jumps,https://leetcode.com/problems/minimum-sideway-jumps/description/,"HTTP 404: {""detail"":""Not Found""}"
1825,Finding MK Average,https://leetcode.com/problems/finding-mk-average/description/,"HTTP 404: {""detail"":""Not Found""}"
1826,Faulty Sensor,https://leetcode.com/problems/faulty-sensor/description/,"HTTP 404: {""detail"":""Not Found""}"
1827,Minimum Operations to Make the Array Increasing,https://leetcode.com/problems/minimum-operations-to-make-the-array-increasing/description/,"HTTP 404: {""detail"":""Not Found""}"
1828,Queries on Number of Points Inside a Circle,https://leetcode.com/problems/queries-on-number-of-points-inside-a-circle/description/,"HTTP 404: {""detail"":""Not Found""}"
1829,Maximum XOR for Each Query,https://leetcode.com/problems/maximum-xor-for-each-query/description/,"HTTP 404: {""detail"":""Not Found""}"
1830,Minimum Number of Operations to Make String Sorted,https://leetcode.com/problems/minimum-number-of-operations-to-make-string-sorted/description/,"HTTP 404: {""detail"":""Not Found""}"
1831,Maximum Transaction Each Day,https://leetcode.com/problems/maximum-transaction-each-day/description/,"HTTP 404: {""detail"":""Not Found""}"
1832,Check if the Sentence Is Pangram,https://leetcode.com/problems/check-if-the-sentence-is-pangram/description/,"HTTP 404: {""detail"":""Not Found""}"
1833,Maximum Ice Cream Bars,https://leetcode.com/problems/maximum-ice-cream-bars/description/,"HTTP 404: {""detail"":""Not Found""}"
1834,Single-Threaded CPU,https://leetcode.com/problems/single-threaded-cpu/description/,"HTTP 404: {""detail"":""Not Found""}"
1835,Find XOR Sum of All Pairs Bitwise AND,https://leetcode.com/problems/find-xor-sum-of-all-pairs-bitwise-and/description/,"HTTP 404: {""detail"":""Not Found""}"
1836,Remove Duplicates From an Unsorted Linked List,https://leetcode.com/problems/remove-duplicates-from-an-unsorted-linked-list/description/,"HTTP 404: {""detail"":""Not Found""}"
1837,Sum of Digits in Base K,https://leetcode.com/problems/sum-of-digits-in-base-k/description/,"HTTP 404: {""detail"":""Not Found""}"
1838,Frequency of the Most Frequent Element,https://leetcode.com/problems/frequency-of-the-most-frequent-element/description/,"HTTP 404: {""detail"":""Not Found""}"
1839,Longest Substring Of All Vowels in Order,https://leetcode.com/problems/longest-substring-of-all-vowels-in-order/description/,"HTTP 404: {""detail"":""Not Found""}"
1840,Maximum Building Height,https://leetcode.com/problems/maximum-building-height/description/,"HTTP 404: {""detail"":""Not Found""}"
1841,League Statistics,https://leetcode.com/problems/league-statistics/description/,"HTTP 404: {""detail"":""Not Found""}"
1842,Next Palindrome Using Same Digits,https://leetcode.com/problems/next-palindrome-using-same-digits/description/,"HTTP 404: {""detail"":""Not Found""}"
1843,Suspicious Bank Accounts,https://leetcode.com/problems/suspicious-bank-accounts/description/,"HTTP 404: {""detail"":""Not Found""}"
1844,Replace All Digits with Characters,https://leetcode.com/problems/replace-all-digits-with-characters/description/,"HTTP 404: {""detail"":""Not Found""}"
1845,Seat Reservation Manager,https://leetcode.com/problems/seat-reservation-manager/description/,"HTTP 404: {""detail"":""Not Found""}"
1846,Maximum Element After Decreasing and Rearranging,https://leetcode.com/problems/maximum-element-after-decreasing-and-rearranging/description/,"HTTP 404: {""detail"":""Not Found""}"
1847,Closest Room,https://leetcode.com/problems/closest-room/description/,"HTTP 404: {""detail"":""Not Found""}"
1848,Minimum Distance to the Target Element,https://leetcode.com/problems/minimum-distance-to-the-target-element/description/,"HTTP 404: {""detail"":""Not Found""}"
1849,Splitting a String Into Descending Consecutive Values,https://leetcode.com/problems/splitting-a-string-into-descending-consecutive-values/description/,"HTTP 404: {""detail"":""Not Found""}"
1850,Minimum Adjacent Swaps to Reach the Kth Smallest Number,https://leetcode.com/problems/minimum-adjacent-swaps-to-reach-the-kth-smallest-number/description/,"HTTP 404: {""detail"":""Not Found""}"
1851,Minimum Interval to Include Each Query,https://leetcode.com/problems/minimum-interval-to-include-each-query/description/,"HTTP 404: {""detail"":""Not Found""}"
1852,Distinct Numbers in Each Subarray,https://leetcode.com/problems/distinct-numbers-in-each-subarray/description/,"HTTP 404: {""detail"":""Not Found""}"
1853,Convert Date Format,https://leetcode.com/problems/convert-date-format/description/,"HTTP 404: {""detail"":""Not Found""}"
1854,Maximum Population Year,https://leetcode.com/problems/maximum-population-year/description/,"HTTP 404: {""detail"":""Not Found""}"
1855,Maximum Distance Between a Pair of Values,https://leetcode.com/problems/maximum-distance-between-a-pair-of-values/description/,"HTTP 404: {""detail"":""Not Found""}"
1856,Maximum Subarray Min-Product,https://leetcode.com/problems/maximum-subarray-min-product/description/,"HTTP 404: {""detail"":""Not Found""}"
1857,Largest Color Value in a Directed Graph,https://leetcode.com/problems/largest-color-value-in-a-directed-graph/description/,"HTTP 404: {""detail"":""Not Found""}"
1858,Longest Word With All Prefixes,https://leetcode.com/problems/longest-word-with-all-prefixes/description/,"HTTP 404: {""detail"":""Not Found""}"
1859,Sorting the Sentence,https://leetcode.com/problems/sorting-the-sentence/description/,"HTTP 404: {""detail"":""Not Found""}"
1860,Incremental Memory Leak,https://leetcode.com/problems/incremental-memory-leak/description/,"HTTP 404: {""detail"":""Not Found""}"
1861,Rotating the Box,https://leetcode.com/problems/rotating-the-box/description/,"HTTP 404: {""detail"":""Not Found""}"
1862,Sum of Floored Pairs,https://leetcode.com/problems/sum-of-floored-pairs/description/,"HTTP 404: {""detail"":""Not Found""}"
1863,Sum of All Subset XOR Totals,https://leetcode.com/problems/sum-of-all-subset-xor-totals/description/,"HTTP 404: {""detail"":""Not Found""}"
1864,Minimum Number of Swaps to Make the Binary String Alternating,https://leetcode.com/problems/minimum-number-of-swaps-to-make-the-binary-string-alternating/description/,"HTTP 404: {""detail"":""Not Found""}"
1865,Finding Pairs With a Certain Sum,https://leetcode.com/problems/finding-pairs-with-a-certain-sum/description/,"HTTP 404: {""detail"":""Not Found""}"
1866,Number of Ways to Rearrange Sticks With K Sticks Visible,https://leetcode.com/problems/number-of-ways-to-rearrange-sticks-with-k-sticks-visible/description/,"HTTP 404: {""detail"":""Not Found""}"
1867,Orders With Maximum Quantity Above Average,https://leetcode.com/problems/orders-with-maximum-quantity-above-average/description/,"HTTP 404: {""detail"":""Not Found""}"
1868,Product of Two Run-Length Encoded Arrays,https://leetcode.com/problems/product-of-two-run-length-encoded-arrays/description/,"HTTP 404: {""detail"":""Not Found""}"
1869,Longer Contiguous Segments of Ones than Zeros,https://leetcode.com/problems/longer-contiguous-segments-of-ones-than-zeros/description/,"HTTP 404: {""detail"":""Not Found""}"
1870,Minimum Speed to Arrive on Time,https://leetcode.com/problems/minimum-speed-to-arrive-on-time/description/,"HTTP 404: {""detail"":""Not Found""}"
1871,Jump Game VII,https://leetcode.com/problems/jump-game-vii/description/,"HTTP 404: {""detail"":""Not Found""}"
1872,Stone Game VIII,https://leetcode.com/problems/stone-game-viii/description/,"HTTP 404: {""detail"":""Not Found""}"
1873,Calculate Special Bonus,https://leetcode.com/problems/calculate-special-bonus/description/,"HTTP 404: {""detail"":""Not Found""}"
1874,Minimize Product Sum of Two Arrays,https://leetcode.com/problems/minimize-product-sum-of-two-arrays/description/,"HTTP 404: {""detail"":""Not Found""}"
1875,Group Employees of the Same Salary,https://leetcode.com/problems/group-employees-of-the-same-salary/description/,"HTTP 404: {""detail"":""Not Found""}"
1876,Substrings of Size Three with Distinct Characters,https://leetcode.com/problems/substrings-of-size-three-with-distinct-characters/description/,"HTTP 404: {""detail"":""Not Found""}"
1877,Minimize Maximum Pair Sum in Array,https://leetcode.com/problems/minimize-maximum-pair-sum-in-array/description/,"HTTP 404: {""detail"":""Not Found""}"
1878,Get Biggest Three Rhombus Sums in a Grid,https://leetcode.com/problems/get-biggest-three-rhombus-sums-in-a-grid/description/,"HTTP 404: {""detail"":""Not Found""}"
1879,Minimum XOR Sum of Two Arrays,https://leetcode.com/problems/minimum-xor-sum-of-two-arrays/description/,"HTTP 404: {""detail"":""Not Found""}"
1880,Check if Word Equals Summation of Two Words,https://leetcode.com/problems/check-if-word-equals-summation-of-two-words/description/,"HTTP 404: {""detail"":""Not Found""}"
1881,Maximum Value after Insertion,https://leetcode.com/problems/maximum-value-after-insertion/description/,"HTTP 404: {""detail"":""Not Found""}"
1882,Process Tasks Using Servers,https://leetcode.com/problems/process-tasks-using-servers/description/,"HTTP 404: {""detail"":""Not Found""}"
1883,Minimum Skips to Arrive at Meeting On Time,https://leetcode.com/problems/minimum-skips-to-arrive-at-meeting-on-time/description/,"HTTP 404: {""detail"":""Not Found""}"
1884,Egg Drop With 2 Eggs and N Floors,https://leetcode.com/problems/egg-drop-with-2-eggs-and-n-floors/description/,"HTTP 404: {""detail"":""Not Found""}"
1885,Count Pairs in Two Arrays,https://leetcode.com/problems/count-pairs-in-two-arrays/description/,"HTTP 404: {""detail"":""Not Found""}"
1886,Determine Whether Matrix Can Be Obtained By Rotation,https://leetcode.com/problems/determine-whether-matrix-can-be-obtained-by-rotation/description/,"HTTP 404: {""detail"":""Not Found""}"
1887,Reduction Operations to Make the Array Elements Equal,https://leetcode.com/problems/reduction-operations-to-make-the-array-elements-equal/description/,"HTTP 404: {""detail"":""Not Found""}"
1888,Minimum Number of Flips to Make the Binary String Alternating,https://leetcode.com/problems/minimum-number-of-flips-to-make-the-binary-string-alternating/description/,"HTTP 404: {""detail"":""Not Found""}"
1889,Minimum Space Wasted From Packaging,https://leetcode.com/problems/minimum-space-wasted-from-packaging/description/,"HTTP 404: {""detail"":""Not Found""}"
1890,The Latest Login in 2020,https://leetcode.com/problems/the-latest-login-in-2020/description/,"HTTP 404: {""detail"":""Not Found""}"
1891,Cutting Ribbons,https://leetcode.com/problems/cutting-ribbons/description/,"HTTP 404: {""detail"":""Not Found""}"
1892,Page Recommendations II,https://leetcode.com/problems/page-recommendations-ii/description/,"HTTP 404: {""detail"":""Not Found""}"
1893,Check if All the Integers in a Range Are Covered,https://leetcode.com/problems/check-if-all-the-integers-in-a-range-are-covered/description/,"HTTP 404: {""detail"":""Not Found""}"
1894,Find the Student that Will Replace the Chalk,https://leetcode.com/problems/find-the-student-that-will-replace-the-chalk/description/,"HTTP 404: {""detail"":""Not Found""}"
1895,Largest Magic Square,https://leetcode.com/problems/largest-magic-square/description/,"HTTP 404: {""detail"":""Not Found""}"
1896,Minimum Cost to Change the Final Value of Expression,https://leetcode.com/problems/minimum-cost-to-change-the-final-value-of-expression/description/,"HTTP 404: {""detail"":""Not Found""}"
1897,Redistribute Characters to Make All Strings Equal,https://leetcode.com/problems/redistribute-characters-to-make-all-strings-equal/description/,"HTTP 404: {""detail"":""Not Found""}"
1898,Maximum Number of Removable Characters,https://leetcode.com/problems/maximum-number-of-removable-characters/description/,"HTTP 404: {""detail"":""Not Found""}"
1899,Merge Triplets to Form Target Triplet,https://leetcode.com/problems/merge-triplets-to-form-target-triplet/description/,"HTTP 404: {""detail"":""Not Found""}"
1900,The Earliest and Latest Rounds Where Players Compete,https://leetcode.com/problems/the-earliest-and-latest-rounds-where-players-compete/description/,"HTTP 404: {""detail"":""Not Found""}"
1901,Find a Peak Element II,https://leetcode.com/problems/find-a-peak-element-ii/description/,"HTTP 404: {""detail"":""Not Found""}"
1902,Depth of BST Given Insertion Order,https://leetcode.com/problems/depth-of-bst-given-insertion-order/description/,"HTTP 404: {""detail"":""Not Found""}"
1903,Largest Odd Number in String,https://leetcode.com/problems/largest-odd-number-in-string/description/,"HTTP 404: {""detail"":""Not Found""}"
1904,The Number of Full Rounds You Have Played,https://leetcode.com/problems/the-number-of-full-rounds-you-have-played/description/,"HTTP 404: {""detail"":""Not Found""}"
1905,Count Sub Islands,https://leetcode.com/problems/count-sub-islands/description/,"HTTP 404: {""detail"":""Not Found""}"
1906,Minimum Absolute Difference Queries,https://leetcode.com/problems/minimum-absolute-difference-queries/description/,"HTTP 404: {""detail"":""Not Found""}"
1907,Count Salary Categories,https://leetcode.com/problems/count-salary-categories/description/,"HTTP 404: {""detail"":""Not Found""}"
1908,Game of Nim,https://leetcode.com/problems/game-of-nim/description/,"HTTP 404: {""detail"":""Not Found""}"
1909,Remove One Element to Make the Array Strictly Increasing,https://leetcode.com/problems/remove-one-element-to-make-the-array-strictly-increasing/description/,"HTTP 404: {""detail"":""Not Found""}"
1910,Remove All Occurrences of a Substring,https://leetcode.com/problems/remove-all-occurrences-of-a-substring/description/,"HTTP 404: {""detail"":""Not Found""}"
1911,Maximum Alternating Subsequence Sum,https://leetcode.com/problems/maximum-alternating-subsequence-sum/description/,"HTTP 404: {""detail"":""Not Found""}"
1912,Design Movie Rental System,https://leetcode.com/problems/design-movie-rental-system/description/,"HTTP 404: {""detail"":""Not Found""}"
1913,Maximum Product Difference Between Two Pairs,https://leetcode.com/problems/maximum-product-difference-between-two-pairs/description/,"HTTP 404: {""detail"":""Not Found""}"
1914,Cyclically Rotating a Grid,https://leetcode.com/problems/cyclically-rotating-a-grid/description/,"HTTP 404: {""detail"":""Not Found""}"
1915,Number of Wonderful Substrings,https://leetcode.com/problems/number-of-wonderful-substrings/description/,"HTTP 404: {""detail"":""Not Found""}"
1916,Count Ways to Build Rooms in an Ant Colony,https://leetcode.com/problems/count-ways-to-build-rooms-in-an-ant-colony/description/,"HTTP 404: {""detail"":""Not Found""}"
1917,Leetcodify Friends Recommendations,https://leetcode.com/problems/leetcodify-friends-recommendations/description/,"HTTP 404: {""detail"":""Not Found""}"
1918,Kth Smallest Subarray Sum,https://leetcode.com/problems/kth-smallest-subarray-sum/description/,"HTTP 404: {""detail"":""Not Found""}"
1919,Leetcodify Similar Friends,https://leetcode.com/problems/leetcodify-similar-friends/description/,"HTTP 404: {""detail"":""Not Found""}"
1920,Build Array from Permutation,https://leetcode.com/problems/build-array-from-permutation/description/,"HTTP 404: {""detail"":""Not Found""}"
1921,Eliminate Maximum Number of Monsters,https://leetcode.com/problems/eliminate-maximum-number-of-monsters/description/,"HTTP 404: {""detail"":""Not Found""}"
1922,Count Good Numbers,https://leetcode.com/problems/count-good-numbers/description/,"HTTP 404: {""detail"":""Not Found""}"
1923,Longest Common Subpath,https://leetcode.com/problems/longest-common-subpath/description/,"HTTP 404: {""detail"":""Not Found""}"
1924,Erect the Fence II,https://leetcode.com/problems/erect-the-fence-ii/description/,"HTTP 404: {""detail"":""Not Found""}"
1925,Count Square Sum Triples,https://leetcode.com/problems/count-square-sum-triples/description/,"HTTP 404: {""detail"":""Not Found""}"
1926,Nearest Exit from Entrance in Maze,https://leetcode.com/problems/nearest-exit-from-entrance-in-maze/description/,"HTTP 404: {""detail"":""Not Found""}"
1927,Sum Game,https://leetcode.com/problems/sum-game/description/,"HTTP 404: {""detail"":""Not Found""}"
1928,Minimum Cost to Reach Destination in Time,https://leetcode.com/problems/minimum-cost-to-reach-destination-in-time/description/,"HTTP 404: {""detail"":""Not Found""}"
1929,Concatenation of Array,https://leetcode.com/problems/concatenation-of-array/description/,"HTTP 404: {""detail"":""Not Found""}"
1930,Unique Length-3 Palindromic Subsequences,https://leetcode.com/problems/unique-length-3-palindromic-subsequences/description/,"HTTP 404: {""detail"":""Not Found""}"
1931,Painting a Grid With Three Different Colors,https://leetcode.com/problems/painting-a-grid-with-three-different-colors/description/,"HTTP 404: {""detail"":""Not Found""}"
1932,Merge BSTs to Create Single BST,https://leetcode.com/problems/merge-bsts-to-create-single-bst/description/,"HTTP 404: {""detail"":""Not Found""}"
1933,Check if String Is Decomposable Into Value-Equal Substrings,https://leetcode.com/problems/check-if-string-is-decomposable-into-value-equal-substrings/description/,"HTTP 404: {""detail"":""Not Found""}"
1934,Confirmation Rate,https://leetcode.com/problems/confirmation-rate/description/,"HTTP 404: {""detail"":""Not Found""}"
1935,Maximum Number of Words You Can Type,https://leetcode.com/problems/maximum-number-of-words-you-can-type/description/,"HTTP 404: {""detail"":""Not Found""}"
1936,Add Minimum Number of Rungs,https://leetcode.com/problems/add-minimum-number-of-rungs/description/,"HTTP 404: {""detail"":""Not Found""}"
1937,Maximum Number of Points with Cost,https://leetcode.com/problems/maximum-number-of-points-with-cost/description/,"HTTP 404: {""detail"":""Not Found""}"
1938,Maximum Genetic Difference Query,https://leetcode.com/problems/maximum-genetic-difference-query/description/,"HTTP 404: {""detail"":""Not Found""}"
1939,Users That Actively Request Confirmation Messages,https://leetcode.com/problems/users-that-actively-request-confirmation-messages/description/,"HTTP 404: {""detail"":""Not Found""}"
1940,Longest Common Subsequence Between Sorted Arrays,https://leetcode.com/problems/longest-common-subsequence-between-sorted-arrays/description/,"HTTP 404: {""detail"":""Not Found""}"
1941,Check if All Characters Have Equal Number of Occurrences,https://leetcode.com/problems/check-if-all-characters-have-equal-number-of-occurrences/description/,"HTTP 404: {""detail"":""Not Found""}"
1942,The Number of the Smallest Unoccupied Chair,https://leetcode.com/problems/the-number-of-the-smallest-unoccupied-chair/description/,"HTTP 404: {""detail"":""Not Found""}"
1943,Describe the Painting,https://leetcode.com/problems/describe-the-painting/description/,"HTTP 404: {""detail"":""Not Found""}"
1944,Number of Visible People in a Queue,https://leetcode.com/problems/number-of-visible-people-in-a-queue/description/,"HTTP 404: {""detail"":""Not Found""}"
1945,Sum of Digits of String After Convert,https://leetcode.com/problems/sum-of-digits-of-string-after-convert/description/,"HTTP 404: {""detail"":""Not Found""}"
1946,Largest Number After Mutating Substring,https://leetcode.com/problems/largest-number-after-mutating-substring/description/,"HTTP 404: {""detail"":""Not Found""}"
1947,Maximum Compatibility Score Sum,https://leetcode.com/problems/maximum-compatibility-score-sum/description/,"HTTP 404: {""detail"":""Not Found""}"
1948,Delete Duplicate Folders in System,https://leetcode.com/problems/delete-duplicate-folders-in-system/description/,"HTTP 404: {""detail"":""Not Found""}"
1949,Strong Friendship,https://leetcode.com/problems/strong-friendship/description/,"HTTP 404: {""detail"":""Not Found""}"
1950,Maximum of Minimum Values in All Subarrays,https://leetcode.com/problems/maximum-of-minimum-values-in-all-subarrays/description/,"HTTP 404: {""detail"":""Not Found""}"
1951,All the Pairs With the Maximum Number of Common Followers,https://leetcode.com/problems/all-the-pairs-with-the-maximum-number-of-common-followers/description/,"HTTP 404: {""detail"":""Not Found""}"
1952,Three Divisors,https://leetcode.com/problems/three-divisors/description/,"HTTP 404: {""detail"":""Not Found""}"
1953,Maximum Number of Weeks for Which You Can Work,https://leetcode.com/problems/maximum-number-of-weeks-for-which-you-can-work/description/,"HTTP 404: {""detail"":""Not Found""}"
1954,Minimum Garden Perimeter to Collect Enough Apples,https://leetcode.com/problems/minimum-garden-perimeter-to-collect-enough-apples/description/,"HTTP 404: {""detail"":""Not Found""}"
1955,Count Number of Special Subsequences,https://leetcode.com/problems/count-number-of-special-subsequences/description/,"HTTP 404: {""detail"":""Not Found""}"
1956,Minimum Time For K Virus Variants to Spread,https://leetcode.com/problems/minimum-time-for-k-virus-variants-to-spread/description/,"HTTP 404: {""detail"":""Not Found""}"
1957,Delete Characters to Make Fancy String,https://leetcode.com/problems/delete-characters-to-make-fancy-string/description/,"HTTP 404: {""detail"":""Not Found""}"
1958,Check if Move is Legal,https://leetcode.com/problems/check-if-move-is-legal/description/,"HTTP 404: {""detail"":""Not Found""}"
1959,Minimum Total Space Wasted With K Resizing Operations,https://leetcode.com/problems/minimum-total-space-wasted-with-k-resizing-operations/description/,"HTTP 404: {""detail"":""Not Found""}"
1960,Maximum Product of the Length of Two Palindromic Substrings,https://leetcode.com/problems/maximum-product-of-the-length-of-two-palindromic-substrings/description/,"HTTP 404: {""detail"":""Not Found""}"
1961,Check If String Is a Prefix of Array,https://leetcode.com/problems/check-if-string-is-a-prefix-of-array/description/,"HTTP 404: {""detail"":""Not Found""}"
1962,Remove Stones to Minimize the Total,https://leetcode.com/problems/remove-stones-to-minimize-the-total/description/,"HTTP 404: {""detail"":""Not Found""}"
1963,Minimum Number of Swaps to Make the String Balanced,https://leetcode.com/problems/minimum-number-of-swaps-to-make-the-string-balanced/description/,"HTTP 404: {""detail"":""Not Found""}"
1964,Find the Longest Valid Obstacle Course at Each Position,https://leetcode.com/problems/find-the-longest-valid-obstacle-course-at-each-position/description/,"HTTP 404: {""detail"":""Not Found""}"
1965,Employees With Missing Information,https://leetcode.com/problems/employees-with-missing-information/description/,"HTTP 404: {""detail"":""Not Found""}"
1966,Binary Searchable Numbers in an Unsorted Array,https://leetcode.com/problems/binary-searchable-numbers-in-an-unsorted-array/description/,"HTTP 404: {""detail"":""Not Found""}"
1967,Number of Strings That Appear as Substrings in Word,https://leetcode.com/problems/number-of-strings-that-appear-as-substrings-in-word/description/,"HTTP 404: {""detail"":""Not Found""}"
1968,Array With Elements Not Equal to Average of Neighbors,https://leetcode.com/problems/array-with-elements-not-equal-to-average-of-neighbors/description/,"HTTP 404: {""detail"":""Not Found""}"
1969,Minimum Non-Zero Product of the Array Elements,https://leetcode.com/problems/minimum-non-zero-product-of-the-array-elements/description/,"HTTP 404: {""detail"":""Not Found""}"
1970,Last Day Where You Can Still Cross,https://leetcode.com/problems/last-day-where-you-can-still-cross/description/,"HTTP 404: {""detail"":""Not Found""}"
1971,Find if Path Exists in Graph,https://leetcode.com/problems/find-if-path-exists-in-graph/description/,"HTTP 404: {""detail"":""Not Found""}"
1972,First and Last Call On the Same Day,https://leetcode.com/problems/first-and-last-call-on-the-same-day/description/,"HTTP 404: {""detail"":""Not Found""}"
1973,Count Nodes Equal to Sum of Descendants,https://leetcode.com/problems/count-nodes-equal-to-sum-of-descendants/description/,"HTTP 404: {""detail"":""Not Found""}"
1974,Minimum Time to Type Word Using Special Typewriter,https://leetcode.com/problems/minimum-time-to-type-word-using-special-typewriter/description/,"HTTP 404: {""detail"":""Not Found""}"
1975,Maximum Matrix Sum,https://leetcode.com/problems/maximum-matrix-sum/description/,"HTTP 404: {""detail"":""Not Found""}"
1976,Number of Ways to Arrive at Destination,https://leetcode.com/problems/number-of-ways-to-arrive-at-destination/description/,"HTTP 404: {""detail"":""Not Found""}"
1977,Number of Ways to Separate Numbers,https://leetcode.com/problems/number-of-ways-to-separate-numbers/description/,"HTTP 404: {""detail"":""Not Found""}"
1978,Employees Whose Manager Left the Company,https://leetcode.com/problems/employees-whose-manager-left-the-company/description/,"HTTP 404: {""detail"":""Not Found""}"
1979,Find Greatest Common Divisor of Array,https://leetcode.com/problems/find-greatest-common-divisor-of-array/description/,"HTTP 404: {""detail"":""Not Found""}"
1980,Find Unique Binary String,https://leetcode.com/problems/find-unique-binary-string/description/,"HTTP 404: {""detail"":""Not Found""}"
1981,Minimize the Difference Between Target and Chosen Elements,https://leetcode.com/problems/minimize-the-difference-between-target-and-chosen-elements/description/,"HTTP 404: {""detail"":""Not Found""}"
1982,Find Array Given Subset Sums,https://leetcode.com/problems/find-array-given-subset-sums/description/,"HTTP 404: {""detail"":""Not Found""}"
1983,Widest Pair of Indices With Equal Range Sum,https://leetcode.com/problems/widest-pair-of-indices-with-equal-range-sum/description/,"HTTP 404: {""detail"":""Not Found""}"
1984,Minimum Difference Between Highest and Lowest of K Scores,https://leetcode.com/problems/minimum-difference-between-highest-and-lowest-of-k-scores/description/,"HTTP 404: {""detail"":""Not Found""}"
1985,Find the Kth Largest Integer in the Array,https://leetcode.com/problems/find-the-kth-largest-integer-in-the-array/description/,"HTTP 404: {""detail"":""Not Found""}"
1986,Minimum Number of Work Sessions to Finish the Tasks,https://leetcode.com/problems/minimum-number-of-work-sessions-to-finish-the-tasks/description/,"HTTP 404: {""detail"":""Not Found""}"
1987,Number of Unique Good Subsequences,https://leetcode.com/problems/number-of-unique-good-subsequences/description/,"HTTP 404: {""detail"":""Not Found""}"
1988,Find Cutoff Score for Each School,https://leetcode.com/problems/find-cutoff-score-for-each-school/description/,"HTTP 404: {""detail"":""Not Found""}"
1989,Maximum Number of People That Can Be Caught in Tag,https://leetcode.com/problems/maximum-number-of-people-that-can-be-caught-in-tag/description/,"HTTP 404: {""detail"":""Not Found""}"
1990,Count the Number of Experiments,https://leetcode.com/problems/count-the-number-of-experiments/description/,"HTTP 404: {""detail"":""Not Found""}"
1991,Find the Middle Index in Array,https://leetcode.com/problems/find-the-middle-index-in-array/description/,"HTTP 404: {""detail"":""Not Found""}"
1992,Find All Groups of Farmland,https://leetcode.com/problems/find-all-groups-of-farmland/description/,"HTTP 404: {""detail"":""Not Found""}"
1993,Operations on Tree,https://leetcode.com/problems/operations-on-tree/description/,"HTTP 404: {""detail"":""Not Found""}"
1994,The Number of Good Subsets,https://leetcode.com/problems/the-number-of-good-subsets/description/,"HTTP 404: {""detail"":""Not Found""}"
1995,Count Special Quadruplets,https://leetcode.com/problems/count-special-quadruplets/description/,"HTTP 404: {""detail"":""Not Found""}"
1996,The Number of Weak Characters in the Game,https://leetcode.com/problems/the-number-of-weak-characters-in-the-game/description/,"HTTP 404: {""detail"":""Not Found""}"
1997,First Day Where You Have Been in All the Rooms,https://leetcode.com/problems/first-day-where-you-have-been-in-all-the-rooms/description/,"HTTP 404: {""detail"":""Not Found""}"
1998,GCD Sort of an Array,https://leetcode.com/problems/gcd-sort-of-an-array/description/,"HTTP 404: {""detail"":""Not Found""}"
1999,Smallest Greater Multiple Made of Two Digits,https://leetcode.com/problems/smallest-greater-multiple-made-of-two-digits/description/,"HTTP 404: {""detail"":""Not Found""}"
2000,Reverse Prefix of Word,https://leetcode.com/problems/reverse-prefix-of-word/description/,"HTTP 404: {""detail"":""Not Found""}"
2001,Number of Pairs of Interchangeable Rectangles,https://leetcode.com/problems/number-of-pairs-of-interchangeable-rectangles/description/,"HTTP 404: {""detail"":""Not Found""}"
2002,Maximum Product of the Length of Two Palindromic Subsequences,https://leetcode.com/problems/maximum-product-of-the-length-of-two-palindromic-subsequences/description/,"HTTP 404: {""detail"":""Not Found""}"
2003,Smallest Missing Genetic Value in Each Subtree,https://leetcode.com/problems/smallest-missing-genetic-value-in-each-subtree/description/,"HTTP 404: {""detail"":""Not Found""}"
2004,The Number of Seniors and Juniors to Join the Company,https://leetcode.com/problems/the-number-of-seniors-and-juniors-to-join-the-company/description/,"HTTP 404: {""detail"":""Not Found""}"
2005,Subtree Removal Game with Fibonacci Tree,https://leetcode.com/problems/subtree-removal-game-with-fibonacci-tree/description/,"HTTP 404: {""detail"":""Not Found""}"
2006,Count Number of Pairs With Absolute Difference K,https://leetcode.com/problems/count-number-of-pairs-with-absolute-difference-k/description/,"HTTP 404: {""detail"":""Not Found""}"
2007,Find Original Array From Doubled Array,https://leetcode.com/problems/find-original-array-from-doubled-array/description/,"HTTP 404: {""detail"":""Not Found""}"
2008,Maximum Earnings From Taxi,https://leetcode.com/problems/maximum-earnings-from-taxi/description/,"HTTP 404: {""detail"":""Not Found""}"
2009,Minimum Number of Operations to Make Array Continuous,https://leetcode.com/problems/minimum-number-of-operations-to-make-array-continuous/description/,"HTTP 404: {""detail"":""Not Found""}"
2010,The Number of Seniors and Juniors to Join the Company II,https://leetcode.com/problems/the-number-of-seniors-and-juniors-to-join-the-company-ii/description/,"HTTP 404: {""detail"":""Not Found""}"
2011,Final Value of Variable After Performing Operations,https://leetcode.com/problems/final-value-of-variable-after-performing-operations/description/,"HTTP 404: {""detail"":""Not Found""}"
2012,Sum of Beauty in the Array,https://leetcode.com/problems/sum-of-beauty-in-the-array/description/,"HTTP 404: {""detail"":""Not Found""}"
2013,Detect Squares,https://leetcode.com/problems/detect-squares/description/,"HTTP 404: {""detail"":""Not Found""}"
2014,Longest Subsequence Repeated k Times,https://leetcode.com/problems/longest-subsequence-repeated-k-times/description/,"HTTP 404: {""detail"":""Not Found""}"
2015,Average Height of Buildings in Each Segment,https://leetcode.com/problems/average-height-of-buildings-in-each-segment/description/,"HTTP 404: {""detail"":""Not Found""}"
2016,Maximum Difference Between Increasing Elements,https://leetcode.com/problems/maximum-difference-between-increasing-elements/description/,"HTTP 404: {""detail"":""Not Found""}"
2017,Grid Game,https://leetcode.com/problems/grid-game/description/,"HTTP 404: {""detail"":""Not Found""}"
2018,Check if Word Can Be Placed In Crossword,https://leetcode.com/problems/check-if-word-can-be-placed-in-crossword/description/,"HTTP 404: {""detail"":""Not Found""}"
2019,The Score of Students Solving Math Expression,https://leetcode.com/problems/the-score-of-students-solving-math-expression/description/,"HTTP 404: {""detail"":""Not Found""}"
2020,Number of Accounts That Did Not Stream,https://leetcode.com/problems/number-of-accounts-that-did-not-stream/description/,"HTTP 404: {""detail"":""Not Found""}"
2021,Brightest Position on Street,https://leetcode.com/problems/brightest-position-on-street/description/,"HTTP 404: {""detail"":""Not Found""}"
2022,Convert 1D Array Into 2D Array,https://leetcode.com/problems/convert-1d-array-into-2d-array/description/,"HTTP 404: {""detail"":""Not Found""}"
2023,Number of Pairs of Strings With Concatenation Equal to Target,https://leetcode.com/problems/number-of-pairs-of-strings-with-concatenation-equal-to-target/description/,"HTTP 404: {""detail"":""Not Found""}"
2024,Maximize the Confusion of an Exam,https://leetcode.com/problems/maximize-the-confusion-of-an-exam/description/,"HTTP 404: {""detail"":""Not Found""}"
2025,Maximum Number of Ways to Partition an Array,https://leetcode.com/problems/maximum-number-of-ways-to-partition-an-array/description/,"HTTP 404: {""detail"":""Not Found""}"
2026,Low-Quality Problems,https://leetcode.com/problems/low-quality-problems/description/,"HTTP 404: {""detail"":""Not Found""}"
2027,Minimum Moves to Convert String,https://leetcode.com/problems/minimum-moves-to-convert-string/description/,"HTTP 404: {""detail"":""Not Found""}"
2028,Find Missing Observations,https://leetcode.com/problems/find-missing-observations/description/,"HTTP 404: {""detail"":""Not Found""}"
2029,Stone Game IX,https://leetcode.com/problems/stone-game-ix/description/,"HTTP 404: {""detail"":""Not Found""}"
2030,Smallest K-Length Subsequence With Occurrences of a Letter,https://leetcode.com/problems/smallest-k-length-subsequence-with-occurrences-of-a-letter/description/,"HTTP 404: {""detail"":""Not Found""}"
2031,Count Subarrays With More Ones Than Zeros,https://leetcode.com/problems/count-subarrays-with-more-ones-than-zeros/description/,"HTTP 404: {""detail"":""Not Found""}"
2032,Two Out of Three,https://leetcode.com/problems/two-out-of-three/description/,"HTTP 404: {""detail"":""Not Found""}"
2033,Minimum Operations to Make a Uni-Value Grid,https://leetcode.com/problems/minimum-operations-to-make-a-uni-value-grid/description/,"HTTP 404: {""detail"":""Not Found""}"
2034,Stock Price Fluctuation ,https://leetcode.com/problems/stock-price-fluctuation/description/,"HTTP 404: {""detail"":""Not Found""}"
2035,Partition Array Into Two Arrays to Minimize Sum Difference,https://leetcode.com/problems/partition-array-into-two-arrays-to-minimize-sum-difference/description/,"HTTP 404: {""detail"":""Not Found""}"
2036,Maximum Alternating Subarray Sum,https://leetcode.com/problems/maximum-alternating-subarray-sum/description/,"HTTP 404: {""detail"":""Not Found""}"
2037,Minimum Number of Moves to Seat Everyone,https://leetcode.com/problems/minimum-number-of-moves-to-seat-everyone/description/,"HTTP 404: {""detail"":""Not Found""}"
2038,Remove Colored Pieces if Both Neighbors are the Same Color,https://leetcode.com/problems/remove-colored-pieces-if-both-neighbors-are-the-same-color/description/,"HTTP 404: {""detail"":""Not Found""}"
2039,The Time When the Network Becomes Idle,https://leetcode.com/problems/the-time-when-the-network-becomes-idle/description/,"HTTP 404: {""detail"":""Not Found""}"
2040,Kth Smallest Product of Two Sorted Arrays,https://leetcode.com/problems/kth-smallest-product-of-two-sorted-arrays/description/,"HTTP 404: {""detail"":""Not Found""}"
2041,Accepted Candidates From the Interviews,https://leetcode.com/problems/accepted-candidates-from-the-interviews/description/,"HTTP 404: {""detail"":""Not Found""}"
2042,Check if Numbers Are Ascending in a Sentence,https://leetcode.com/problems/check-if-numbers-are-ascending-in-a-sentence/description/,"HTTP 404: {""detail"":""Not Found""}"
2043,Simple Bank System,https://leetcode.com/problems/simple-bank-system/description/,"HTTP 404: {""detail"":""Not Found""}"
2044,Count Number of Maximum Bitwise-OR Subsets,https://leetcode.com/problems/count-number-of-maximum-bitwise-or-subsets/description/,"HTTP 404: {""detail"":""Not Found""}"
2045,Second Minimum Time to Reach Destination,https://leetcode.com/problems/second-minimum-time-to-reach-destination/description/,"HTTP 404: {""detail"":""Not Found""}"
2046,Sort Linked List Already Sorted Using Absolute Values,https://leetcode.com/problems/sort-linked-list-already-sorted-using-absolute-values/description/,"HTTP 404: {""detail"":""Not Found""}"
2047,Number of Valid Words in a Sentence,https://leetcode.com/problems/number-of-valid-words-in-a-sentence/description/,"HTTP 404: {""detail"":""Not Found""}"
2048,Next Greater Numerically Balanced Number,https://leetcode.com/problems/next-greater-numerically-balanced-number/description/,"HTTP 404: {""detail"":""Not Found""}"
2049,Count Nodes With the Highest Score,https://leetcode.com/problems/count-nodes-with-the-highest-score/description/,"HTTP 404: {""detail"":""Not Found""}"
2050,Parallel Courses III,https://leetcode.com/problems/parallel-courses-iii/description/,"HTTP 404: {""detail"":""Not Found""}"
2051,The Category of Each Member in the Store,https://leetcode.com/problems/the-category-of-each-member-in-the-store/description/,"HTTP 404: {""detail"":""Not Found""}"
2052,Minimum Cost to Separate Sentence Into Rows,https://leetcode.com/problems/minimum-cost-to-separate-sentence-into-rows/description/,"HTTP 404: {""detail"":""Not Found""}"
2053,Kth Distinct String in an Array,https://leetcode.com/problems/kth-distinct-string-in-an-array/description/,"HTTP 404: {""detail"":""Not Found""}"
2054,Two Best Non-Overlapping Events,https://leetcode.com/problems/two-best-non-overlapping-events/description/,"HTTP 404: {""detail"":""Not Found""}"
2055,Plates Between Candles,https://leetcode.com/problems/plates-between-candles/description/,"HTTP 404: {""detail"":""Not Found""}"
2056,Number of Valid Move Combinations On Chessboard,https://leetcode.com/problems/number-of-valid-move-combinations-on-chessboard/description/,"HTTP 404: {""detail"":""Not Found""}"
2057,Smallest Index With Equal Value,https://leetcode.com/problems/smallest-index-with-equal-value/description/,"HTTP 404: {""detail"":""Not Found""}"
2058,Find the Minimum and Maximum Number of Nodes Between Critical Points,https://leetcode.com/problems/find-the-minimum-and-maximum-number-of-nodes-between-critical-points/description/,"HTTP 404: {""detail"":""Not Found""}"
2059,Minimum Operations to Convert Number,https://leetcode.com/problems/minimum-operations-to-convert-number/description/,"HTTP 404: {""detail"":""Not Found""}"
2060,Check if an Original String Exists Given Two Encoded Strings,https://leetcode.com/problems/check-if-an-original-string-exists-given-two-encoded-strings/description/,"HTTP 404: {""detail"":""Not Found""}"
2061,Number of Spaces Cleaning Robot Cleaned,https://leetcode.com/problems/number-of-spaces-cleaning-robot-cleaned/description/,"HTTP 404: {""detail"":""Not Found""}"
2062,Count Vowel Substrings of a String,https://leetcode.com/problems/count-vowel-substrings-of-a-string/description/,"HTTP 404: {""detail"":""Not Found""}"
2063,Vowels of All Substrings,https://leetcode.com/problems/vowels-of-all-substrings/description/,"HTTP 404: {""detail"":""Not Found""}"
2064,Minimized Maximum of Products Distributed to Any Store,https://leetcode.com/problems/minimized-maximum-of-products-distributed-to-any-store/description/,"HTTP 404: {""detail"":""Not Found""}"
2065,Maximum Path Quality of a Graph,https://leetcode.com/problems/maximum-path-quality-of-a-graph/description/,"HTTP 404: {""detail"":""Not Found""}"
2066,Account Balance,https://leetcode.com/problems/account-balance/description/,"HTTP 404: {""detail"":""Not Found""}"
2067,Number of Equal Count Substrings,https://leetcode.com/problems/number-of-equal-count-substrings/description/,"HTTP 404: {""detail"":""Not Found""}"
2068,Check Whether Two Strings are Almost Equivalent,https://leetcode.com/problems/check-whether-two-strings-are-almost-equivalent/description/,"HTTP 404: {""detail"":""Not Found""}"
2069,Walking Robot Simulation II,https://leetcode.com/problems/walking-robot-simulation-ii/description/,"HTTP 404: {""detail"":""Not Found""}"
2070,Most Beautiful Item for Each Query,https://leetcode.com/problems/most-beautiful-item-for-each-query/description/,"HTTP 404: {""detail"":""Not Found""}"
2071,Maximum Number of Tasks You Can Assign,https://leetcode.com/problems/maximum-number-of-tasks-you-can-assign/description/,"HTTP 404: {""detail"":""Not Found""}"
2072,The Winner University,https://leetcode.com/problems/the-winner-university/description/,"HTTP 404: {""detail"":""Not Found""}"
2073,Time Needed to Buy Tickets,https://leetcode.com/problems/time-needed-to-buy-tickets/description/,"HTTP 404: {""detail"":""Not Found""}"
2074,Reverse Nodes in Even Length Groups,https://leetcode.com/problems/reverse-nodes-in-even-length-groups/description/,"HTTP 404: {""detail"":""Not Found""}"
2075,Decode the Slanted Ciphertext,https://leetcode.com/problems/decode-the-slanted-ciphertext/description/,"HTTP 404: {""detail"":""Not Found""}"
2076,Process Restricted Friend Requests,https://leetcode.com/problems/process-restricted-friend-requests/description/,"HTTP 404: {""detail"":""Not Found""}"
2077,Paths in Maze That Lead to Same Room,https://leetcode.com/problems/paths-in-maze-that-lead-to-same-room/description/,"HTTP 404: {""detail"":""Not Found""}"
2078,Two Furthest Houses With Different Colors,https://leetcode.com/problems/two-furthest-houses-with-different-colors/description/,"HTTP 404: {""detail"":""Not Found""}"
2079,Watering Plants,https://leetcode.com/problems/watering-plants/description/,"HTTP 404: {""detail"":""Not Found""}"
2080,Range Frequency Queries,https://leetcode.com/problems/range-frequency-queries/description/,"HTTP 404: {""detail"":""Not Found""}"
2081,Sum of k-Mirror Numbers,https://leetcode.com/problems/sum-of-k-mirror-numbers/description/,"HTTP 404: {""detail"":""Not Found""}"
2082,The Number of Rich Customers,https://leetcode.com/problems/the-number-of-rich-customers/description/,"HTTP 404: {""detail"":""Not Found""}"
2083,Substrings That Begin and End With the Same Letter,https://leetcode.com/problems/substrings-that-begin-and-end-with-the-same-letter/description/,"HTTP 404: {""detail"":""Not Found""}"
2084,Drop Type 1 Orders for Customers With Type 0 Orders,https://leetcode.com/problems/drop-type-1-orders-for-customers-with-type-0-orders/description/,"HTTP 404: {""detail"":""Not Found""}"
2085,Count Common Words With One Occurrence,https://leetcode.com/problems/count-common-words-with-one-occurrence/description/,"HTTP 404: {""detail"":""Not Found""}"
2086,Minimum Number of Food Buckets to Feed the Hamsters,https://leetcode.com/problems/minimum-number-of-food-buckets-to-feed-the-hamsters/description/,"HTTP 404: {""detail"":""Not Found""}"
2087,Minimum Cost Homecoming of a Robot in a Grid,https://leetcode.com/problems/minimum-cost-homecoming-of-a-robot-in-a-grid/description/,"HTTP 404: {""detail"":""Not Found""}"
2088,Count Fertile Pyramids in a Land,https://leetcode.com/problems/count-fertile-pyramids-in-a-land/description/,"HTTP 404: {""detail"":""Not Found""}"
2089,Find Target Indices After Sorting Array,https://leetcode.com/problems/find-target-indices-after-sorting-array/description/,"HTTP 404: {""detail"":""Not Found""}"
2090,K Radius Subarray Averages,https://leetcode.com/problems/k-radius-subarray-averages/description/,"HTTP 404: {""detail"":""Not Found""}"
2091,Removing Minimum and Maximum From Array,https://leetcode.com/problems/removing-minimum-and-maximum-from-array/description/,"HTTP 404: {""detail"":""Not Found""}"
2092,Find All People With Secret,https://leetcode.com/problems/find-all-people-with-secret/description/,"HTTP 404: {""detail"":""Not Found""}"
2093,Minimum Cost to Reach City With Discounts,https://leetcode.com/problems/minimum-cost-to-reach-city-with-discounts/description/,"HTTP 404: {""detail"":""Not Found""}"
2094,Finding 3-Digit Even Numbers,https://leetcode.com/problems/finding-3-digit-even-numbers/description/,"HTTP 404: {""detail"":""Not Found""}"
2095,Delete the Middle Node of a Linked List,https://leetcode.com/problems/delete-the-middle-node-of-a-linked-list/description/,"HTTP 404: {""detail"":""Not Found""}"
2096,Step-By-Step Directions From a Binary Tree Node to Another,https://leetcode.com/problems/step-by-step-directions-from-a-binary-tree-node-to-another/description/,"HTTP 404: {""detail"":""Not Found""}"
2097,Valid Arrangement of Pairs,https://leetcode.com/problems/valid-arrangement-of-pairs/description/,"HTTP 404: {""detail"":""Not Found""}"
2098,Subsequence of Size K With the Largest Even Sum,https://leetcode.com/problems/subsequence-of-size-k-with-the-largest-even-sum/description/,"HTTP 404: {""detail"":""Not Found""}"
2099,Find Subsequence of Length K With the Largest Sum,https://leetcode.com/problems/find-subsequence-of-length-k-with-the-largest-sum/description/,"HTTP 404: {""detail"":""Not Found""}"
2100,Find Good Days to Rob the Bank,https://leetcode.com/problems/find-good-days-to-rob-the-bank/description/,"HTTP 404: {""detail"":""Not Found""}"
2101,Detonate the Maximum Bombs,https://leetcode.com/problems/detonate-the-maximum-bombs/description/,"HTTP 404: {""detail"":""Not Found""}"
2102,Sequentially Ordinal Rank Tracker,https://leetcode.com/problems/sequentially-ordinal-rank-tracker/description/,"HTTP 404: {""detail"":""Not Found""}"
2103,Rings and Rods,https://leetcode.com/problems/rings-and-rods/description/,"HTTP 404: {""detail"":""Not Found""}"
2104,Sum of Subarray Ranges,https://leetcode.com/problems/sum-of-subarray-ranges/description/,"HTTP 404: {""detail"":""Not Found""}"
2105,Watering Plants II,https://leetcode.com/problems/watering-plants-ii/description/,"HTTP 404: {""detail"":""Not Found""}"
2106,Maximum Fruits Harvested After at Most K Steps,https://leetcode.com/problems/maximum-fruits-harvested-after-at-most-k-steps/description/,"HTTP 404: {""detail"":""Not Found""}"
2107,Number of Unique Flavors After Sharing K Candies,https://leetcode.com/problems/number-of-unique-flavors-after-sharing-k-candies/description/,"HTTP 404: {""detail"":""Not Found""}"
2108,Find First Palindromic String in the Array,https://leetcode.com/problems/find-first-palindromic-string-in-the-array/description/,"HTTP 404: {""detail"":""Not Found""}"
2109,Adding Spaces to a String,https://leetcode.com/problems/adding-spaces-to-a-string/description/,"HTTP 404: {""detail"":""Not Found""}"
2110,Number of Smooth Descent Periods of a Stock,https://leetcode.com/problems/number-of-smooth-descent-periods-of-a-stock/description/,"HTTP 404: {""detail"":""Not Found""}"
2111,Minimum Operations to Make the Array K-Increasing,https://leetcode.com/problems/minimum-operations-to-make-the-array-k-increasing/description/,"HTTP 404: {""detail"":""Not Found""}"
2112,The Airport With the Most Traffic,https://leetcode.com/problems/the-airport-with-the-most-traffic/description/,"HTTP 404: {""detail"":""Not Found""}"
2113,Elements in Array After Removing and Replacing Elements,https://leetcode.com/problems/elements-in-array-after-removing-and-replacing-elements/description/,"HTTP 404: {""detail"":""Not Found""}"
2114,Maximum Number of Words Found in Sentences,https://leetcode.com/problems/maximum-number-of-words-found-in-sentences/description/,"HTTP 404: {""detail"":""Not Found""}"
2115,Find All Possible Recipes from Given Supplies,https://leetcode.com/problems/find-all-possible-recipes-from-given-supplies/description/,"HTTP 404: {""detail"":""Not Found""}"
2116,Check if a Parentheses String Can Be Valid,https://leetcode.com/problems/check-if-a-parentheses-string-can-be-valid/description/,"HTTP 404: {""detail"":""Not Found""}"
2117,Abbreviating the Product of a Range,https://leetcode.com/problems/abbreviating-the-product-of-a-range/description/,"HTTP 404: {""detail"":""Not Found""}"
2118,Build the Equation,https://leetcode.com/problems/build-the-equation/description/,"HTTP 404: {""detail"":""Not Found""}"
2119,A Number After a Double Reversal,https://leetcode.com/problems/a-number-after-a-double-reversal/description/,"HTTP 404: {""detail"":""Not Found""}"
2120,Execution of All Suffix Instructions Staying in a Grid,https://leetcode.com/problems/execution-of-all-suffix-instructions-staying-in-a-grid/description/,"HTTP 404: {""detail"":""Not Found""}"
2121,Intervals Between Identical Elements,https://leetcode.com/problems/intervals-between-identical-elements/description/,"HTTP 404: {""detail"":""Not Found""}"
2122,Recover the Original Array,https://leetcode.com/problems/recover-the-original-array/description/,"HTTP 404: {""detail"":""Not Found""}"
2123,Minimum Operations to Remove Adjacent Ones in Matrix,https://leetcode.com/problems/minimum-operations-to-remove-adjacent-ones-in-matrix/description/,"HTTP 404: {""detail"":""Not Found""}"
2124,Check if All A's Appears Before All B's,https://leetcode.com/problems/check-if-all-as-appears-before-all-bs/description/,"HTTP 404: {""detail"":""Not Found""}"
2125,Number of Laser Beams in a Bank,https://leetcode.com/problems/number-of-laser-beams-in-a-bank/description/,"HTTP 404: {""detail"":""Not Found""}"
2126,Destroying Asteroids,https://leetcode.com/problems/destroying-asteroids/description/,"HTTP 404: {""detail"":""Not Found""}"
2127,Maximum Employees to Be Invited to a Meeting,https://leetcode.com/problems/maximum-employees-to-be-invited-to-a-meeting/description/,"HTTP 404: {""detail"":""Not Found""}"
2128,Remove All Ones With Row and Column Flips,https://leetcode.com/problems/remove-all-ones-with-row-and-column-flips/description/,"HTTP 404: {""detail"":""Not Found""}"
2129,Capitalize the Title,https://leetcode.com/problems/capitalize-the-title/description/,"HTTP 404: {""detail"":""Not Found""}"
2130,Maximum Twin Sum of a Linked List,https://leetcode.com/problems/maximum-twin-sum-of-a-linked-list/description/,"HTTP 404: {""detail"":""Not Found""}"
2131,Longest Palindrome by Concatenating Two Letter Words,https://leetcode.com/problems/longest-palindrome-by-concatenating-two-letter-words/description/,"HTTP 404: {""detail"":""Not Found""}"
2132,Stamping the Grid,https://leetcode.com/problems/stamping-the-grid/description/,"HTTP 404: {""detail"":""Not Found""}"
2133,Check if Every Row and Column Contains All Numbers,https://leetcode.com/problems/check-if-every-row-and-column-contains-all-numbers/description/,"HTTP 404: {""detail"":""Not Found""}"
2134,Minimum Swaps to Group All 1's Together II,https://leetcode.com/problems/minimum-swaps-to-group-all-1s-together-ii/description/,"HTTP 404: {""detail"":""Not Found""}"
2135,Count Words Obtained After Adding a Letter,https://leetcode.com/problems/count-words-obtained-after-adding-a-letter/description/,"HTTP 404: {""detail"":""Not Found""}"
2136,Earliest Possible Day of Full Bloom,https://leetcode.com/problems/earliest-possible-day-of-full-bloom/description/,"HTTP 404: {""detail"":""Not Found""}"
2137,Pour Water Between Buckets to Make Water Levels Equal,https://leetcode.com/problems/pour-water-between-buckets-to-make-water-levels-equal/description/,"HTTP 404: {""detail"":""Not Found""}"
2138,Divide a String Into Groups of Size k,https://leetcode.com/problems/divide-a-string-into-groups-of-size-k/description/,"HTTP 404: {""detail"":""Not Found""}"
2139,Minimum Moves to Reach Target Score,https://leetcode.com/problems/minimum-moves-to-reach-target-score/description/,"HTTP 404: {""detail"":""Not Found""}"
2140,Solving Questions With Brainpower,https://leetcode.com/problems/solving-questions-with-brainpower/description/,"HTTP 404: {""detail"":""Not Found""}"
2141,Maximum Running Time of N Computers,https://leetcode.com/problems/maximum-running-time-of-n-computers/description/,"HTTP 404: {""detail"":""Not Found""}"
2142,The Number of Passengers in Each Bus I,https://leetcode.com/problems/the-number-of-passengers-in-each-bus-i/description/,"HTTP 404: {""detail"":""Not Found""}"
2143,Choose Numbers From Two Arrays in Range,https://leetcode.com/problems/choose-numbers-from-two-arrays-in-range/description/,"HTTP 404: {""detail"":""Not Found""}"
2144,Minimum Cost of Buying Candies With Discount,https://leetcode.com/problems/minimum-cost-of-buying-candies-with-discount/description/,"HTTP 404: {""detail"":""Not Found""}"
2145,Count the Hidden Sequences,https://leetcode.com/problems/count-the-hidden-sequences/description/,"HTTP 404: {""detail"":""Not Found""}"
2146,K Highest Ranked Items Within a Price Range,https://leetcode.com/problems/k-highest-ranked-items-within-a-price-range/description/,"HTTP 404: {""detail"":""Not Found""}"
2147,Number of Ways to Divide a Long Corridor,https://leetcode.com/problems/number-of-ways-to-divide-a-long-corridor/description/,"HTTP 404: {""detail"":""Not Found""}"
2148,Count Elements With Strictly Smaller and Greater Elements ,https://leetcode.com/problems/count-elements-with-strictly-smaller-and-greater-elements/description/,"HTTP 404: {""detail"":""Not Found""}"
2149,Rearrange Array Elements by Sign,https://leetcode.com/problems/rearrange-array-elements-by-sign/description/,"HTTP 404: {""detail"":""Not Found""}"
2150,Find All Lonely Numbers in the Array,https://leetcode.com/problems/find-all-lonely-numbers-in-the-array/description/,"HTTP 404: {""detail"":""Not Found""}"
2151,Maximum Good People Based on Statements,https://leetcode.com/problems/maximum-good-people-based-on-statements/description/,"HTTP 404: {""detail"":""Not Found""}"
2152,Minimum Number of Lines to Cover Points,https://leetcode.com/problems/minimum-number-of-lines-to-cover-points/description/,"HTTP 404: {""detail"":""Not Found""}"
2153,The Number of Passengers in Each Bus II,https://leetcode.com/problems/the-number-of-passengers-in-each-bus-ii/description/,"HTTP 404: {""detail"":""Not Found""}"
2154,Keep Multiplying Found Values by Two,https://leetcode.com/problems/keep-multiplying-found-values-by-two/description/,"HTTP 404: {""detail"":""Not Found""}"
2155,All Divisions With the Highest Score of a Binary Array,https://leetcode.com/problems/all-divisions-with-the-highest-score-of-a-binary-array/description/,"HTTP 404: {""detail"":""Not Found""}"
2156,Find Substring With Given Hash Value,https://leetcode.com/problems/find-substring-with-given-hash-value/description/,"HTTP 404: {""detail"":""Not Found""}"
2157,Groups of Strings,https://leetcode.com/problems/groups-of-strings/description/,"HTTP 404: {""detail"":""Not Found""}"
2158,Amount of New Area Painted Each Day,https://leetcode.com/problems/amount-of-new-area-painted-each-day/description/,"HTTP 404: {""detail"":""Not Found""}"
2159,Order Two Columns Independently,https://leetcode.com/problems/order-two-columns-independently/description/,"HTTP 404: {""detail"":""Not Found""}"
2160,Minimum Sum of Four Digit Number After Splitting Digits,https://leetcode.com/problems/minimum-sum-of-four-digit-number-after-splitting-digits/description/,"HTTP 404: {""detail"":""Not Found""}"
2161,Partition Array According to Given Pivot,https://leetcode.com/problems/partition-array-according-to-given-pivot/description/,"HTTP 404: {""detail"":""Not Found""}"
2162,Minimum Cost to Set Cooking Time,https://leetcode.com/problems/minimum-cost-to-set-cooking-time/description/,"HTTP 404: {""detail"":""Not Found""}"
2163,Minimum Difference in Sums After Removal of Elements,https://leetcode.com/problems/minimum-difference-in-sums-after-removal-of-elements/description/,"HTTP 404: {""detail"":""Not Found""}"
2164,Sort Even and Odd Indices Independently,https://leetcode.com/problems/sort-even-and-odd-indices-independently/description/,"HTTP 404: {""detail"":""Not Found""}"
2165,Smallest Value of the Rearranged Number,https://leetcode.com/problems/smallest-value-of-the-rearranged-number/description/,"HTTP 404: {""detail"":""Not Found""}"
2166,Design Bitset,https://leetcode.com/problems/design-bitset/description/,"HTTP 404: {""detail"":""Not Found""}"
2167,Minimum Time to Remove All Cars Containing Illegal Goods,https://leetcode.com/problems/minimum-time-to-remove-all-cars-containing-illegal-goods/description/,"HTTP 404: {""detail"":""Not Found""}"
2168,Unique Substrings With Equal Digit Frequency,https://leetcode.com/problems/unique-substrings-with-equal-digit-frequency/description/,"HTTP 404: {""detail"":""Not Found""}"
2169,Count Operations to Obtain Zero,https://leetcode.com/problems/count-operations-to-obtain-zero/description/,"HTTP 404: {""detail"":""Not Found""}"
2170,Minimum Operations to Make the Array Alternating,https://leetcode.com/problems/minimum-operations-to-make-the-array-alternating/description/,"HTTP 404: {""detail"":""Not Found""}"
2171,Removing Minimum Number of Magic Beans,https://leetcode.com/problems/removing-minimum-number-of-magic-beans/description/,"HTTP 404: {""detail"":""Not Found""}"
2172,Maximum AND Sum of Array,https://leetcode.com/problems/maximum-and-sum-of-array/description/,"HTTP 404: {""detail"":""Not Found""}"
2173,Longest Winning Streak,https://leetcode.com/problems/longest-winning-streak/description/,"HTTP 404: {""detail"":""Not Found""}"
2174,Remove All Ones With Row and Column Flips II,https://leetcode.com/problems/remove-all-ones-with-row-and-column-flips-ii/description/,"HTTP 404: {""detail"":""Not Found""}"
2175,The Change in Global Rankings,https://leetcode.com/problems/the-change-in-global-rankings/description/,"HTTP 404: {""detail"":""Not Found""}"
2176,Count Equal and Divisible Pairs in an Array,https://leetcode.com/problems/count-equal-and-divisible-pairs-in-an-array/description/,"HTTP 404: {""detail"":""Not Found""}"
2177,Find Three Consecutive Integers That Sum to a Given Number,https://leetcode.com/problems/find-three-consecutive-integers-that-sum-to-a-given-number/description/,"HTTP 404: {""detail"":""Not Found""}"
2178,Maximum Split of Positive Even Integers,https://leetcode.com/problems/maximum-split-of-positive-even-integers/description/,"HTTP 404: {""detail"":""Not Found""}"
2179,Count Good Triplets in an Array,https://leetcode.com/problems/count-good-triplets-in-an-array/description/,"HTTP 404: {""detail"":""Not Found""}"
2180,Count Integers With Even Digit Sum,https://leetcode.com/problems/count-integers-with-even-digit-sum/description/,"HTTP 404: {""detail"":""Not Found""}"
2181,Merge Nodes in Between Zeros,https://leetcode.com/problems/merge-nodes-in-between-zeros/description/,"HTTP 404: {""detail"":""Not Found""}"
2182,Construct String With Repeat Limit,https://leetcode.com/problems/construct-string-with-repeat-limit/description/,"HTTP 404: {""detail"":""Not Found""}"
2183,Count Array Pairs Divisible by K,https://leetcode.com/problems/count-array-pairs-divisible-by-k/description/,"HTTP 404: {""detail"":""Not Found""}"
2184,Number of Ways to Build Sturdy Brick Wall,https://leetcode.com/problems/number-of-ways-to-build-sturdy-brick-wall/description/,"HTTP 404: {""detail"":""Not Found""}"
2185,Counting Words With a Given Prefix,https://leetcode.com/problems/counting-words-with-a-given-prefix/description/,"HTTP 404: {""detail"":""Not Found""}"
2186,Minimum Number of Steps to Make Two Strings Anagram II,https://leetcode.com/problems/minimum-number-of-steps-to-make-two-strings-anagram-ii/description/,"HTTP 404: {""detail"":""Not Found""}"
2187,Minimum Time to Complete Trips,https://leetcode.com/problems/minimum-time-to-complete-trips/description/,"HTTP 404: {""detail"":""Not Found""}"
2188,Minimum Time to Finish the Race,https://leetcode.com/problems/minimum-time-to-finish-the-race/description/,"HTTP 404: {""detail"":""Not Found""}"
2189,Number of Ways to Build House of Cards,https://leetcode.com/problems/number-of-ways-to-build-house-of-cards/description/,"HTTP 404: {""detail"":""Not Found""}"
2190,Most Frequent Number Following Key In an Array,https://leetcode.com/problems/most-frequent-number-following-key-in-an-array/description/,"HTTP 404: {""detail"":""Not Found""}"
2191,Sort the Jumbled Numbers,https://leetcode.com/problems/sort-the-jumbled-numbers/description/,"HTTP 404: {""detail"":""Not Found""}"
2192,All Ancestors of a Node in a Directed Acyclic Graph,https://leetcode.com/problems/all-ancestors-of-a-node-in-a-directed-acyclic-graph/description/,"HTTP 404: {""detail"":""Not Found""}"
2193,Minimum Number of Moves to Make Palindrome,https://leetcode.com/problems/minimum-number-of-moves-to-make-palindrome/description/,"HTTP 404: {""detail"":""Not Found""}"
2194,Cells in a Range on an Excel Sheet,https://leetcode.com/problems/cells-in-a-range-on-an-excel-sheet/description/,"HTTP 404: {""detail"":""Not Found""}"
2195,Append K Integers With Minimal Sum,https://leetcode.com/problems/append-k-integers-with-minimal-sum/description/,"HTTP 404: {""detail"":""Not Found""}"
2196,Create Binary Tree From Descriptions,https://leetcode.com/problems/create-binary-tree-from-descriptions/description/,"HTTP 404: {""detail"":""Not Found""}"
2197,Replace Non-Coprime Numbers in Array,https://leetcode.com/problems/replace-non-coprime-numbers-in-array/description/,"HTTP 404: {""detail"":""Not Found""}"
2198,Number of Single Divisor Triplets,https://leetcode.com/problems/number-of-single-divisor-triplets/description/,"HTTP 404: {""detail"":""Not Found""}"
2199,Finding the Topic of Each Post,https://leetcode.com/problems/finding-the-topic-of-each-post/description/,"HTTP 404: {""detail"":""Not Found""}"
2200,Find All K-Distant Indices in an Array,https://leetcode.com/problems/find-all-k-distant-indices-in-an-array/description/,"HTTP 404: {""detail"":""Not Found""}"
2201,Count Artifacts That Can Be Extracted,https://leetcode.com/problems/count-artifacts-that-can-be-extracted/description/,"HTTP 404: {""detail"":""Not Found""}"
2202,Maximize the Topmost Element After K Moves,https://leetcode.com/problems/maximize-the-topmost-element-after-k-moves/description/,"HTTP 404: {""detail"":""Not Found""}"
2203,Minimum Weighted Subgraph With the Required Paths,https://leetcode.com/problems/minimum-weighted-subgraph-with-the-required-paths/description/,"HTTP 404: {""detail"":""Not Found""}"
2204,Distance to a Cycle in Undirected Graph,https://leetcode.com/problems/distance-to-a-cycle-in-undirected-graph/description/,"HTTP 404: {""detail"":""Not Found""}"
2205,The Number of Users That Are Eligible for Discount,https://leetcode.com/problems/the-number-of-users-that-are-eligible-for-discount/description/,"HTTP 404: {""detail"":""Not Found""}"
2206,Divide Array Into Equal Pairs,https://leetcode.com/problems/divide-array-into-equal-pairs/description/,"HTTP 404: {""detail"":""Not Found""}"
2207,Maximize Number of Subsequences in a String,https://leetcode.com/problems/maximize-number-of-subsequences-in-a-string/description/,"HTTP 404: {""detail"":""Not Found""}"
2208,Minimum Operations to Halve Array Sum,https://leetcode.com/problems/minimum-operations-to-halve-array-sum/description/,"HTTP 404: {""detail"":""Not Found""}"
2209,Minimum White Tiles After Covering With Carpets,https://leetcode.com/problems/minimum-white-tiles-after-covering-with-carpets/description/,"HTTP 404: {""detail"":""Not Found""}"
2210,Count Hills and Valleys in an Array,https://leetcode.com/problems/count-hills-and-valleys-in-an-array/description/,"HTTP 404: {""detail"":""Not Found""}"
2211,Count Collisions on a Road,https://leetcode.com/problems/count-collisions-on-a-road/description/,"HTTP 404: {""detail"":""Not Found""}"
2212,Maximum Points in an Archery Competition,https://leetcode.com/problems/maximum-points-in-an-archery-competition/description/,"HTTP 404: {""detail"":""Not Found""}"
2213,Longest Substring of One Repeating Character,https://leetcode.com/problems/longest-substring-of-one-repeating-character/description/,"HTTP 404: {""detail"":""Not Found""}"
2214,Minimum Health to Beat Game,https://leetcode.com/problems/minimum-health-to-beat-game/description/,"HTTP 404: {""detail"":""Not Found""}"
2215,Find the Difference of Two Arrays,https://leetcode.com/problems/find-the-difference-of-two-arrays/description/,"HTTP 404: {""detail"":""Not Found""}"
2216,Minimum Deletions to Make Array Beautiful,https://leetcode.com/problems/minimum-deletions-to-make-array-beautiful/description/,"HTTP 404: {""detail"":""Not Found""}"
2217,Find Palindrome With Fixed Length,https://leetcode.com/problems/find-palindrome-with-fixed-length/description/,"HTTP 404: {""detail"":""Not Found""}"
2218,Maximum Value of K Coins From Piles,https://leetcode.com/problems/maximum-value-of-k-coins-from-piles/description/,"HTTP 404: {""detail"":""Not Found""}"
2219,Maximum Sum Score of Array,https://leetcode.com/problems/maximum-sum-score-of-array/description/,"HTTP 404: {""detail"":""Not Found""}"
2220,Minimum Bit Flips to Convert Number,https://leetcode.com/problems/minimum-bit-flips-to-convert-number/description/,"HTTP 404: {""detail"":""Not Found""}"
2221,Find Triangular Sum of an Array,https://leetcode.com/problems/find-triangular-sum-of-an-array/description/,"HTTP 404: {""detail"":""Not Found""}"
2222,Number of Ways to Select Buildings,https://leetcode.com/problems/number-of-ways-to-select-buildings/description/,"HTTP 404: {""detail"":""Not Found""}"
2223,Sum of Scores of Built Strings,https://leetcode.com/problems/sum-of-scores-of-built-strings/description/,"HTTP 404: {""detail"":""Not Found""}"
2224,Minimum Number of Operations to Convert Time,https://leetcode.com/problems/minimum-number-of-operations-to-convert-time/description/,"HTTP 404: {""detail"":""Not Found""}"
2225,Find Players With Zero or One Losses,https://leetcode.com/problems/find-players-with-zero-or-one-losses/description/,"HTTP 404: {""detail"":""Not Found""}"
2226,Maximum Candies Allocated to K Children,https://leetcode.com/problems/maximum-candies-allocated-to-k-children/description/,"HTTP 404: {""detail"":""Not Found""}"
2227,Encrypt and Decrypt Strings,https://leetcode.com/problems/encrypt-and-decrypt-strings/description/,"HTTP 404: {""detail"":""Not Found""}"
2228,Users With Two Purchases Within Seven Days,https://leetcode.com/problems/users-with-two-purchases-within-seven-days/description/,"HTTP 404: {""detail"":""Not Found""}"
2229,Check if an Array Is Consecutive,https://leetcode.com/problems/check-if-an-array-is-consecutive/description/,"HTTP 404: {""detail"":""Not Found""}"
2230,The Users That Are Eligible for Discount,https://leetcode.com/problems/the-users-that-are-eligible-for-discount/description/,"HTTP 404: {""detail"":""Not Found""}"
2231,Largest Number After Digit Swaps by Parity,https://leetcode.com/problems/largest-number-after-digit-swaps-by-parity/description/,"HTTP 404: {""detail"":""Not Found""}"
2232,Minimize Result by Adding Parentheses to Expression,https://leetcode.com/problems/minimize-result-by-adding-parentheses-to-expression/description/,"HTTP 404: {""detail"":""Not Found""}"
2233,Maximum Product After K Increments,https://leetcode.com/problems/maximum-product-after-k-increments/description/,"HTTP 404: {""detail"":""Not Found""}"
2234,Maximum Total Beauty of the Gardens,https://leetcode.com/problems/maximum-total-beauty-of-the-gardens/description/,"HTTP 404: {""detail"":""Not Found""}"
2235,Add Two Integers,https://leetcode.com/problems/add-two-integers/description/,"HTTP 404: {""detail"":""Not Found""}"
2236,Root Equals Sum of Children,https://leetcode.com/problems/root-equals-sum-of-children/description/,"HTTP 404: {""detail"":""Not Found""}"
2237,Count Positions on Street With Required Brightness,https://leetcode.com/problems/count-positions-on-street-with-required-brightness/description/,"HTTP 404: {""detail"":""Not Found""}"
2238,Number of Times a Driver Was a Passenger,https://leetcode.com/problems/number-of-times-a-driver-was-a-passenger/description/,"HTTP 404: {""detail"":""Not Found""}"
2239,Find Closest Number to Zero,https://leetcode.com/problems/find-closest-number-to-zero/description/,"HTTP 404: {""detail"":""Not Found""}"
2240,Number of Ways to Buy Pens and Pencils,https://leetcode.com/problems/number-of-ways-to-buy-pens-and-pencils/description/,"HTTP 404: {""detail"":""Not Found""}"
2241,Design an ATM Machine,https://leetcode.com/problems/design-an-atm-machine/description/,"HTTP 404: {""detail"":""Not Found""}"
2242,Maximum Score of a Node Sequence,https://leetcode.com/problems/maximum-score-of-a-node-sequence/description/,"HTTP 404: {""detail"":""Not Found""}"
2243,Calculate Digit Sum of a String,https://leetcode.com/problems/calculate-digit-sum-of-a-string/description/,"HTTP 404: {""detail"":""Not Found""}"
2244,Minimum Rounds to Complete All Tasks,https://leetcode.com/problems/minimum-rounds-to-complete-all-tasks/description/,"HTTP 404: {""detail"":""Not Found""}"
2245,Maximum Trailing Zeros in a Cornered Path,https://leetcode.com/problems/maximum-trailing-zeros-in-a-cornered-path/description/,"HTTP 404: {""detail"":""Not Found""}"
2246,Longest Path With Different Adjacent Characters,https://leetcode.com/problems/longest-path-with-different-adjacent-characters/description/,"HTTP 404: {""detail"":""Not Found""}"
2247,Maximum Cost of Trip With K Highways,https://leetcode.com/problems/maximum-cost-of-trip-with-k-highways/description/,"HTTP 404: {""detail"":""Not Found""}"
2248,Intersection of Multiple Arrays,https://leetcode.com/problems/intersection-of-multiple-arrays/description/,"HTTP 404: {""detail"":""Not Found""}"
2249,Count Lattice Points Inside a Circle,https://leetcode.com/problems/count-lattice-points-inside-a-circle/description/,"HTTP 404: {""detail"":""Not Found""}"
2250,Count Number of Rectangles Containing Each Point,https://leetcode.com/problems/count-number-of-rectangles-containing-each-point/description/,"HTTP 404: {""detail"":""Not Found""}"
2251,Number of Flowers in Full Bloom,https://leetcode.com/problems/number-of-flowers-in-full-bloom/description/,"HTTP 404: {""detail"":""Not Found""}"
2252,Dynamic Pivoting of a Table,https://leetcode.com/problems/dynamic-pivoting-of-a-table/description/,"HTTP 404: {""detail"":""Not Found""}"
2253,Dynamic Unpivoting of a Table,https://leetcode.com/problems/dynamic-unpivoting-of-a-table/description/,"HTTP 404: {""detail"":""Not Found""}"
2254,Design Video Sharing Platform,https://leetcode.com/problems/design-video-sharing-platform/description/,"HTTP 404: {""detail"":""Not Found""}"
2255,Count Prefixes of a Given String,https://leetcode.com/problems/count-prefixes-of-a-given-string/description/,"HTTP 404: {""detail"":""Not Found""}"
2256,Minimum Average Difference,https://leetcode.com/problems/minimum-average-difference/description/,"HTTP 404: {""detail"":""Not Found""}"
2257,Count Unguarded Cells in the Grid,https://leetcode.com/problems/count-unguarded-cells-in-the-grid/description/,"HTTP 404: {""detail"":""Not Found""}"
2258,Escape the Spreading Fire,https://leetcode.com/problems/escape-the-spreading-fire/description/,"HTTP 404: {""detail"":""Not Found""}"
2259,Remove Digit From Number to Maximize Result,https://leetcode.com/problems/remove-digit-from-number-to-maximize-result/description/,"HTTP 404: {""detail"":""Not Found""}"
2260,Minimum Consecutive Cards to Pick Up,https://leetcode.com/problems/minimum-consecutive-cards-to-pick-up/description/,"HTTP 404: {""detail"":""Not Found""}"
2261,K Divisible Elements Subarrays,https://leetcode.com/problems/k-divisible-elements-subarrays/description/,"HTTP 404: {""detail"":""Not Found""}"
2262,Total Appeal of A String,https://leetcode.com/problems/total-appeal-of-a-string/description/,"HTTP 404: {""detail"":""Not Found""}"
2263,Make Array Non-decreasing or Non-increasing,https://leetcode.com/problems/make-array-non-decreasing-or-non-increasing/description/,"HTTP 404: {""detail"":""Not Found""}"
2264,Largest 3-Same-Digit Number in String,https://leetcode.com/problems/largest-3-same-digit-number-in-string/description/,"HTTP 404: {""detail"":""Not Found""}"
2265,Count Nodes Equal to Average of Subtree,https://leetcode.com/problems/count-nodes-equal-to-average-of-subtree/description/,"HTTP 404: {""detail"":""Not Found""}"
2266,Count Number of Texts,https://leetcode.com/problems/count-number-of-texts/description/,"HTTP 404: {""detail"":""Not Found""}"
2267, Check if There Is a Valid Parentheses String Path,https://leetcode.com/problems/check-if-there-is-a-valid-parentheses-string-path/description/,"HTTP 404: {""detail"":""Not Found""}"
2268,Minimum Number of Keypresses,https://leetcode.com/problems/minimum-number-of-keypresses/description/,"HTTP 404: {""detail"":""Not Found""}"
2269,Find the K-Beauty of a Number,https://leetcode.com/problems/find-the-k-beauty-of-a-number/description/,"HTTP 404: {""detail"":""Not Found""}"
2270,Number of Ways to Split Array,https://leetcode.com/problems/number-of-ways-to-split-array/description/,"HTTP 404: {""detail"":""Not Found""}"
2271,Maximum White Tiles Covered by a Carpet,https://leetcode.com/problems/maximum-white-tiles-covered-by-a-carpet/description/,"HTTP 404: {""detail"":""Not Found""}"
2272,Substring With Largest Variance,https://leetcode.com/problems/substring-with-largest-variance/description/,"HTTP 404: {""detail"":""Not Found""}"
2273,Find Resultant Array After Removing Anagrams,https://leetcode.com/problems/find-resultant-array-after-removing-anagrams/description/,"HTTP 404: {""detail"":""Not Found""}"
2274,Maximum Consecutive Floors Without Special Floors,https://leetcode.com/problems/maximum-consecutive-floors-without-special-floors/description/,"HTTP 404: {""detail"":""Not Found""}"
2275,Largest Combination With Bitwise AND Greater Than Zero,https://leetcode.com/problems/largest-combination-with-bitwise-and-greater-than-zero/description/,"HTTP 404: {""detail"":""Not Found""}"
2276,Count Integers in Intervals,https://leetcode.com/problems/count-integers-in-intervals/description/,"HTTP 404: {""detail"":""Not Found""}"
2277,Closest Node to Path in Tree,https://leetcode.com/problems/closest-node-to-path-in-tree/description/,"HTTP 404: {""detail"":""Not Found""}"
2278,Percentage of Letter in String,https://leetcode.com/problems/percentage-of-letter-in-string/description/,"HTTP 404: {""detail"":""Not Found""}"
2279,Maximum Bags With Full Capacity of Rocks,https://leetcode.com/problems/maximum-bags-with-full-capacity-of-rocks/description/,"HTTP 404: {""detail"":""Not Found""}"
2280,Minimum Lines to Represent a Line Chart,https://leetcode.com/problems/minimum-lines-to-represent-a-line-chart/description/,"HTTP 404: {""detail"":""Not Found""}"
2281,Sum of Total Strength of Wizards,https://leetcode.com/problems/sum-of-total-strength-of-wizards/description/,"HTTP 404: {""detail"":""Not Found""}"
2282,Number of People That Can Be Seen in a Grid,https://leetcode.com/problems/number-of-people-that-can-be-seen-in-a-grid/description/,"HTTP 404: {""detail"":""Not Found""}"
2283,Check if Number Has Equal Digit Count and Digit Value,https://leetcode.com/problems/check-if-number-has-equal-digit-count-and-digit-value/description/,"HTTP 404: {""detail"":""Not Found""}"
2284,Sender With Largest Word Count,https://leetcode.com/problems/sender-with-largest-word-count/description/,"HTTP 404: {""detail"":""Not Found""}"
2285,Maximum Total Importance of Roads,https://leetcode.com/problems/maximum-total-importance-of-roads/description/,"HTTP 404: {""detail"":""Not Found""}"
2286,Booking Concert Tickets in Groups,https://leetcode.com/problems/booking-concert-tickets-in-groups/description/,"HTTP 404: {""detail"":""Not Found""}"
2287,Rearrange Characters to Make Target String,https://leetcode.com/problems/rearrange-characters-to-make-target-string/description/,"HTTP 404: {""detail"":""Not Found""}"
2288,Apply Discount to Prices,https://leetcode.com/problems/apply-discount-to-prices/description/,"HTTP 404: {""detail"":""Not Found""}"
2289,Steps to Make Array Non-decreasing,https://leetcode.com/problems/steps-to-make-array-non-decreasing/description/,"HTTP 404: {""detail"":""Not Found""}"
2290,Minimum Obstacle Removal to Reach Corner,https://leetcode.com/problems/minimum-obstacle-removal-to-reach-corner/description/,"HTTP 404: {""detail"":""Not Found""}"
2291,Maximum Profit From Trading Stocks,https://leetcode.com/problems/maximum-profit-from-trading-stocks/description/,"HTTP 404: {""detail"":""Not Found""}"
2292,Products With Three or More Orders in Two Consecutive Years,https://leetcode.com/problems/products-with-three-or-more-orders-in-two-consecutive-years/description/,"HTTP 404: {""detail"":""Not Found""}"
2293,Min Max Game,https://leetcode.com/problems/min-max-game/description/,"HTTP 404: {""detail"":""Not Found""}"
2294,Partition Array Such That Maximum Difference Is K,https://leetcode.com/problems/partition-array-such-that-maximum-difference-is-k/description/,"HTTP 404: {""detail"":""Not Found""}"
2295,Replace Elements in an Array,https://leetcode.com/problems/replace-elements-in-an-array/description/,"HTTP 404: {""detail"":""Not Found""}"
2296,Design a Text Editor,https://leetcode.com/problems/design-a-text-editor/description/,"HTTP 404: {""detail"":""Not Found""}"
2297,Jump Game VIII,https://leetcode.com/problems/jump-game-viii/description/,"HTTP 404: {""detail"":""Not Found""}"
2298,Tasks Count in the Weekend,https://leetcode.com/problems/tasks-count-in-the-weekend/description/,"HTTP 404: {""detail"":""Not Found""}"
2299,Strong Password Checker II,https://leetcode.com/problems/strong-password-checker-ii/description/,"HTTP 404: {""detail"":""Not Found""}"
2300,Successful Pairs of Spells and Potions,https://leetcode.com/problems/successful-pairs-of-spells-and-potions/description/,"HTTP 404: {""detail"":""Not Found""}"
2301,Match Substring After Replacement,https://leetcode.com/problems/match-substring-after-replacement/description/,"HTTP 404: {""detail"":""Not Found""}"
2302,Count Subarrays With Score Less Than K,https://leetcode.com/problems/count-subarrays-with-score-less-than-k/description/,"HTTP 404: {""detail"":""Not Found""}"
2303,Calculate Amount Paid in Taxes,https://leetcode.com/problems/calculate-amount-paid-in-taxes/description/,"HTTP 404: {""detail"":""Not Found""}"
2304,Minimum Path Cost in a Grid,https://leetcode.com/problems/minimum-path-cost-in-a-grid/description/,"HTTP 404: {""detail"":""Not Found""}"
2305,Fair Distribution of Cookies,https://leetcode.com/problems/fair-distribution-of-cookies/description/,"HTTP 404: {""detail"":""Not Found""}"
2306,Naming a Company,https://leetcode.com/problems/naming-a-company/description/,"HTTP 404: {""detail"":""Not Found""}"
2307,Check for Contradictions in Equations,https://leetcode.com/problems/check-for-contradictions-in-equations/description/,"HTTP 404: {""detail"":""Not Found""}"
2308,Arrange Table by Gender,https://leetcode.com/problems/arrange-table-by-gender/description/,"HTTP 404: {""detail"":""Not Found""}"
2309,Greatest English Letter in Upper and Lower Case,https://leetcode.com/problems/greatest-english-letter-in-upper-and-lower-case/description/,"HTTP 404: {""detail"":""Not Found""}"
2310,Sum of Numbers With Units Digit K,https://leetcode.com/problems/sum-of-numbers-with-units-digit-k/description/,"HTTP 404: {""detail"":""Not Found""}"
2311,Longest Binary Subsequence Less Than or Equal to K,https://leetcode.com/problems/longest-binary-subsequence-less-than-or-equal-to-k/description/,"HTTP 404: {""detail"":""Not Found""}"
2312,Selling Pieces of Wood,https://leetcode.com/problems/selling-pieces-of-wood/description/,"HTTP 404: {""detail"":""Not Found""}"
2313,Minimum Flips in Binary Tree to Get Result,https://leetcode.com/problems/minimum-flips-in-binary-tree-to-get-result/description/,"HTTP 404: {""detail"":""Not Found""}"
2314,The First Day of the Maximum Recorded Degree in Each City,https://leetcode.com/problems/the-first-day-of-the-maximum-recorded-degree-in-each-city/description/,"HTTP 404: {""detail"":""Not Found""}"
2315,Count Asterisks,https://leetcode.com/problems/count-asterisks/description/,"HTTP 404: {""detail"":""Not Found""}"
2316,Count Unreachable Pairs of Nodes in an Undirected Graph,https://leetcode.com/problems/count-unreachable-pairs-of-nodes-in-an-undirected-graph/description/,"HTTP 404: {""detail"":""Not Found""}"
2317,Maximum XOR After Operations ,https://leetcode.com/problems/maximum-xor-after-operations/description/,"HTTP 404: {""detail"":""Not Found""}"
2318,Number of Distinct Roll Sequences,https://leetcode.com/problems/number-of-distinct-roll-sequences/description/,"HTTP 404: {""detail"":""Not Found""}"
2319,Check if Matrix Is X-Matrix,https://leetcode.com/problems/check-if-matrix-is-x-matrix/description/,"HTTP 404: {""detail"":""Not Found""}"
2320,Count Number of Ways to Place Houses,https://leetcode.com/problems/count-number-of-ways-to-place-houses/description/,"HTTP 404: {""detail"":""Not Found""}"
2321,Maximum Score Of Spliced Array,https://leetcode.com/problems/maximum-score-of-spliced-array/description/,"HTTP 404: {""detail"":""Not Found""}"
2322,Minimum Score After Removals on a Tree,https://leetcode.com/problems/minimum-score-after-removals-on-a-tree/description/,"HTTP 404: {""detail"":""Not Found""}"
2323,Find Minimum Time to Finish All Jobs II,https://leetcode.com/problems/find-minimum-time-to-finish-all-jobs-ii/description/,"HTTP 404: {""detail"":""Not Found""}"
2324,Product Sales Analysis IV,https://leetcode.com/problems/product-sales-analysis-iv/description/,"HTTP 404: {""detail"":""Not Found""}"
2325,Decode the Message,https://leetcode.com/problems/decode-the-message/description/,"HTTP 404: {""detail"":""Not Found""}"
2326,Spiral Matrix IV,https://leetcode.com/problems/spiral-matrix-iv/description/,"HTTP 404: {""detail"":""Not Found""}"
2327,Number of People Aware of a Secret,https://leetcode.com/problems/number-of-people-aware-of-a-secret/description/,"HTTP 404: {""detail"":""Not Found""}"
2328,Number of Increasing Paths in a Grid,https://leetcode.com/problems/number-of-increasing-paths-in-a-grid/description/,"HTTP 404: {""detail"":""Not Found""}"
2329,Product Sales Analysis V,https://leetcode.com/problems/product-sales-analysis-v/description/,"HTTP 404: {""detail"":""Not Found""}"
2330,Valid Palindrome IV,https://leetcode.com/problems/valid-palindrome-iv/description/,"HTTP 404: {""detail"":""Not Found""}"
2331,Evaluate Boolean Binary Tree,https://leetcode.com/problems/evaluate-boolean-binary-tree/description/,"HTTP 404: {""detail"":""Not Found""}"
2332,The Latest Time to Catch a Bus,https://leetcode.com/problems/the-latest-time-to-catch-a-bus/description/,"HTTP 404: {""detail"":""Not Found""}"
2333,Minimum Sum of Squared Difference,https://leetcode.com/problems/minimum-sum-of-squared-difference/description/,"HTTP 404: {""detail"":""Not Found""}"
2334,Subarray With Elements Greater Than Varying Threshold,https://leetcode.com/problems/subarray-with-elements-greater-than-varying-threshold/description/,"HTTP 404: {""detail"":""Not Found""}"
2335,Minimum Amount of Time to Fill Cups,https://leetcode.com/problems/minimum-amount-of-time-to-fill-cups/description/,"HTTP 404: {""detail"":""Not Found""}"
2336,Smallest Number in Infinite Set,https://leetcode.com/problems/smallest-number-in-infinite-set/description/,"HTTP 404: {""detail"":""Not Found""}"
2337,Move Pieces to Obtain a String,https://leetcode.com/problems/move-pieces-to-obtain-a-string/description/,"HTTP 404: {""detail"":""Not Found""}"
2338,Count the Number of Ideal Arrays,https://leetcode.com/problems/count-the-number-of-ideal-arrays/description/,"HTTP 404: {""detail"":""Not Found""}"
2339,All the Matches of the League,https://leetcode.com/problems/all-the-matches-of-the-league/description/,"HTTP 404: {""detail"":""Not Found""}"
2340,Minimum Adjacent Swaps to Make a Valid Array,https://leetcode.com/problems/minimum-adjacent-swaps-to-make-a-valid-array/description/,"HTTP 404: {""detail"":""Not Found""}"
2341,Maximum Number of Pairs in Array,https://leetcode.com/problems/maximum-number-of-pairs-in-array/description/,"HTTP 404: {""detail"":""Not Found""}"
2342,Max Sum of a Pair With Equal Sum of Digits,https://leetcode.com/problems/max-sum-of-a-pair-with-equal-sum-of-digits/description/,"HTTP 404: {""detail"":""Not Found""}"
2343,Query Kth Smallest Trimmed Number,https://leetcode.com/problems/query-kth-smallest-trimmed-number/description/,"HTTP 404: {""detail"":""Not Found""}"
2344,Minimum Deletions to Make Array Divisible,https://leetcode.com/problems/minimum-deletions-to-make-array-divisible/description/,"HTTP 404: {""detail"":""Not Found""}"
2345,Finding the Number of Visible Mountains,https://leetcode.com/problems/finding-the-number-of-visible-mountains/description/,"HTTP 404: {""detail"":""Not Found""}"
2346,Compute the Rank as a Percentage,https://leetcode.com/problems/compute-the-rank-as-a-percentage/description/,"HTTP 404: {""detail"":""Not Found""}"
2347,Best Poker Hand,https://leetcode.com/problems/best-poker-hand/description/,"HTTP 404: {""detail"":""Not Found""}"
2348,Number of Zero-Filled Subarrays,https://leetcode.com/problems/number-of-zero-filled-subarrays/description/,"HTTP 404: {""detail"":""Not Found""}"
2349,Design a Number Container System,https://leetcode.com/problems/design-a-number-container-system/description/,"HTTP 404: {""detail"":""Not Found""}"
2350,Shortest Impossible Sequence of Rolls,https://leetcode.com/problems/shortest-impossible-sequence-of-rolls/description/,"HTTP 404: {""detail"":""Not Found""}"
2351,First Letter to Appear Twice,https://leetcode.com/problems/first-letter-to-appear-twice/description/,"HTTP 404: {""detail"":""Not Found""}"
2352,Equal Row and Column Pairs,https://leetcode.com/problems/equal-row-and-column-pairs/description/,"HTTP 404: {""detail"":""Not Found""}"
2353,Design a Food Rating System,https://leetcode.com/problems/design-a-food-rating-system/description/,"HTTP 404: {""detail"":""Not Found""}"
2354,Number of Excellent Pairs,https://leetcode.com/problems/number-of-excellent-pairs/description/,"HTTP 404: {""detail"":""Not Found""}"
2355,Maximum Number of Books You Can Take,https://leetcode.com/problems/maximum-number-of-books-you-can-take/description/,"HTTP 404: {""detail"":""Not Found""}"
2356,Number of Unique Subjects Taught by Each Teacher,https://leetcode.com/problems/number-of-unique-subjects-taught-by-each-teacher/description/,"HTTP 404: {""detail"":""Not Found""}"
2357,Make Array Zero by Subtracting Equal Amounts,https://leetcode.com/problems/make-array-zero-by-subtracting-equal-amounts/description/,"HTTP 404: {""detail"":""Not Found""}"
2358,Maximum Number of Groups Entering a Competition,https://leetcode.com/problems/maximum-number-of-groups-entering-a-competition/description/,"HTTP 404: {""detail"":""Not Found""}"
2359,Find Closest Node to Given Two Nodes,https://leetcode.com/problems/find-closest-node-to-given-two-nodes/description/,"HTTP 404: {""detail"":""Not Found""}"
2360,Longest Cycle in a Graph,https://leetcode.com/problems/longest-cycle-in-a-graph/description/,"HTTP 404: {""detail"":""Not Found""}"
2361,Minimum Costs Using the Train Line,https://leetcode.com/problems/minimum-costs-using-the-train-line/description/,"HTTP 404: {""detail"":""Not Found""}"
2362,Generate the Invoice,https://leetcode.com/problems/generate-the-invoice/description/,"HTTP 404: {""detail"":""Not Found""}"
2363,Merge Similar Items,https://leetcode.com/problems/merge-similar-items/description/,"HTTP 404: {""detail"":""Not Found""}"
2364,Count Number of Bad Pairs,https://leetcode.com/problems/count-number-of-bad-pairs/description/,"HTTP 404: {""detail"":""Not Found""}"
2365,Task Scheduler II,https://leetcode.com/problems/task-scheduler-ii/description/,"HTTP 404: {""detail"":""Not Found""}"
2366,Minimum Replacements to Sort the Array,https://leetcode.com/problems/minimum-replacements-to-sort-the-array/description/,"HTTP 404: {""detail"":""Not Found""}"
2367,Number of Arithmetic Triplets,https://leetcode.com/problems/number-of-arithmetic-triplets/description/,"HTTP 404: {""detail"":""Not Found""}"
2368,Reachable Nodes With Restrictions,https://leetcode.com/problems/reachable-nodes-with-restrictions/description/,"HTTP 404: {""detail"":""Not Found""}"
2369,Check if There is a Valid Partition For The Array,https://leetcode.com/problems/check-if-there-is-a-valid-partition-for-the-array/description/,"HTTP 404: {""detail"":""Not Found""}"
2370,Longest Ideal Subsequence,https://leetcode.com/problems/longest-ideal-subsequence/description/,"HTTP 404: {""detail"":""Not Found""}"
2371,Minimize Maximum Value in a Grid,https://leetcode.com/problems/minimize-maximum-value-in-a-grid/description/,"HTTP 404: {""detail"":""Not Found""}"
2372,Calculate the Influence of Each Salesperson,https://leetcode.com/problems/calculate-the-influence-of-each-salesperson/description/,"HTTP 404: {""detail"":""Not Found""}"
2373,Largest Local Values in a Matrix,https://leetcode.com/problems/largest-local-values-in-a-matrix/description/,"HTTP 404: {""detail"":""Not Found""}"
2374,Node With Highest Edge Score,https://leetcode.com/problems/node-with-highest-edge-score/description/,"HTTP 404: {""detail"":""Not Found""}"
2375,Construct Smallest Number From DI String,https://leetcode.com/problems/construct-smallest-number-from-di-string/description/,"HTTP 404: {""detail"":""Not Found""}"
2376,Count Special Integers,https://leetcode.com/problems/count-special-integers/description/,"HTTP 404: {""detail"":""Not Found""}"
2377,Sort the Olympic Table,https://leetcode.com/problems/sort-the-olympic-table/description/,"HTTP 404: {""detail"":""Not Found""}"
2378,Choose Edges to Maximize Score in a Tree,https://leetcode.com/problems/choose-edges-to-maximize-score-in-a-tree/description/,"HTTP 404: {""detail"":""Not Found""}"
2379,Minimum Recolors to Get K Consecutive Black Blocks,https://leetcode.com/problems/minimum-recolors-to-get-k-consecutive-black-blocks/description/,"HTTP 404: {""detail"":""Not Found""}"
2380,Time Needed to Rearrange a Binary String,https://leetcode.com/problems/time-needed-to-rearrange-a-binary-string/description/,"HTTP 404: {""detail"":""Not Found""}"
2381,Shifting Letters II,https://leetcode.com/problems/shifting-letters-ii/description/,"HTTP 404: {""detail"":""Not Found""}"
2382,Maximum Segment Sum After Removals,https://leetcode.com/problems/maximum-segment-sum-after-removals/description/,"HTTP 404: {""detail"":""Not Found""}"
2383,Minimum Hours of Training to Win a Competition,https://leetcode.com/problems/minimum-hours-of-training-to-win-a-competition/description/,"HTTP 404: {""detail"":""Not Found""}"
2384,Largest Palindromic Number,https://leetcode.com/problems/largest-palindromic-number/description/,"HTTP 404: {""detail"":""Not Found""}"
2385,Amount of Time for Binary Tree to Be Infected,https://leetcode.com/problems/amount-of-time-for-binary-tree-to-be-infected/description/,"HTTP 404: {""detail"":""Not Found""}"
2386,Find the K-Sum of an Array,https://leetcode.com/problems/find-the-k-sum-of-an-array/description/,"HTTP 404: {""detail"":""Not Found""}"
2387,Median of a Row Wise Sorted Matrix,https://leetcode.com/problems/median-of-a-row-wise-sorted-matrix/description/,"HTTP 404: {""detail"":""Not Found""}"
2388,Change Null Values in a Table to the Previous Value,https://leetcode.com/problems/change-null-values-in-a-table-to-the-previous-value/description/,"HTTP 404: {""detail"":""Not Found""}"
2389,Longest Subsequence With Limited Sum,https://leetcode.com/problems/longest-subsequence-with-limited-sum/description/,"HTTP 404: {""detail"":""Not Found""}"
2390,Removing Stars From a String,https://leetcode.com/problems/removing-stars-from-a-string/description/,"HTTP 404: {""detail"":""Not Found""}"
2391,Minimum Amount of Time to Collect Garbage,https://leetcode.com/problems/minimum-amount-of-time-to-collect-garbage/description/,"HTTP 404: {""detail"":""Not Found""}"
2392,Build a Matrix With Conditions,https://leetcode.com/problems/build-a-matrix-with-conditions/description/,"HTTP 404: {""detail"":""Not Found""}"
2393,Count Strictly Increasing Subarrays,https://leetcode.com/problems/count-strictly-increasing-subarrays/description/,"HTTP 404: {""detail"":""Not Found""}"
2394,Employees With Deductions,https://leetcode.com/problems/employees-with-deductions/description/,"HTTP 404: {""detail"":""Not Found""}"
2395,Find Subarrays With Equal Sum,https://leetcode.com/problems/find-subarrays-with-equal-sum/description/,"HTTP 404: {""detail"":""Not Found""}"
2396,Strictly Palindromic Number,https://leetcode.com/problems/strictly-palindromic-number/description/,"HTTP 404: {""detail"":""Not Found""}"
2397,Maximum Rows Covered by Columns,https://leetcode.com/problems/maximum-rows-covered-by-columns/description/,"HTTP 404: {""detail"":""Not Found""}"
2398,Maximum Number of Robots Within Budget,https://leetcode.com/problems/maximum-number-of-robots-within-budget/description/,"HTTP 404: {""detail"":""Not Found""}"
2399,Check Distances Between Same Letters,https://leetcode.com/problems/check-distances-between-same-letters/description/,"HTTP 404: {""detail"":""Not Found""}"
2400,Number of Ways to Reach a Position After Exactly k Steps,https://leetcode.com/problems/number-of-ways-to-reach-a-position-after-exactly-k-steps/description/,"HTTP 404: {""detail"":""Not Found""}"
2401,Longest Nice Subarray,https://leetcode.com/problems/longest-nice-subarray/description/,"HTTP 404: {""detail"":""Not Found""}"
2402,Meeting Rooms III,https://leetcode.com/problems/meeting-rooms-iii/description/,"HTTP 404: {""detail"":""Not Found""}"
2403,Minimum Time to Kill All Monsters,https://leetcode.com/problems/minimum-time-to-kill-all-monsters/description/,"HTTP 404: {""detail"":""Not Found""}"
2404,Most Frequent Even Element,https://leetcode.com/problems/most-frequent-even-element/description/,"HTTP 404: {""detail"":""Not Found""}"
2405,Optimal Partition of String,https://leetcode.com/problems/optimal-partition-of-string/description/,"HTTP 404: {""detail"":""Not Found""}"
2406,Divide Intervals Into Minimum Number of Groups,https://leetcode.com/problems/divide-intervals-into-minimum-number-of-groups/description/,"HTTP 404: {""detail"":""Not Found""}"
2407,Longest Increasing Subsequence II,https://leetcode.com/problems/longest-increasing-subsequence-ii/description/,"HTTP 404: {""detail"":""Not Found""}"
2408,Design SQL,https://leetcode.com/problems/design-sql/description/,"HTTP 404: {""detail"":""Not Found""}"
2409,Count Days Spent Together,https://leetcode.com/problems/count-days-spent-together/description/,"HTTP 404: {""detail"":""Not Found""}"
2410,Maximum Matching of Players With Trainers,https://leetcode.com/problems/maximum-matching-of-players-with-trainers/description/,"HTTP 404: {""detail"":""Not Found""}"
2411,Smallest Subarrays With Maximum Bitwise OR,https://leetcode.com/problems/smallest-subarrays-with-maximum-bitwise-or/description/,"HTTP 404: {""detail"":""Not Found""}"
2412,Minimum Money Required Before Transactions,https://leetcode.com/problems/minimum-money-required-before-transactions/description/,"HTTP 404: {""detail"":""Not Found""}"
2413,Smallest Even Multiple,https://leetcode.com/problems/smallest-even-multiple/description/,"HTTP 404: {""detail"":""Not Found""}"
2414,Length of the Longest Alphabetical Continuous Substring,https://leetcode.com/problems/length-of-the-longest-alphabetical-continuous-substring/description/,"HTTP 404: {""detail"":""Not Found""}"
2415,Reverse Odd Levels of Binary Tree,https://leetcode.com/problems/reverse-odd-levels-of-binary-tree/description/,"HTTP 404: {""detail"":""Not Found""}"
2416,Sum of Prefix Scores of Strings,https://leetcode.com/problems/sum-of-prefix-scores-of-strings/description/,"HTTP 404: {""detail"":""Not Found""}"
2417,Closest Fair Integer,https://leetcode.com/problems/closest-fair-integer/description/,"HTTP 404: {""detail"":""Not Found""}"
2418,Sort the People,https://leetcode.com/problems/sort-the-people/description/,"HTTP 404: {""detail"":""Not Found""}"
2419,Longest Subarray With Maximum Bitwise AND,https://leetcode.com/problems/longest-subarray-with-maximum-bitwise-and/description/,"HTTP 404: {""detail"":""Not Found""}"
2420,Find All Good Indices,https://leetcode.com/problems/find-all-good-indices/description/,"HTTP 404: {""detail"":""Not Found""}"
2421,Number of Good Paths,https://leetcode.com/problems/number-of-good-paths/description/,"HTTP 404: {""detail"":""Not Found""}"
2422,Merge Operations to Turn Array Into a Palindrome,https://leetcode.com/problems/merge-operations-to-turn-array-into-a-palindrome/description/,"HTTP 404: {""detail"":""Not Found""}"
2423,Remove Letter To Equalize Frequency,https://leetcode.com/problems/remove-letter-to-equalize-frequency/description/,"HTTP 404: {""detail"":""Not Found""}"
2424,Longest Uploaded Prefix,https://leetcode.com/problems/longest-uploaded-prefix/description/,"HTTP 404: {""detail"":""Not Found""}"
2425,Bitwise XOR of All Pairings,https://leetcode.com/problems/bitwise-xor-of-all-pairings/description/,"HTTP 404: {""detail"":""Not Found""}"
2426,Number of Pairs Satisfying Inequality,https://leetcode.com/problems/number-of-pairs-satisfying-inequality/description/,"HTTP 404: {""detail"":""Not Found""}"
2427,Number of Common Factors,https://leetcode.com/problems/number-of-common-factors/description/,"HTTP 404: {""detail"":""Not Found""}"
2428,Maximum Sum of an Hourglass,https://leetcode.com/problems/maximum-sum-of-an-hourglass/description/,"HTTP 404: {""detail"":""Not Found""}"
2429,Minimize XOR,https://leetcode.com/problems/minimize-xor/description/,"HTTP 404: {""detail"":""Not Found""}"
2430,Maximum Deletions on a String,https://leetcode.com/problems/maximum-deletions-on-a-string/description/,"HTTP 404: {""detail"":""Not Found""}"
2431,Maximize Total Tastiness of Purchased Fruits,https://leetcode.com/problems/maximize-total-tastiness-of-purchased-fruits/description/,"HTTP 404: {""detail"":""Not Found""}"
2432,The Employee That Worked on the Longest Task,https://leetcode.com/problems/the-employee-that-worked-on-the-longest-task/description/,"HTTP 404: {""detail"":""Not Found""}"
2433,Find The Original Array of Prefix Xor,https://leetcode.com/problems/find-the-original-array-of-prefix-xor/description/,"HTTP 404: {""detail"":""Not Found""}"
2434,Using a Robot to Print the Lexicographically Smallest String,https://leetcode.com/problems/using-a-robot-to-print-the-lexicographically-smallest-string/description/,"HTTP 404: {""detail"":""Not Found""}"
2435,Paths in Matrix Whose Sum Is Divisible by K,https://leetcode.com/problems/paths-in-matrix-whose-sum-is-divisible-by-k/description/,"HTTP 404: {""detail"":""Not Found""}"
2436,Minimum Split Into Subarrays With GCD Greater Than One,https://leetcode.com/problems/minimum-split-into-subarrays-with-gcd-greater-than-one/description/,"HTTP 404: {""detail"":""Not Found""}"
2437,Number of Valid Clock Times,https://leetcode.com/problems/number-of-valid-clock-times/description/,"HTTP 404: {""detail"":""Not Found""}"
2438,Range Product Queries of Powers,https://leetcode.com/problems/range-product-queries-of-powers/description/,"HTTP 404: {""detail"":""Not Found""}"
2439,Minimize Maximum of Array,https://leetcode.com/problems/minimize-maximum-of-array/description/,"HTTP 404: {""detail"":""Not Found""}"
2440,Create Components With Same Value,https://leetcode.com/problems/create-components-with-same-value/description/,"HTTP 404: {""detail"":""Not Found""}"
2441,Largest Positive Integer That Exists With Its Negative,https://leetcode.com/problems/largest-positive-integer-that-exists-with-its-negative/description/,"HTTP 404: {""detail"":""Not Found""}"
2442,Count Number of Distinct Integers After Reverse Operations,https://leetcode.com/problems/count-number-of-distinct-integers-after-reverse-operations/description/,"HTTP 404: {""detail"":""Not Found""}"
2443,Sum of Number and Its Reverse,https://leetcode.com/problems/sum-of-number-and-its-reverse/description/,"HTTP 404: {""detail"":""Not Found""}"
2444,Count Subarrays With Fixed Bounds,https://leetcode.com/problems/count-subarrays-with-fixed-bounds/description/,"HTTP 404: {""detail"":""Not Found""}"
2445,Number of Nodes With Value One,https://leetcode.com/problems/number-of-nodes-with-value-one/description/,"HTTP 404: {""detail"":""Not Found""}"
2446,Determine if Two Events Have Conflict,https://leetcode.com/problems/determine-if-two-events-have-conflict/description/,"HTTP 404: {""detail"":""Not Found""}"
2447,Number of Subarrays With GCD Equal to K,https://leetcode.com/problems/number-of-subarrays-with-gcd-equal-to-k/description/,"HTTP 404: {""detail"":""Not Found""}"
2448,Minimum Cost to Make Array Equal,https://leetcode.com/problems/minimum-cost-to-make-array-equal/description/,"HTTP 404: {""detail"":""Not Found""}"
2449,Minimum Number of Operations to Make Arrays Similar,https://leetcode.com/problems/minimum-number-of-operations-to-make-arrays-similar/description/,"HTTP 404: {""detail"":""Not Found""}"
2450,Number of Distinct Binary Strings After Applying Operations,https://leetcode.com/problems/number-of-distinct-binary-strings-after-applying-operations/description/,"HTTP 404: {""detail"":""Not Found""}"
2451,Odd String Difference,https://leetcode.com/problems/odd-string-difference/description/,"HTTP 404: {""detail"":""Not Found""}"
2452,Words Within Two Edits of Dictionary,https://leetcode.com/problems/words-within-two-edits-of-dictionary/description/,"HTTP 404: {""detail"":""Not Found""}"
2453,Destroy Sequential Targets,https://leetcode.com/problems/destroy-sequential-targets/description/,"HTTP 404: {""detail"":""Not Found""}"
2454,Next Greater Element IV,https://leetcode.com/problems/next-greater-element-iv/description/,"HTTP 404: {""detail"":""Not Found""}"
2455,Average Value of Even Numbers That Are Divisible by Three,https://leetcode.com/problems/average-value-of-even-numbers-that-are-divisible-by-three/description/,"HTTP 404: {""detail"":""Not Found""}"
2456,Most Popular Video Creator,https://leetcode.com/problems/most-popular-video-creator/description/,"HTTP 404: {""detail"":""Not Found""}"
2457,Minimum Addition to Make Integer Beautiful,https://leetcode.com/problems/minimum-addition-to-make-integer-beautiful/description/,"HTTP 404: {""detail"":""Not Found""}"
2458,Height of Binary Tree After Subtree Removal Queries,https://leetcode.com/problems/height-of-binary-tree-after-subtree-removal-queries/description/,"HTTP 404: {""detail"":""Not Found""}"
2459,Sort Array by Moving Items to Empty Space,https://leetcode.com/problems/sort-array-by-moving-items-to-empty-space/description/,"HTTP 404: {""detail"":""Not Found""}"
2460,Apply Operations to an Array,https://leetcode.com/problems/apply-operations-to-an-array/description/,"HTTP 404: {""detail"":""Not Found""}"
2461,Maximum Sum of Distinct Subarrays With Length K,https://leetcode.com/problems/maximum-sum-of-distinct-subarrays-with-length-k/description/,"HTTP 404: {""detail"":""Not Found""}"
2462,Total Cost to Hire K Workers,https://leetcode.com/problems/total-cost-to-hire-k-workers/description/,"HTTP 404: {""detail"":""Not Found""}"
2463,Minimum Total Distance Traveled,https://leetcode.com/problems/minimum-total-distance-traveled/description/,"HTTP 404: {""detail"":""Not Found""}"
2464,Minimum Subarrays in a Valid Split,https://leetcode.com/problems/minimum-subarrays-in-a-valid-split/description/,"HTTP 404: {""detail"":""Not Found""}"
2465,Number of Distinct Averages,https://leetcode.com/problems/number-of-distinct-averages/description/,"HTTP 404: {""detail"":""Not Found""}"
2466,Count Ways To Build Good Strings,https://leetcode.com/problems/count-ways-to-build-good-strings/description/,"HTTP 404: {""detail"":""Not Found""}"
2467,Most Profitable Path in a Tree,https://leetcode.com/problems/most-profitable-path-in-a-tree/description/,"HTTP 404: {""detail"":""Not Found""}"
2468,Split Message Based on Limit,https://leetcode.com/problems/split-message-based-on-limit/description/,"HTTP 404: {""detail"":""Not Found""}"
2469,Convert the Temperature,https://leetcode.com/problems/convert-the-temperature/description/,"HTTP 404: {""detail"":""Not Found""}"
2470,Number of Subarrays With LCM Equal to K,https://leetcode.com/problems/number-of-subarrays-with-lcm-equal-to-k/description/,"HTTP 404: {""detail"":""Not Found""}"
2471,Minimum Number of Operations to Sort a Binary Tree by Level,https://leetcode.com/problems/minimum-number-of-operations-to-sort-a-binary-tree-by-level/description/,"HTTP 404: {""detail"":""Not Found""}"
2472,Maximum Number of Non-overlapping Palindrome Substrings,https://leetcode.com/problems/maximum-number-of-non-overlapping-palindrome-substrings/description/,"HTTP 404: {""detail"":""Not Found""}"
2473,Minimum Cost to Buy Apples,https://leetcode.com/problems/minimum-cost-to-buy-apples/description/,"HTTP 404: {""detail"":""Not Found""}"
2474,Customers With Strictly Increasing Purchases,https://leetcode.com/problems/customers-with-strictly-increasing-purchases/description/,"HTTP 404: {""detail"":""Not Found""}"
2475,Number of Unequal Triplets in Array,https://leetcode.com/problems/number-of-unequal-triplets-in-array/description/,"HTTP 404: {""detail"":""Not Found""}"
2476,Closest Nodes Queries in a Binary Search Tree,https://leetcode.com/problems/closest-nodes-queries-in-a-binary-search-tree/description/,"HTTP 404: {""detail"":""Not Found""}"
2477,Minimum Fuel Cost to Report to the Capital,https://leetcode.com/problems/minimum-fuel-cost-to-report-to-the-capital/description/,"HTTP 404: {""detail"":""Not Found""}"
2478,Number of Beautiful Partitions,https://leetcode.com/problems/number-of-beautiful-partitions/description/,"HTTP 404: {""detail"":""Not Found""}"
2479,Maximum XOR of Two Non-Overlapping Subtrees,https://leetcode.com/problems/maximum-xor-of-two-non-overlapping-subtrees/description/,"HTTP 404: {""detail"":""Not Found""}"
2480,Form a Chemical Bond,https://leetcode.com/problems/form-a-chemical-bond/description/,"HTTP 404: {""detail"":""Not Found""}"
2481,Minimum Cuts to Divide a Circle,https://leetcode.com/problems/minimum-cuts-to-divide-a-circle/description/,"HTTP 404: {""detail"":""Not Found""}"
2482,Difference Between Ones and Zeros in Row and Column,https://leetcode.com/problems/difference-between-ones-and-zeros-in-row-and-column/description/,"HTTP 404: {""detail"":""Not Found""}"
2483,Minimum Penalty for a Shop,https://leetcode.com/problems/minimum-penalty-for-a-shop/description/,"HTTP 404: {""detail"":""Not Found""}"
2484,Count Palindromic Subsequences,https://leetcode.com/problems/count-palindromic-subsequences/description/,"HTTP 404: {""detail"":""Not Found""}"
2485,Find the Pivot Integer,https://leetcode.com/problems/find-the-pivot-integer/description/,"HTTP 404: {""detail"":""Not Found""}"
2486,Append Characters to String to Make Subsequence,https://leetcode.com/problems/append-characters-to-string-to-make-subsequence/description/,"HTTP 404: {""detail"":""Not Found""}"
2487,Remove Nodes From Linked List,https://leetcode.com/problems/remove-nodes-from-linked-list/description/,"HTTP 404: {""detail"":""Not Found""}"
2488,Count Subarrays With Median K,https://leetcode.com/problems/count-subarrays-with-median-k/description/,"HTTP 404: {""detail"":""Not Found""}"
2489,Number of Substrings With Fixed Ratio,https://leetcode.com/problems/number-of-substrings-with-fixed-ratio/description/,"HTTP 404: {""detail"":""Not Found""}"
2490,Circular Sentence,https://leetcode.com/problems/circular-sentence/description/,"HTTP 404: {""detail"":""Not Found""}"
2491,Divide Players Into Teams of Equal Skill,https://leetcode.com/problems/divide-players-into-teams-of-equal-skill/description/,"HTTP 404: {""detail"":""Not Found""}"
2492,Minimum Score of a Path Between Two Cities,https://leetcode.com/problems/minimum-score-of-a-path-between-two-cities/description/,"HTTP 404: {""detail"":""Not Found""}"
2493,Divide Nodes Into the Maximum Number of Groups,https://leetcode.com/problems/divide-nodes-into-the-maximum-number-of-groups/description/,"HTTP 404: {""detail"":""Not Found""}"
2494,Merge Overlapping Events in the Same Hall,https://leetcode.com/problems/merge-overlapping-events-in-the-same-hall/description/,"HTTP 404: {""detail"":""Not Found""}"
2495,Number of Subarrays Having Even Product,https://leetcode.com/problems/number-of-subarrays-having-even-product/description/,"HTTP 404: {""detail"":""Not Found""}"
2496,Maximum Value of a String in an Array,https://leetcode.com/problems/maximum-value-of-a-string-in-an-array/description/,"HTTP 404: {""detail"":""Not Found""}"
2497,Maximum Star Sum of a Graph,https://leetcode.com/problems/maximum-star-sum-of-a-graph/description/,"HTTP 404: {""detail"":""Not Found""}"
2498,Frog Jump II,https://leetcode.com/problems/frog-jump-ii/description/,"HTTP 404: {""detail"":""Not Found""}"
2499,Minimum Total Cost to Make Arrays Unequal,https://leetcode.com/problems/minimum-total-cost-to-make-arrays-unequal/description/,"HTTP 404: {""detail"":""Not Found""}"
2500,Delete Greatest Value in Each Row,https://leetcode.com/problems/delete-greatest-value-in-each-row/description/,"HTTP 404: {""detail"":""Not Found""}"
2501,Longest Square Streak in an Array,https://leetcode.com/problems/longest-square-streak-in-an-array/description/,"HTTP 404: {""detail"":""Not Found""}"
2502,Design Memory Allocator,https://leetcode.com/problems/design-memory-allocator/description/,"HTTP 404: {""detail"":""Not Found""}"
2503,Maximum Number of Points From Grid Queries,https://leetcode.com/problems/maximum-number-of-points-from-grid-queries/description/,"HTTP 404: {""detail"":""Not Found""}"
2504,Concatenate the Name and the Profession,https://leetcode.com/problems/concatenate-the-name-and-the-profession/description/,"HTTP 404: {""detail"":""Not Found""}"
2505,Bitwise OR of All Subsequence Sums,https://leetcode.com/problems/bitwise-or-of-all-subsequence-sums/description/,"HTTP 404: {""detail"":""Not Found""}"
2506,Count Pairs Of Similar Strings,https://leetcode.com/problems/count-pairs-of-similar-strings/description/,"HTTP 404: {""detail"":""Not Found""}"
2507,Smallest Value After Replacing With Sum of Prime Factors,https://leetcode.com/problems/smallest-value-after-replacing-with-sum-of-prime-factors/description/,"HTTP 404: {""detail"":""Not Found""}"
2508,Add Edges to Make Degrees of All Nodes Even,https://leetcode.com/problems/add-edges-to-make-degrees-of-all-nodes-even/description/,"HTTP 404: {""detail"":""Not Found""}"
2509,Cycle Length Queries in a Tree,https://leetcode.com/problems/cycle-length-queries-in-a-tree/description/,"HTTP 404: {""detail"":""Not Found""}"
2510,Check if There is a Path With Equal Number of 0's And 1's,https://leetcode.com/problems/check-if-there-is-a-path-with-equal-number-of-0s-and-1s/description/,"HTTP 404: {""detail"":""Not Found""}"
2511,Maximum Enemy Forts That Can Be Captured,https://leetcode.com/problems/maximum-enemy-forts-that-can-be-captured/description/,"HTTP 404: {""detail"":""Not Found""}"
2512,Reward Top K Students,https://leetcode.com/problems/reward-top-k-students/description/,"HTTP 404: {""detail"":""Not Found""}"
2513,Minimize the Maximum of Two Arrays,https://leetcode.com/problems/minimize-the-maximum-of-two-arrays/description/,"HTTP 404: {""detail"":""Not Found""}"
2514,Count Anagrams,https://leetcode.com/problems/count-anagrams/description/,"HTTP 404: {""detail"":""Not Found""}"
2515,Shortest Distance to Target String in a Circular Array,https://leetcode.com/problems/shortest-distance-to-target-string-in-a-circular-array/description/,"HTTP 404: {""detail"":""Not Found""}"
2516,Take K of Each Character From Left and Right,https://leetcode.com/problems/take-k-of-each-character-from-left-and-right/description/,"HTTP 404: {""detail"":""Not Found""}"
2517,Maximum Tastiness of Candy Basket,https://leetcode.com/problems/maximum-tastiness-of-candy-basket/description/,"HTTP 404: {""detail"":""Not Found""}"
2518,Number of Great Partitions,https://leetcode.com/problems/number-of-great-partitions/description/,"HTTP 404: {""detail"":""Not Found""}"
2519,Count the Number of K-Big Indices,https://leetcode.com/problems/count-the-number-of-k-big-indices/description/,"HTTP 404: {""detail"":""Not Found""}"
2520,Count the Digits That Divide a Number,https://leetcode.com/problems/count-the-digits-that-divide-a-number/description/,"HTTP 404: {""detail"":""Not Found""}"
2521,Distinct Prime Factors of Product of Array,https://leetcode.com/problems/distinct-prime-factors-of-product-of-array/description/,"HTTP 404: {""detail"":""Not Found""}"
2522,Partition String Into Substrings With Values at Most K,https://leetcode.com/problems/partition-string-into-substrings-with-values-at-most-k/description/,"HTTP 404: {""detail"":""Not Found""}"
2523,Closest Prime Numbers in Range,https://leetcode.com/problems/closest-prime-numbers-in-range/description/,"HTTP 404: {""detail"":""Not Found""}"
2524,Maximum Frequency Score of a Subarray,https://leetcode.com/problems/maximum-frequency-score-of-a-subarray/description/,"HTTP 404: {""detail"":""Not Found""}"
2525,Categorize Box According to Criteria,https://leetcode.com/problems/categorize-box-according-to-criteria/description/,"HTTP 404: {""detail"":""Not Found""}"
2526,Find Consecutive Integers from a Data Stream,https://leetcode.com/problems/find-consecutive-integers-from-a-data-stream/description/,"HTTP 404: {""detail"":""Not Found""}"
2527,Find Xor-Beauty of Array,https://leetcode.com/problems/find-xor-beauty-of-array/description/,"HTTP 404: {""detail"":""Not Found""}"
2528,Maximize the Minimum Powered City,https://leetcode.com/problems/maximize-the-minimum-powered-city/description/,"HTTP 404: {""detail"":""Not Found""}"
2529,Maximum Count of Positive Integer and Negative Integer,https://leetcode.com/problems/maximum-count-of-positive-integer-and-negative-integer/description/,"HTTP 404: {""detail"":""Not Found""}"
2530,Maximal Score After Applying K Operations,https://leetcode.com/problems/maximal-score-after-applying-k-operations/description/,"HTTP 404: {""detail"":""Not Found""}"
2531,Make Number of Distinct Characters Equal,https://leetcode.com/problems/make-number-of-distinct-characters-equal/description/,"HTTP 404: {""detail"":""Not Found""}"
2532,Time to Cross a Bridge,https://leetcode.com/problems/time-to-cross-a-bridge/description/,"HTTP 404: {""detail"":""Not Found""}"
2533,Number of Good Binary Strings,https://leetcode.com/problems/number-of-good-binary-strings/description/,"HTTP 404: {""detail"":""Not Found""}"
2534,Time Taken to Cross the Door,https://leetcode.com/problems/time-taken-to-cross-the-door/description/,"HTTP 404: {""detail"":""Not Found""}"
2535,Difference Between Element Sum and Digit Sum of an Array,https://leetcode.com/problems/difference-between-element-sum-and-digit-sum-of-an-array/description/,"HTTP 404: {""detail"":""Not Found""}"
2536,Increment Submatrices by One,https://leetcode.com/problems/increment-submatrices-by-one/description/,"HTTP 404: {""detail"":""Not Found""}"
2537,Count the Number of Good Subarrays,https://leetcode.com/problems/count-the-number-of-good-subarrays/description/,"HTTP 404: {""detail"":""Not Found""}"
2538,Difference Between Maximum and Minimum Price Sum,https://leetcode.com/problems/difference-between-maximum-and-minimum-price-sum/description/,"HTTP 404: {""detail"":""Not Found""}"
2539,Count the Number of Good Subsequences,https://leetcode.com/problems/count-the-number-of-good-subsequences/description/,"HTTP 404: {""detail"":""Not Found""}"
2540,Minimum Common Value,https://leetcode.com/problems/minimum-common-value/description/,"HTTP 404: {""detail"":""Not Found""}"
2541,Minimum Operations to Make Array Equal II,https://leetcode.com/problems/minimum-operations-to-make-array-equal-ii/description/,"HTTP 404: {""detail"":""Not Found""}"
2542,Maximum Subsequence Score,https://leetcode.com/problems/maximum-subsequence-score/description/,"HTTP 404: {""detail"":""Not Found""}"
2543,Check if Point Is Reachable,https://leetcode.com/problems/check-if-point-is-reachable/description/,"HTTP 404: {""detail"":""Not Found""}"
2544,Alternating Digit Sum,https://leetcode.com/problems/alternating-digit-sum/description/,"HTTP 404: {""detail"":""Not Found""}"
2545,Sort the Students by Their Kth Score,https://leetcode.com/problems/sort-the-students-by-their-kth-score/description/,"HTTP 404: {""detail"":""Not Found""}"
2546,Apply Bitwise Operations to Make Strings Equal,https://leetcode.com/problems/apply-bitwise-operations-to-make-strings-equal/description/,"HTTP 404: {""detail"":""Not Found""}"
2547,Minimum Cost to Split an Array,https://leetcode.com/problems/minimum-cost-to-split-an-array/description/,"HTTP 404: {""detail"":""Not Found""}"
2548,Maximum Price to Fill a Bag,https://leetcode.com/problems/maximum-price-to-fill-a-bag/description/,"HTTP 404: {""detail"":""Not Found""}"
2549,Count Distinct Numbers on Board,https://leetcode.com/problems/count-distinct-numbers-on-board/description/,"HTTP 404: {""detail"":""Not Found""}"
2550,Count Collisions of Monkeys on a Polygon,https://leetcode.com/problems/count-collisions-of-monkeys-on-a-polygon/description/,"HTTP 404: {""detail"":""Not Found""}"
2551,Put Marbles in Bags,https://leetcode.com/problems/put-marbles-in-bags/description/,"HTTP 404: {""detail"":""Not Found""}"
2552,Count Increasing Quadruplets,https://leetcode.com/problems/count-increasing-quadruplets/description/,"HTTP 404: {""detail"":""Not Found""}"
2553,Separate the Digits in an Array,https://leetcode.com/problems/separate-the-digits-in-an-array/description/,"HTTP 404: {""detail"":""Not Found""}"
2554,Maximum Number of Integers to Choose From a Range I,https://leetcode.com/problems/maximum-number-of-integers-to-choose-from-a-range-i/description/,"HTTP 404: {""detail"":""Not Found""}"
2555,Maximize Win From Two Segments,https://leetcode.com/problems/maximize-win-from-two-segments/description/,"HTTP 404: {""detail"":""Not Found""}"
2556,Disconnect Path in a Binary Matrix by at Most One Flip,https://leetcode.com/problems/disconnect-path-in-a-binary-matrix-by-at-most-one-flip/description/,"HTTP 404: {""detail"":""Not Found""}"
2557,Maximum Number of Integers to Choose From a Range II,https://leetcode.com/problems/maximum-number-of-integers-to-choose-from-a-range-ii/description/,"HTTP 404: {""detail"":""Not Found""}"
2558,Take Gifts From the Richest Pile,https://leetcode.com/problems/take-gifts-from-the-richest-pile/description/,"HTTP 404: {""detail"":""Not Found""}"
2559,Count Vowel Strings in Ranges,https://leetcode.com/problems/count-vowel-strings-in-ranges/description/,"HTTP 404: {""detail"":""Not Found""}"
2560,House Robber IV,https://leetcode.com/problems/house-robber-iv/description/,"HTTP 404: {""detail"":""Not Found""}"
2561,Rearranging Fruits,https://leetcode.com/problems/rearranging-fruits/description/,"HTTP 404: {""detail"":""Not Found""}"
2562,Find the Array Concatenation Value,https://leetcode.com/problems/find-the-array-concatenation-value/description/,"HTTP 404: {""detail"":""Not Found""}"
2563,Count the Number of Fair Pairs,https://leetcode.com/problems/count-the-number-of-fair-pairs/description/,"HTTP 404: {""detail"":""Not Found""}"
2564,Substring XOR Queries,https://leetcode.com/problems/substring-xor-queries/description/,"HTTP 404: {""detail"":""Not Found""}"
2565,Subsequence With the Minimum Score,https://leetcode.com/problems/subsequence-with-the-minimum-score/description/,"HTTP 404: {""detail"":""Not Found""}"
2566,Maximum Difference by Remapping a Digit,https://leetcode.com/problems/maximum-difference-by-remapping-a-digit/description/,"HTTP 404: {""detail"":""Not Found""}"
2567,Minimum Score by Changing Two Elements,https://leetcode.com/problems/minimum-score-by-changing-two-elements/description/,"HTTP 404: {""detail"":""Not Found""}"
2568,Minimum Impossible OR,https://leetcode.com/problems/minimum-impossible-or/description/,"HTTP 404: {""detail"":""Not Found""}"
2569,Handling Sum Queries After Update,https://leetcode.com/problems/handling-sum-queries-after-update/description/,"HTTP 404: {""detail"":""Not Found""}"
2570,Merge Two 2D Arrays by Summing Values,https://leetcode.com/problems/merge-two-2d-arrays-by-summing-values/description/,"HTTP 404: {""detail"":""Not Found""}"
2571,Minimum Operations to Reduce an Integer to 0,https://leetcode.com/problems/minimum-operations-to-reduce-an-integer-to-0/description/,"HTTP 404: {""detail"":""Not Found""}"
2572,Count the Number of Square-Free Subsets,https://leetcode.com/problems/count-the-number-of-square-free-subsets/description/,"HTTP 404: {""detail"":""Not Found""}"
2573,Find the String with LCP,https://leetcode.com/problems/find-the-string-with-lcp/description/,"HTTP 404: {""detail"":""Not Found""}"
2574,Left and Right Sum Differences,https://leetcode.com/problems/left-and-right-sum-differences/description/,"HTTP 404: {""detail"":""Not Found""}"
2575,Find the Divisibility Array of a String,https://leetcode.com/problems/find-the-divisibility-array-of-a-string/description/,"HTTP 404: {""detail"":""Not Found""}"
2576,Find the Maximum Number of Marked Indices,https://leetcode.com/problems/find-the-maximum-number-of-marked-indices/description/,"HTTP 404: {""detail"":""Not Found""}"
2577,Minimum Time to Visit a Cell In a Grid,https://leetcode.com/problems/minimum-time-to-visit-a-cell-in-a-grid/description/,"HTTP 404: {""detail"":""Not Found""}"
2578,Split With Minimum Sum,https://leetcode.com/problems/split-with-minimum-sum/description/,"HTTP 404: {""detail"":""Not Found""}"
2579,Count Total Number of Colored Cells,https://leetcode.com/problems/count-total-number-of-colored-cells/description/,"HTTP 404: {""detail"":""Not Found""}"
2580,Count Ways to Group Overlapping Ranges,https://leetcode.com/problems/count-ways-to-group-overlapping-ranges/description/,"HTTP 404: {""detail"":""Not Found""}"
2581,Count Number of Possible Root Nodes,https://leetcode.com/problems/count-number-of-possible-root-nodes/description/,"HTTP 404: {""detail"":""Not Found""}"
2582,Pass the Pillow,https://leetcode.com/problems/pass-the-pillow/description/,"HTTP 404: {""detail"":""Not Found""}"
2583,Kth Largest Sum in a Binary Tree,https://leetcode.com/problems/kth-largest-sum-in-a-binary-tree/description/,"HTTP 404: {""detail"":""Not Found""}"
2584,Split the Array to Make Coprime Products,https://leetcode.com/problems/split-the-array-to-make-coprime-products/description/,"HTTP 404: {""detail"":""Not Found""}"
2585,Number of Ways to Earn Points,https://leetcode.com/problems/number-of-ways-to-earn-points/description/,"HTTP 404: {""detail"":""Not Found""}"
2586,Count the Number of Vowel Strings in Range,https://leetcode.com/problems/count-the-number-of-vowel-strings-in-range/description/,"HTTP 404: {""detail"":""Not Found""}"
2587,Rearrange Array to Maximize Prefix Score,https://leetcode.com/problems/rearrange-array-to-maximize-prefix-score/description/,"HTTP 404: {""detail"":""Not Found""}"
2588,Count the Number of Beautiful Subarrays,https://leetcode.com/problems/count-the-number-of-beautiful-subarrays/description/,"HTTP 404: {""detail"":""Not Found""}"
2589,Minimum Time to Complete All Tasks,https://leetcode.com/problems/minimum-time-to-complete-all-tasks/description/,"HTTP 404: {""detail"":""Not Found""}"
2590,Design a Todo List,https://leetcode.com/problems/design-a-todo-list/description/,"HTTP 404: {""detail"":""Not Found""}"
2591,Distribute Money to Maximum Children,https://leetcode.com/problems/distribute-money-to-maximum-children/description/,"HTTP 404: {""detail"":""Not Found""}"
2592,Maximize Greatness of an Array,https://leetcode.com/problems/maximize-greatness-of-an-array/description/,"HTTP 404: {""detail"":""Not Found""}"
2593,Find Score of an Array After Marking All Elements,https://leetcode.com/problems/find-score-of-an-array-after-marking-all-elements/description/,"HTTP 404: {""detail"":""Not Found""}"
2594,Minimum Time to Repair Cars,https://leetcode.com/problems/minimum-time-to-repair-cars/description/,"HTTP 404: {""detail"":""Not Found""}"
2595,Number of Even and Odd Bits,https://leetcode.com/problems/number-of-even-and-odd-bits/description/,"HTTP 404: {""detail"":""Not Found""}"
2596,Check Knight Tour Configuration,https://leetcode.com/problems/check-knight-tour-configuration/description/,"HTTP 404: {""detail"":""Not Found""}"
2597,The Number of Beautiful Subsets,https://leetcode.com/problems/the-number-of-beautiful-subsets/description/,"HTTP 404: {""detail"":""Not Found""}"
2598,Smallest Missing Non-negative Integer After Operations,https://leetcode.com/problems/smallest-missing-non-negative-integer-after-operations/description/,"HTTP 404: {""detail"":""Not Found""}"
2599,Make the Prefix Sum Non-negative,https://leetcode.com/problems/make-the-prefix-sum-non-negative/description/,"HTTP 404: {""detail"":""Not Found""}"
2600,K Items With the Maximum Sum,https://leetcode.com/problems/k-items-with-the-maximum-sum/description/,"HTTP 404: {""detail"":""Not Found""}"
2601,Prime Subtraction Operation,https://leetcode.com/problems/prime-subtraction-operation/description/,"HTTP 404: {""detail"":""Not Found""}"
2602,Minimum Operations to Make All Array Elements Equal,https://leetcode.com/problems/minimum-operations-to-make-all-array-elements-equal/description/,"HTTP 404: {""detail"":""Not Found""}"
2603,Collect Coins in a Tree,https://leetcode.com/problems/collect-coins-in-a-tree/description/,"HTTP 404: {""detail"":""Not Found""}"
2604,Minimum Time to Eat All Grains,https://leetcode.com/problems/minimum-time-to-eat-all-grains/description/,"HTTP 404: {""detail"":""Not Found""}"
2605,Form Smallest Number From Two Digit Arrays,https://leetcode.com/problems/form-smallest-number-from-two-digit-arrays/description/,"HTTP 404: {""detail"":""Not Found""}"
2606,Find the Substring With Maximum Cost,https://leetcode.com/problems/find-the-substring-with-maximum-cost/description/,"HTTP 404: {""detail"":""Not Found""}"
2607,Make K-Subarray Sums Equal,https://leetcode.com/problems/make-k-subarray-sums-equal/description/,"HTTP 404: {""detail"":""Not Found""}"
2608,Shortest Cycle in a Graph,https://leetcode.com/problems/shortest-cycle-in-a-graph/description/,"HTTP 404: {""detail"":""Not Found""}"
2609,Find the Longest Balanced Substring of a Binary String,https://leetcode.com/problems/find-the-longest-balanced-substring-of-a-binary-string/description/,"HTTP 404: {""detail"":""Not Found""}"
2610,Convert an Array Into a 2D Array With Conditions,https://leetcode.com/problems/convert-an-array-into-a-2d-array-with-conditions/description/,"HTTP 404: {""detail"":""Not Found""}"
2611,Mice and Cheese,https://leetcode.com/problems/mice-and-cheese/description/,"HTTP 404: {""detail"":""Not Found""}"
2612,Minimum Reverse Operations,https://leetcode.com/problems/minimum-reverse-operations/description/,"HTTP 404: {""detail"":""Not Found""}"
2613,Beautiful Pairs,https://leetcode.com/problems/beautiful-pairs/description/,"HTTP 404: {""detail"":""Not Found""}"
2614,Prime In Diagonal,https://leetcode.com/problems/prime-in-diagonal/description/,"HTTP 404: {""detail"":""Not Found""}"
2615,Sum of Distances,https://leetcode.com/problems/sum-of-distances/description/,"HTTP 404: {""detail"":""Not Found""}"
2616,Minimize the Maximum Difference of Pairs,https://leetcode.com/problems/minimize-the-maximum-difference-of-pairs/description/,"HTTP 404: {""detail"":""Not Found""}"
2617,Minimum Number of Visited Cells in a Grid,https://leetcode.com/problems/minimum-number-of-visited-cells-in-a-grid/description/,"HTTP 404: {""detail"":""Not Found""}"
2618,Check if Object Instance of Class,https://leetcode.com/problems/check-if-object-instance-of-class/description/,"HTTP 404: {""detail"":""Not Found""}"
2619,Array Prototype Last,https://leetcode.com/problems/array-prototype-last/description/,"HTTP 404: {""detail"":""Not Found""}"
2620,Counter,https://leetcode.com/problems/counter/description/,"HTTP 404: {""detail"":""Not Found""}"
2621,Sleep,https://leetcode.com/problems/sleep/description/,"HTTP 404: {""detail"":""Not Found""}"
2622,Cache With Time Limit,https://leetcode.com/problems/cache-with-time-limit/description/,"HTTP 404: {""detail"":""Not Found""}"
2623,Memoize,https://leetcode.com/problems/memoize/description/,"HTTP 404: {""detail"":""Not Found""}"
2624,Snail Traversal,https://leetcode.com/problems/snail-traversal/description/,"HTTP 404: {""detail"":""Not Found""}"
2625,Flatten Deeply Nested Array,https://leetcode.com/problems/flatten-deeply-nested-array/description/,"HTTP 404: {""detail"":""Not Found""}"
2626,Array Reduce Transformation,https://leetcode.com/problems/array-reduce-transformation/description/,"HTTP 404: {""detail"":""Not Found""}"
2627,Debounce,https://leetcode.com/problems/debounce/description/,"HTTP 404: {""detail"":""Not Found""}"
2628,JSON Deep Equal,https://leetcode.com/problems/json-deep-equal/description/,"HTTP 404: {""detail"":""Not Found""}"
2629,Function Composition,https://leetcode.com/problems/function-composition/description/,"HTTP 404: {""detail"":""Not Found""}"
2630,Memoize II,https://leetcode.com/problems/memoize-ii/description/,"HTTP 404: {""detail"":""Not Found""}"
2631,Group By,https://leetcode.com/problems/group-by/description/,"HTTP 404: {""detail"":""Not Found""}"
2632,Curry,https://leetcode.com/problems/curry/description/,"HTTP 404: {""detail"":""Not Found""}"
2633,Convert Object to JSON String,https://leetcode.com/problems/convert-object-to-json-string/description/,"HTTP 404: {""detail"":""Not Found""}"
2634,Filter Elements from Array,https://leetcode.com/problems/filter-elements-from-array/description/,"HTTP 404: {""detail"":""Not Found""}"
2635,Apply Transform Over Each Element in Array,https://leetcode.com/problems/apply-transform-over-each-element-in-array/description/,"HTTP 404: {""detail"":""Not Found""}"
2636,Promise Pool,https://leetcode.com/problems/promise-pool/description/,"HTTP 404: {""detail"":""Not Found""}"
2637,Promise Time Limit,https://leetcode.com/problems/promise-time-limit/description/,"HTTP 404: {""detail"":""Not Found""}"
2638,Count the Number of K-Free Subsets,https://leetcode.com/problems/count-the-number-of-k-free-subsets/description/,"HTTP 404: {""detail"":""Not Found""}"
2639,Find the Width of Columns of a Grid,https://leetcode.com/problems/find-the-width-of-columns-of-a-grid/description/,"HTTP 404: {""detail"":""Not Found""}"
2640,Find the Score of All Prefixes of an Array,https://leetcode.com/problems/find-the-score-of-all-prefixes-of-an-array/description/,"HTTP 404: {""detail"":""Not Found""}"
2641,Cousins in Binary Tree II,https://leetcode.com/problems/cousins-in-binary-tree-ii/description/,"HTTP 404: {""detail"":""Not Found""}"
2642,Design Graph With Shortest Path Calculator,https://leetcode.com/problems/design-graph-with-shortest-path-calculator/description/,"HTTP 404: {""detail"":""Not Found""}"
2643,Row With Maximum Ones,https://leetcode.com/problems/row-with-maximum-ones/description/,"HTTP 404: {""detail"":""Not Found""}"
2644,Find the Maximum Divisibility Score,https://leetcode.com/problems/find-the-maximum-divisibility-score/description/,"HTTP 404: {""detail"":""Not Found""}"
2645,Minimum Additions to Make Valid String,https://leetcode.com/problems/minimum-additions-to-make-valid-string/description/,"HTTP 404: {""detail"":""Not Found""}"
2646,Minimize the Total Price of the Trips,https://leetcode.com/problems/minimize-the-total-price-of-the-trips/description/,"HTTP 404: {""detail"":""Not Found""}"
2647,Color the Triangle Red,https://leetcode.com/problems/color-the-triangle-red/description/,"HTTP 404: {""detail"":""Not Found""}"
2648,Generate Fibonacci Sequence,https://leetcode.com/problems/generate-fibonacci-sequence/description/,"HTTP 404: {""detail"":""Not Found""}"
2649,Nested Array Generator,https://leetcode.com/problems/nested-array-generator/description/,"HTTP 404: {""detail"":""Not Found""}"
2650,Design Cancellable Function,https://leetcode.com/problems/design-cancellable-function/description/,"HTTP 404: {""detail"":""Not Found""}"
2651,Calculate Delayed Arrival Time,https://leetcode.com/problems/calculate-delayed-arrival-time/description/,"HTTP 404: {""detail"":""Not Found""}"
2652,Sum Multiples,https://leetcode.com/problems/sum-multiples/description/,"HTTP 404: {""detail"":""Not Found""}"
2653,Sliding Subarray Beauty,https://leetcode.com/problems/sliding-subarray-beauty/description/,"HTTP 404: {""detail"":""Not Found""}"
2654,Minimum Number of Operations to Make All Array Elements Equal to 1,https://leetcode.com/problems/minimum-number-of-operations-to-make-all-array-elements-equal-to-1/description/,"HTTP 404: {""detail"":""Not Found""}"
2655,Find Maximal Uncovered Ranges,https://leetcode.com/problems/find-maximal-uncovered-ranges/description/,"HTTP 404: {""detail"":""Not Found""}"
2656,Maximum Sum With Exactly K Elements ,https://leetcode.com/problems/maximum-sum-with-exactly-k-elements/description/,"HTTP 404: {""detail"":""Not Found""}"
2657,Find the Prefix Common Array of Two Arrays,https://leetcode.com/problems/find-the-prefix-common-array-of-two-arrays/description/,"HTTP 404: {""detail"":""Not Found""}"
2658,Maximum Number of Fish in a Grid,https://leetcode.com/problems/maximum-number-of-fish-in-a-grid/description/,"HTTP 404: {""detail"":""Not Found""}"
2659,Make Array Empty,https://leetcode.com/problems/make-array-empty/description/,"HTTP 404: {""detail"":""Not Found""}"
2660,Determine the Winner of a Bowling Game,https://leetcode.com/problems/determine-the-winner-of-a-bowling-game/description/,"HTTP 404: {""detail"":""Not Found""}"
2661,First Completely Painted Row or Column,https://leetcode.com/problems/first-completely-painted-row-or-column/description/,"HTTP 404: {""detail"":""Not Found""}"
2662,Minimum Cost of a Path With Special Roads,https://leetcode.com/problems/minimum-cost-of-a-path-with-special-roads/description/,"HTTP 404: {""detail"":""Not Found""}"
2663,Lexicographically Smallest Beautiful String,https://leetcode.com/problems/lexicographically-smallest-beautiful-string/description/,"HTTP 404: {""detail"":""Not Found""}"
2664,The Knight’s Tour,https://leetcode.com/problems/the-knights-tour/description/,"HTTP 404: {""detail"":""Not Found""}"
2665,Counter II,https://leetcode.com/problems/counter-ii/description/,"HTTP 404: {""detail"":""Not Found""}"
2666,Allow One Function Call,https://leetcode.com/problems/allow-one-function-call/description/,"HTTP 404: {""detail"":""Not Found""}"
2667,Create Hello World Function,https://leetcode.com/problems/create-hello-world-function/description/,"HTTP 404: {""detail"":""Not Found""}"
2668,Find Latest Salaries,https://leetcode.com/problems/find-latest-salaries/description/,"HTTP 404: {""detail"":""Not Found""}"
2669,Count Artist Occurrences On Spotify Ranking List,https://leetcode.com/problems/count-artist-occurrences-on-spotify-ranking-list/description/,"HTTP 404: {""detail"":""Not Found""}"
2670,Find the Distinct Difference Array,https://leetcode.com/problems/find-the-distinct-difference-array/description/,"HTTP 404: {""detail"":""Not Found""}"
2671,Frequency Tracker,https://leetcode.com/problems/frequency-tracker/description/,"HTTP 404: {""detail"":""Not Found""}"
2672,Number of Adjacent Elements With the Same Color,https://leetcode.com/problems/number-of-adjacent-elements-with-the-same-color/description/,"HTTP 404: {""detail"":""Not Found""}"
2673,Make Costs of Paths Equal in a Binary Tree,https://leetcode.com/problems/make-costs-of-paths-equal-in-a-binary-tree/description/,"HTTP 404: {""detail"":""Not Found""}"
2674,Split a Circular Linked List,https://leetcode.com/problems/split-a-circular-linked-list/description/,"HTTP 404: {""detail"":""Not Found""}"
2675,Array of Objects to Matrix,https://leetcode.com/problems/array-of-objects-to-matrix/description/,"HTTP 404: {""detail"":""Not Found""}"
2676,Throttle,https://leetcode.com/problems/throttle/description/,"HTTP 404: {""detail"":""Not Found""}"
2677,Chunk Array,https://leetcode.com/problems/chunk-array/description/,"HTTP 404: {""detail"":""Not Found""}"
2678,Number of Senior Citizens,https://leetcode.com/problems/number-of-senior-citizens/description/,"HTTP 404: {""detail"":""Not Found""}"
2679,Sum in a Matrix,https://leetcode.com/problems/sum-in-a-matrix/description/,"HTTP 404: {""detail"":""Not Found""}"
2680,Maximum OR,https://leetcode.com/problems/maximum-or/description/,"HTTP 404: {""detail"":""Not Found""}"
2681,Power of Heroes,https://leetcode.com/problems/power-of-heroes/description/,"HTTP 404: {""detail"":""Not Found""}"
2682,Find the Losers of the Circular Game,https://leetcode.com/problems/find-the-losers-of-the-circular-game/description/,"HTTP 404: {""detail"":""Not Found""}"
2683,Neighboring Bitwise XOR,https://leetcode.com/problems/neighboring-bitwise-xor/description/,"HTTP 404: {""detail"":""Not Found""}"
2684,Maximum Number of Moves in a Grid,https://leetcode.com/problems/maximum-number-of-moves-in-a-grid/description/,"HTTP 404: {""detail"":""Not Found""}"
2685,Count the Number of Complete Components,https://leetcode.com/problems/count-the-number-of-complete-components/description/,"HTTP 404: {""detail"":""Not Found""}"
2686,Immediate Food Delivery III,https://leetcode.com/problems/immediate-food-delivery-iii/description/,"HTTP 404: {""detail"":""Not Found""}"
2687,Bikes Last Time Used ,https://leetcode.com/problems/bikes-last-time-used/description/,"HTTP 404: {""detail"":""Not Found""}"
2688,Find Active Users,https://leetcode.com/problems/find-active-users/description/,"HTTP 404: {""detail"":""Not Found""}"
2689,Extract Kth Character From The Rope Tree,https://leetcode.com/problems/extract-kth-character-from-the-rope-tree/description/,"HTTP 404: {""detail"":""Not Found""}"
2690,Infinite Method Object,https://leetcode.com/problems/infinite-method-object/description/,"HTTP 404: {""detail"":""Not Found""}"
2691,Immutability Helper,https://leetcode.com/problems/immutability-helper/description/,"HTTP 404: {""detail"":""Not Found""}"
2692,Make Object Immutable,https://leetcode.com/problems/make-object-immutable/description/,"HTTP 404: {""detail"":""Not Found""}"
2693,Call Function with Custom Context,https://leetcode.com/problems/call-function-with-custom-context/description/,"HTTP 404: {""detail"":""Not Found""}"
2694,Event Emitter,https://leetcode.com/problems/event-emitter/description/,"HTTP 404: {""detail"":""Not Found""}"
2695,Array Wrapper,https://leetcode.com/problems/array-wrapper/description/,"HTTP 404: {""detail"":""Not Found""}"
2696,Minimum String Length After Removing Substrings,https://leetcode.com/problems/minimum-string-length-after-removing-substrings/description/,"HTTP 404: {""detail"":""Not Found""}"
2697,Lexicographically Smallest Palindrome,https://leetcode.com/problems/lexicographically-smallest-palindrome/description/,"HTTP 404: {""detail"":""Not Found""}"
2698,Find the Punishment Number of an Integer,https://leetcode.com/problems/find-the-punishment-number-of-an-integer/description/,"HTTP 404: {""detail"":""Not Found""}"
2699,Modify Graph Edge Weights,https://leetcode.com/problems/modify-graph-edge-weights/description/,"HTTP 404: {""detail"":""Not Found""}"
2700,Differences Between Two Objects,https://leetcode.com/problems/differences-between-two-objects/description/,"HTTP 404: {""detail"":""Not Found""}"
2701,Consecutive Transactions with Increasing Amounts,https://leetcode.com/problems/consecutive-transactions-with-increasing-amounts/description/,"HTTP 404: {""detail"":""Not Found""}"
2702,Minimum Operations to Make Numbers Non-positive,https://leetcode.com/problems/minimum-operations-to-make-numbers-non-positive/description/,"HTTP 404: {""detail"":""Not Found""}"
2703,Return Length of Arguments Passed,https://leetcode.com/problems/return-length-of-arguments-passed/description/,"HTTP 404: {""detail"":""Not Found""}"
2704,To Be Or Not To Be,https://leetcode.com/problems/to-be-or-not-to-be/description/,"HTTP 404: {""detail"":""Not Found""}"
2705,Compact Object,https://leetcode.com/problems/compact-object/description/,"HTTP 404: {""detail"":""Not Found""}"
2706,Buy Two Chocolates,https://leetcode.com/problems/buy-two-chocolates/description/,"HTTP 404: {""detail"":""Not Found""}"
2707,Extra Characters in a String,https://leetcode.com/problems/extra-characters-in-a-string/description/,"HTTP 404: {""detail"":""Not Found""}"
2708,Maximum Strength of a Group,https://leetcode.com/problems/maximum-strength-of-a-group/description/,"HTTP 404: {""detail"":""Not Found""}"
2709,Greatest Common Divisor Traversal,https://leetcode.com/problems/greatest-common-divisor-traversal/description/,"HTTP 404: {""detail"":""Not Found""}"
2710,Remove Trailing Zeros From a String,https://leetcode.com/problems/remove-trailing-zeros-from-a-string/description/,"HTTP 404: {""detail"":""Not Found""}"
2711,Difference of Number of Distinct Values on Diagonals,https://leetcode.com/problems/difference-of-number-of-distinct-values-on-diagonals/description/,"HTTP 404: {""detail"":""Not Found""}"
2712,Minimum Cost to Make All Characters Equal,https://leetcode.com/problems/minimum-cost-to-make-all-characters-equal/description/,"HTTP 404: {""detail"":""Not Found""}"
2713,Maximum Strictly Increasing Cells in a Matrix,https://leetcode.com/problems/maximum-strictly-increasing-cells-in-a-matrix/description/,"HTTP 404: {""detail"":""Not Found""}"
2714,Find Shortest Path with K Hops,https://leetcode.com/problems/find-shortest-path-with-k-hops/description/,"HTTP 404: {""detail"":""Not Found""}"
2715,Timeout Cancellation,https://leetcode.com/problems/timeout-cancellation/description/,"HTTP 404: {""detail"":""Not Found""}"
2716,Minimize String Length,https://leetcode.com/problems/minimize-string-length/description/,"HTTP 404: {""detail"":""Not Found""}"
2717,Semi-Ordered Permutation,https://leetcode.com/problems/semi-ordered-permutation/description/,"HTTP 404: {""detail"":""Not Found""}"
2718,Sum of Matrix After Queries,https://leetcode.com/problems/sum-of-matrix-after-queries/description/,"HTTP 404: {""detail"":""Not Found""}"
2719,Count of Integers,https://leetcode.com/problems/count-of-integers/description/,"HTTP 404: {""detail"":""Not Found""}"
2720,Popularity Percentage,https://leetcode.com/problems/popularity-percentage/description/,"HTTP 404: {""detail"":""Not Found""}"
2721,Execute Asynchronous Functions in Parallel,https://leetcode.com/problems/execute-asynchronous-functions-in-parallel/description/,"HTTP 404: {""detail"":""Not Found""}"
2722,Join Two Arrays by ID,https://leetcode.com/problems/join-two-arrays-by-id/description/,"HTTP 404: {""detail"":""Not Found""}"
2723,Add Two Promises,https://leetcode.com/problems/add-two-promises/description/,"HTTP 404: {""detail"":""Not Found""}"
2724,Sort By,https://leetcode.com/problems/sort-by/description/,"HTTP 404: {""detail"":""Not Found""}"
2725,Interval Cancellation,https://leetcode.com/problems/interval-cancellation/description/,"HTTP 404: {""detail"":""Not Found""}"
2726,Calculator with Method Chaining,https://leetcode.com/problems/calculator-with-method-chaining/description/,"HTTP 404: {""detail"":""Not Found""}"
2727,Is Object Empty,https://leetcode.com/problems/is-object-empty/description/,"HTTP 404: {""detail"":""Not Found""}"
2728,Count Houses in a Circular Street,https://leetcode.com/problems/count-houses-in-a-circular-street/description/,"HTTP 404: {""detail"":""Not Found""}"
2729,Check if The Number is Fascinating,https://leetcode.com/problems/check-if-the-number-is-fascinating/description/,"HTTP 404: {""detail"":""Not Found""}"
2730,Find the Longest Semi-Repetitive Substring,https://leetcode.com/problems/find-the-longest-semi-repetitive-substring/description/,"HTTP 404: {""detail"":""Not Found""}"
2731,Movement of Robots,https://leetcode.com/problems/movement-of-robots/description/,"HTTP 404: {""detail"":""Not Found""}"
2732,Find a Good Subset of the Matrix,https://leetcode.com/problems/find-a-good-subset-of-the-matrix/description/,"HTTP 404: {""detail"":""Not Found""}"
2733,Neither Minimum nor Maximum,https://leetcode.com/problems/neither-minimum-nor-maximum/description/,"HTTP 404: {""detail"":""Not Found""}"
2734,Lexicographically Smallest String After Substring Operation,https://leetcode.com/problems/lexicographically-smallest-string-after-substring-operation/description/,"HTTP 404: {""detail"":""Not Found""}"
2735,Collecting Chocolates,https://leetcode.com/problems/collecting-chocolates/description/,"HTTP 404: {""detail"":""Not Found""}"
2736,Maximum Sum Queries,https://leetcode.com/problems/maximum-sum-queries/description/,"HTTP 404: {""detail"":""Not Found""}"
2737,Find the Closest Marked Node,https://leetcode.com/problems/find-the-closest-marked-node/description/,"HTTP 404: {""detail"":""Not Found""}"
2738,Count Occurrences in Text,https://leetcode.com/problems/count-occurrences-in-text/description/,"HTTP 404: {""detail"":""Not Found""}"
2739,Total Distance Traveled,https://leetcode.com/problems/total-distance-traveled/description/,"HTTP 404: {""detail"":""Not Found""}"
2740,Find the Value of the Partition,https://leetcode.com/problems/find-the-value-of-the-partition/description/,"HTTP 404: {""detail"":""Not Found""}"
2741,Special Permutations,https://leetcode.com/problems/special-permutations/description/,"HTTP 404: {""detail"":""Not Found""}"
2742,Painting the Walls,https://leetcode.com/problems/painting-the-walls/description/,"HTTP 404: {""detail"":""Not Found""}"
2743,Count Substrings Without Repeating Character,https://leetcode.com/problems/count-substrings-without-repeating-character/description/,"HTTP 404: {""detail"":""Not Found""}"
2744,Find Maximum Number of String Pairs,https://leetcode.com/problems/find-maximum-number-of-string-pairs/description/,"HTTP 404: {""detail"":""Not Found""}"
2745,Construct the Longest New String,https://leetcode.com/problems/construct-the-longest-new-string/description/,"HTTP 404: {""detail"":""Not Found""}"
2746,Decremental String Concatenation,https://leetcode.com/problems/decremental-string-concatenation/description/,"HTTP 404: {""detail"":""Not Found""}"
2747,Count Zero Request Servers,https://leetcode.com/problems/count-zero-request-servers/description/,"HTTP 404: {""detail"":""Not Found""}"
2748,Number of Beautiful Pairs,https://leetcode.com/problems/number-of-beautiful-pairs/description/,"HTTP 404: {""detail"":""Not Found""}"
2749,Minimum Operations to Make the Integer Zero,https://leetcode.com/problems/minimum-operations-to-make-the-integer-zero/description/,"HTTP 404: {""detail"":""Not Found""}"
2750,Ways to Split Array Into Good Subarrays,https://leetcode.com/problems/ways-to-split-array-into-good-subarrays/description/,"HTTP 404: {""detail"":""Not Found""}"
2751,Robot Collisions,https://leetcode.com/problems/robot-collisions/description/,"HTTP 404: {""detail"":""Not Found""}"
2752,Customers with Maximum Number of Transactions on Consecutive Days,https://leetcode.com/problems/customers-with-maximum-number-of-transactions-on-consecutive-days/description/,"HTTP 404: {""detail"":""Not Found""}"
2753,Count Houses in a Circular Street II,https://leetcode.com/problems/count-houses-in-a-circular-street-ii/description/,"HTTP 404: {""detail"":""Not Found""}"
2754,Bind Function to Context,https://leetcode.com/problems/bind-function-to-context/description/,"HTTP 404: {""detail"":""Not Found""}"
2755,Deep Merge of Two Objects,https://leetcode.com/problems/deep-merge-of-two-objects/description/,"HTTP 404: {""detail"":""Not Found""}"
2756,Query Batching,https://leetcode.com/problems/query-batching/description/,"HTTP 404: {""detail"":""Not Found""}"
2757,Generate Circular Array Values,https://leetcode.com/problems/generate-circular-array-values/description/,"HTTP 404: {""detail"":""Not Found""}"
2758,Next Day,https://leetcode.com/problems/next-day/description/,"HTTP 404: {""detail"":""Not Found""}"
2759,Convert JSON String to Object,https://leetcode.com/problems/convert-json-string-to-object/description/,"HTTP 404: {""detail"":""Not Found""}"
2760,Longest Even Odd Subarray With Threshold,https://leetcode.com/problems/longest-even-odd-subarray-with-threshold/description/,"HTTP 404: {""detail"":""Not Found""}"
2761,Prime Pairs With Target Sum,https://leetcode.com/problems/prime-pairs-with-target-sum/description/,"HTTP 404: {""detail"":""Not Found""}"
2762,Continuous Subarrays,https://leetcode.com/problems/continuous-subarrays/description/,"HTTP 404: {""detail"":""Not Found""}"
2763,Sum of Imbalance Numbers of All Subarrays,https://leetcode.com/problems/sum-of-imbalance-numbers-of-all-subarrays/description/,"HTTP 404: {""detail"":""Not Found""}"
2764,Is Array a Preorder of Some ‌Binary Tree,https://leetcode.com/problems/is-array-a-preorder-of-some-binary-tree/description/,"HTTP 404: {""detail"":""Not Found""}"
2765,Longest Alternating Subarray,https://leetcode.com/problems/longest-alternating-subarray/description/,"HTTP 404: {""detail"":""Not Found""}"
2766,Relocate Marbles,https://leetcode.com/problems/relocate-marbles/description/,"HTTP 404: {""detail"":""Not Found""}"
2767,Partition String Into Minimum Beautiful Substrings,https://leetcode.com/problems/partition-string-into-minimum-beautiful-substrings/description/,"HTTP 404: {""detail"":""Not Found""}"
2768,Number of Black Blocks,https://leetcode.com/problems/number-of-black-blocks/description/,"HTTP 404: {""detail"":""Not Found""}"
2769,Find the Maximum Achievable Number,https://leetcode.com/problems/find-the-maximum-achievable-number/description/,"HTTP 404: {""detail"":""Not Found""}"
2770,Maximum Number of Jumps to Reach the Last Index,https://leetcode.com/problems/maximum-number-of-jumps-to-reach-the-last-index/description/,"HTTP 404: {""detail"":""Not Found""}"
2771,Longest Non-decreasing Subarray From Two Arrays,https://leetcode.com/problems/longest-non-decreasing-subarray-from-two-arrays/description/,"HTTP 404: {""detail"":""Not Found""}"
2772,Apply Operations to Make All Array Elements Equal to Zero,https://leetcode.com/problems/apply-operations-to-make-all-array-elements-equal-to-zero/description/,"HTTP 404: {""detail"":""Not Found""}"
2773,Height of Special Binary Tree,https://leetcode.com/problems/height-of-special-binary-tree/description/,"HTTP 404: {""detail"":""Not Found""}"
2774,Array Upper Bound,https://leetcode.com/problems/array-upper-bound/description/,"HTTP 404: {""detail"":""Not Found""}"
2775,Undefined to Null,https://leetcode.com/problems/undefined-to-null/description/,"HTTP 404: {""detail"":""Not Found""}"
2776,Convert Callback Based Function to Promise Based Function,https://leetcode.com/problems/convert-callback-based-function-to-promise-based-function/description/,"HTTP 404: {""detail"":""Not Found""}"
2777,Date Range Generator,https://leetcode.com/problems/date-range-generator/description/,"HTTP 404: {""detail"":""Not Found""}"
2778,Sum of Squares of Special Elements ,https://leetcode.com/problems/sum-of-squares-of-special-elements/description/,"HTTP 404: {""detail"":""Not Found""}"
2779,Maximum Beauty of an Array After Applying Operation,https://leetcode.com/problems/maximum-beauty-of-an-array-after-applying-operation/description/,"HTTP 404: {""detail"":""Not Found""}"
2780,Minimum Index of a Valid Split,https://leetcode.com/problems/minimum-index-of-a-valid-split/description/,"HTTP 404: {""detail"":""Not Found""}"
2781,Length of the Longest Valid Substring,https://leetcode.com/problems/length-of-the-longest-valid-substring/description/,"HTTP 404: {""detail"":""Not Found""}"
2782,Number of Unique Categories,https://leetcode.com/problems/number-of-unique-categories/description/,"HTTP 404: {""detail"":""Not Found""}"
2783,Flight Occupancy and Waitlist Analysis,https://leetcode.com/problems/flight-occupancy-and-waitlist-analysis/description/,"HTTP 404: {""detail"":""Not Found""}"
2784,Check if Array is Good,https://leetcode.com/problems/check-if-array-is-good/description/,"HTTP 404: {""detail"":""Not Found""}"
2785,Sort Vowels in a String,https://leetcode.com/problems/sort-vowels-in-a-string/description/,"HTTP 404: {""detail"":""Not Found""}"
2786,Visit Array Positions to Maximize Score,https://leetcode.com/problems/visit-array-positions-to-maximize-score/description/,"HTTP 404: {""detail"":""Not Found""}"
2787,Ways to Express an Integer as Sum of Powers,https://leetcode.com/problems/ways-to-express-an-integer-as-sum-of-powers/description/,"HTTP 404: {""detail"":""Not Found""}"
2788,Split Strings by Separator,https://leetcode.com/problems/split-strings-by-separator/description/,"HTTP 404: {""detail"":""Not Found""}"
2789,Largest Element in an Array after Merge Operations,https://leetcode.com/problems/largest-element-in-an-array-after-merge-operations/description/,"HTTP 404: {""detail"":""Not Found""}"
2790,Maximum Number of Groups With Increasing Length,https://leetcode.com/problems/maximum-number-of-groups-with-increasing-length/description/,"HTTP 404: {""detail"":""Not Found""}"
2791,Count Paths That Can Form a Palindrome in a Tree,https://leetcode.com/problems/count-paths-that-can-form-a-palindrome-in-a-tree/description/,"HTTP 404: {""detail"":""Not Found""}"
2792,Count Nodes That Are Great Enough,https://leetcode.com/problems/count-nodes-that-are-great-enough/description/,"HTTP 404: {""detail"":""Not Found""}"
2793,Status of Flight Tickets,https://leetcode.com/problems/status-of-flight-tickets/description/,"HTTP 404: {""detail"":""Not Found""}"
2794,Create Object from Two Arrays,https://leetcode.com/problems/create-object-from-two-arrays/description/,"HTTP 404: {""detail"":""Not Found""}"
2795,Parallel Execution of Promises for Individual Results Retrieval,https://leetcode.com/problems/parallel-execution-of-promises-for-individual-results-retrieval/description/,"HTTP 404: {""detail"":""Not Found""}"
2796,Repeat String,https://leetcode.com/problems/repeat-string/description/,"HTTP 404: {""detail"":""Not Found""}"
2797,Partial Function with Placeholders,https://leetcode.com/problems/partial-function-with-placeholders/description/,"HTTP 404: {""detail"":""Not Found""}"
2798,Number of Employees Who Met the Target,https://leetcode.com/problems/number-of-employees-who-met-the-target/description/,"HTTP 404: {""detail"":""Not Found""}"
2799,Count Complete Subarrays in an Array,https://leetcode.com/problems/count-complete-subarrays-in-an-array/description/,"HTTP 404: {""detail"":""Not Found""}"
2800,Shortest String That Contains Three Strings,https://leetcode.com/problems/shortest-string-that-contains-three-strings/description/,"HTTP 404: {""detail"":""Not Found""}"
2801,Count Stepping Numbers in Range,https://leetcode.com/problems/count-stepping-numbers-in-range/description/,"HTTP 404: {""detail"":""Not Found""}"
2802,Find The K-th Lucky Number,https://leetcode.com/problems/find-the-k-th-lucky-number/description/,"HTTP 404: {""detail"":""Not Found""}"
2803,Factorial Generator,https://leetcode.com/problems/factorial-generator/description/,"HTTP 404: {""detail"":""Not Found""}"
2804,Array Prototype ForEach,https://leetcode.com/problems/array-prototype-foreach/description/,"HTTP 404: {""detail"":""Not Found""}"
2805,Custom Interval,https://leetcode.com/problems/custom-interval/description/,"HTTP 404: {""detail"":""Not Found""}"
2806,Account Balance After Rounded Purchase,https://leetcode.com/problems/account-balance-after-rounded-purchase/description/,"HTTP 404: {""detail"":""Not Found""}"
2807,Insert Greatest Common Divisors in Linked List,https://leetcode.com/problems/insert-greatest-common-divisors-in-linked-list/description/,"HTTP 404: {""detail"":""Not Found""}"
2808,Minimum Seconds to Equalize a Circular Array,https://leetcode.com/problems/minimum-seconds-to-equalize-a-circular-array/description/,"HTTP 404: {""detail"":""Not Found""}"
2809,Minimum Time to Make Array Sum At Most x,https://leetcode.com/problems/minimum-time-to-make-array-sum-at-most-x/description/,"HTTP 404: {""detail"":""Not Found""}"
2810,Faulty Keyboard,https://leetcode.com/problems/faulty-keyboard/description/,"HTTP 404: {""detail"":""Not Found""}"
2811,Check if it is Possible to Split Array,https://leetcode.com/problems/check-if-it-is-possible-to-split-array/description/,"HTTP 404: {""detail"":""Not Found""}"
2812,Find the Safest Path in a Grid,https://leetcode.com/problems/find-the-safest-path-in-a-grid/description/,"HTTP 404: {""detail"":""Not Found""}"
2813,Maximum Elegance of a K-Length Subsequence,https://leetcode.com/problems/maximum-elegance-of-a-k-length-subsequence/description/,"HTTP 404: {""detail"":""Not Found""}"
2814,Minimum Time Takes to Reach Destination Without Drowning,https://leetcode.com/problems/minimum-time-takes-to-reach-destination-without-drowning/description/,"HTTP 404: {""detail"":""Not Found""}"
2815,Max Pair Sum in an Array,https://leetcode.com/problems/max-pair-sum-in-an-array/description/,"HTTP 404: {""detail"":""Not Found""}"
2816,Double a Number Represented as a Linked List,https://leetcode.com/problems/double-a-number-represented-as-a-linked-list/description/,"HTTP 404: {""detail"":""Not Found""}"
2817,Minimum Absolute Difference Between Elements With Constraint,https://leetcode.com/problems/minimum-absolute-difference-between-elements-with-constraint/description/,"HTTP 404: {""detail"":""Not Found""}"
2818,Apply Operations to Maximize Score,https://leetcode.com/problems/apply-operations-to-maximize-score/description/,"HTTP 404: {""detail"":""Not Found""}"
2819,Minimum Relative Loss After Buying Chocolates,https://leetcode.com/problems/minimum-relative-loss-after-buying-chocolates/description/,"HTTP 404: {""detail"":""Not Found""}"
2820,Election Results,https://leetcode.com/problems/election-results/description/,"HTTP 404: {""detail"":""Not Found""}"
2821,Delay the Resolution of Each Promise,https://leetcode.com/problems/delay-the-resolution-of-each-promise/description/,"HTTP 404: {""detail"":""Not Found""}"
2822,Inversion of Object,https://leetcode.com/problems/inversion-of-object/description/,"HTTP 404: {""detail"":""Not Found""}"
2823,Deep Object Filter,https://leetcode.com/problems/deep-object-filter/description/,"HTTP 404: {""detail"":""Not Found""}"
2824,Count Pairs Whose Sum is Less than Target,https://leetcode.com/problems/count-pairs-whose-sum-is-less-than-target/description/,"HTTP 404: {""detail"":""Not Found""}"
2825,Make String a Subsequence Using Cyclic Increments,https://leetcode.com/problems/make-string-a-subsequence-using-cyclic-increments/description/,"HTTP 404: {""detail"":""Not Found""}"
2826,Sorting Three Groups,https://leetcode.com/problems/sorting-three-groups/description/,"HTTP 404: {""detail"":""Not Found""}"
2827,Number of Beautiful Integers in the Range,https://leetcode.com/problems/number-of-beautiful-integers-in-the-range/description/,"HTTP 404: {""detail"":""Not Found""}"
2828,Check if a String Is an Acronym of Words,https://leetcode.com/problems/check-if-a-string-is-an-acronym-of-words/description/,"HTTP 404: {""detail"":""Not Found""}"
2829,Determine the Minimum Sum of a k-avoiding Array,https://leetcode.com/problems/determine-the-minimum-sum-of-a-k-avoiding-array/description/,"HTTP 404: {""detail"":""Not Found""}"
2830,Maximize the Profit as the Salesman,https://leetcode.com/problems/maximize-the-profit-as-the-salesman/description/,"HTTP 404: {""detail"":""Not Found""}"
2831,Find the Longest Equal Subarray,https://leetcode.com/problems/find-the-longest-equal-subarray/description/,"HTTP 404: {""detail"":""Not Found""}"
2832,Maximal Range That Each Element Is Maximum in It,https://leetcode.com/problems/maximal-range-that-each-element-is-maximum-in-it/description/,"HTTP 404: {""detail"":""Not Found""}"
2833,Furthest Point From Origin,https://leetcode.com/problems/furthest-point-from-origin/description/,"HTTP 404: {""detail"":""Not Found""}"
2834,Find the Minimum Possible Sum of a Beautiful Array,https://leetcode.com/problems/find-the-minimum-possible-sum-of-a-beautiful-array/description/,"HTTP 404: {""detail"":""Not Found""}"
2835,Minimum Operations to Form Subsequence With Target Sum,https://leetcode.com/problems/minimum-operations-to-form-subsequence-with-target-sum/description/,"HTTP 404: {""detail"":""Not Found""}"
2836,Maximize Value of Function in a Ball Passing Game,https://leetcode.com/problems/maximize-value-of-function-in-a-ball-passing-game/description/,"HTTP 404: {""detail"":""Not Found""}"
2837,Total Traveled Distance,https://leetcode.com/problems/total-traveled-distance/description/,"HTTP 404: {""detail"":""Not Found""}"
2838,Maximum Coins Heroes Can Collect,https://leetcode.com/problems/maximum-coins-heroes-can-collect/description/,"HTTP 404: {""detail"":""Not Found""}"
2839,Check if Strings Can be Made Equal With Operations I,https://leetcode.com/problems/check-if-strings-can-be-made-equal-with-operations-i/description/,"HTTP 404: {""detail"":""Not Found""}"
2840,Check if Strings Can be Made Equal With Operations II,https://leetcode.com/problems/check-if-strings-can-be-made-equal-with-operations-ii/description/,"HTTP 404: {""detail"":""Not Found""}"
2841,Maximum Sum of Almost Unique Subarray,https://leetcode.com/problems/maximum-sum-of-almost-unique-subarray/description/,"HTTP 404: {""detail"":""Not Found""}"
2842,Count K-Subsequences of a String With Maximum Beauty,https://leetcode.com/problems/count-k-subsequences-of-a-string-with-maximum-beauty/description/,"HTTP 404: {""detail"":""Not Found""}"
2843,  Count Symmetric Integers,https://leetcode.com/problems/count-symmetric-integers/description/,"HTTP 404: {""detail"":""Not Found""}"
2844,Minimum Operations to Make a Special Number,https://leetcode.com/problems/minimum-operations-to-make-a-special-number/description/,"HTTP 404: {""detail"":""Not Found""}"
2845,Count of Interesting Subarrays,https://leetcode.com/problems/count-of-interesting-subarrays/description/,"HTTP 404: {""detail"":""Not Found""}"
2846,Minimum Edge Weight Equilibrium Queries in a Tree,https://leetcode.com/problems/minimum-edge-weight-equilibrium-queries-in-a-tree/description/,"HTTP 404: {""detail"":""Not Found""}"
2847,Smallest Number With Given Digit Product,https://leetcode.com/problems/smallest-number-with-given-digit-product/description/,"HTTP 404: {""detail"":""Not Found""}"
2848,Points That Intersect With Cars,https://leetcode.com/problems/points-that-intersect-with-cars/description/,"HTTP 404: {""detail"":""Not Found""}"
2849,Determine if a Cell Is Reachable at a Given Time,https://leetcode.com/problems/determine-if-a-cell-is-reachable-at-a-given-time/description/,"HTTP 404: {""detail"":""Not Found""}"
2850,Minimum Moves to Spread Stones Over Grid,https://leetcode.com/problems/minimum-moves-to-spread-stones-over-grid/description/,"HTTP 404: {""detail"":""Not Found""}"
2851,String Transformation,https://leetcode.com/problems/string-transformation/description/,"HTTP 404: {""detail"":""Not Found""}"
2852,Sum of Remoteness of All Cells,https://leetcode.com/problems/sum-of-remoteness-of-all-cells/description/,"HTTP 404: {""detail"":""Not Found""}"
2853,Highest Salaries Difference,https://leetcode.com/problems/highest-salaries-difference/description/,"HTTP 404: {""detail"":""Not Found""}"
2854,Rolling Average Steps,https://leetcode.com/problems/rolling-average-steps/description/,"HTTP 404: {""detail"":""Not Found""}"
2855,Minimum Right Shifts to Sort the Array,https://leetcode.com/problems/minimum-right-shifts-to-sort-the-array/description/,"HTTP 404: {""detail"":""Not Found""}"
2856,Minimum Array Length After Pair Removals,https://leetcode.com/problems/minimum-array-length-after-pair-removals/description/,"HTTP 404: {""detail"":""Not Found""}"
2857,Count Pairs of Points With Distance k,https://leetcode.com/problems/count-pairs-of-points-with-distance-k/description/,"HTTP 404: {""detail"":""Not Found""}"
2858,Minimum Edge Reversals So Every Node Is Reachable,https://leetcode.com/problems/minimum-edge-reversals-so-every-node-is-reachable/description/,"HTTP 404: {""detail"":""Not Found""}"
2859,Sum of Values at Indices With K Set Bits,https://leetcode.com/problems/sum-of-values-at-indices-with-k-set-bits/description/,"HTTP 404: {""detail"":""Not Found""}"
2860,Happy Students,https://leetcode.com/problems/happy-students/description/,"HTTP 404: {""detail"":""Not Found""}"
2861,Maximum Number of Alloys,https://leetcode.com/problems/maximum-number-of-alloys/description/,"HTTP 404: {""detail"":""Not Found""}"
2862,Maximum Element-Sum of a Complete Subset of Indices,https://leetcode.com/problems/maximum-element-sum-of-a-complete-subset-of-indices/description/,"HTTP 404: {""detail"":""Not Found""}"
2863,Maximum Length of Semi-Decreasing Subarrays,https://leetcode.com/problems/maximum-length-of-semi-decreasing-subarrays/description/,"HTTP 404: {""detail"":""Not Found""}"
2864,Maximum Odd Binary Number,https://leetcode.com/problems/maximum-odd-binary-number/description/,"HTTP 404: {""detail"":""Not Found""}"
2865,Beautiful Towers I,https://leetcode.com/problems/beautiful-towers-i/description/,"HTTP 404: {""detail"":""Not Found""}"
2866,Beautiful Towers II,https://leetcode.com/problems/beautiful-towers-ii/description/,"HTTP 404: {""detail"":""Not Found""}"
2867,Count Valid Paths in a Tree,https://leetcode.com/problems/count-valid-paths-in-a-tree/description/,"HTTP 404: {""detail"":""Not Found""}"
2868,The Wording Game,https://leetcode.com/problems/the-wording-game/description/,"HTTP 404: {""detail"":""Not Found""}"
2869,Minimum Operations to Collect Elements,https://leetcode.com/problems/minimum-operations-to-collect-elements/description/,"HTTP 404: {""detail"":""Not Found""}"
2870,Minimum Number of Operations to Make Array Empty,https://leetcode.com/problems/minimum-number-of-operations-to-make-array-empty/description/,"HTTP 404: {""detail"":""Not Found""}"
2871,Split Array Into Maximum Number of Subarrays,https://leetcode.com/problems/split-array-into-maximum-number-of-subarrays/description/,"HTTP 404: {""detail"":""Not Found""}"
2872,Maximum Number of K-Divisible Components,https://leetcode.com/problems/maximum-number-of-k-divisible-components/description/,"HTTP 404: {""detail"":""Not Found""}"
2873,Maximum Value of an Ordered Triplet I,https://leetcode.com/problems/maximum-value-of-an-ordered-triplet-i/description/,"HTTP 404: {""detail"":""Not Found""}"
2874,Maximum Value of an Ordered Triplet II,https://leetcode.com/problems/maximum-value-of-an-ordered-triplet-ii/description/,"HTTP 404: {""detail"":""Not Found""}"
2875,Minimum Size Subarray in Infinite Array,https://leetcode.com/problems/minimum-size-subarray-in-infinite-array/description/,"HTTP 404: {""detail"":""Not Found""}"
2876,Count Visited Nodes in a Directed Graph,https://leetcode.com/problems/count-visited-nodes-in-a-directed-graph/description/,"HTTP 404: {""detail"":""Not Found""}"
2877,Create a DataFrame from List,https://leetcode.com/problems/create-a-dataframe-from-list/description/,"HTTP 404: {""detail"":""Not Found""}"
2878,Get the Size of a DataFrame,https://leetcode.com/problems/get-the-size-of-a-dataframe/description/,"HTTP 404: {""detail"":""Not Found""}"
2879,Display the First Three Rows,https://leetcode.com/problems/display-the-first-three-rows/description/,"HTTP 404: {""detail"":""Not Found""}"
2880,Select Data,https://leetcode.com/problems/select-data/description/,"HTTP 404: {""detail"":""Not Found""}"
2881,Create a New Column,https://leetcode.com/problems/create-a-new-column/description/,"HTTP 404: {""detail"":""Not Found""}"
2882,Drop Duplicate Rows,https://leetcode.com/problems/drop-duplicate-rows/description/,"HTTP 404: {""detail"":""Not Found""}"
2883,Drop Missing Data,https://leetcode.com/problems/drop-missing-data/description/,"HTTP 404: {""detail"":""Not Found""}"
2884,Modify Columns,https://leetcode.com/problems/modify-columns/description/,"HTTP 404: {""detail"":""Not Found""}"
2885,Rename Columns,https://leetcode.com/problems/rename-columns/description/,"HTTP 404: {""detail"":""Not Found""}"
2886,Change Data Type,https://leetcode.com/problems/change-data-type/description/,"HTTP 404: {""detail"":""Not Found""}"
2887,Fill Missing Data,https://leetcode.com/problems/fill-missing-data/description/,"HTTP 404: {""detail"":""Not Found""}"
2888,Reshape Data: Concatenate,https://leetcode.com/problems/reshape-data-concatenate/description/,"HTTP 404: {""detail"":""Not Found""}"
2889,Reshape Data: Pivot,https://leetcode.com/problems/reshape-data-pivot/description/,"HTTP 404: {""detail"":""Not Found""}"
2890,Reshape Data: Melt,https://leetcode.com/problems/reshape-data-melt/description/,"HTTP 404: {""detail"":""Not Found""}"
2891,Method Chaining,https://leetcode.com/problems/method-chaining/description/,"HTTP 404: {""detail"":""Not Found""}"
2892,Minimizing Array After Replacing Pairs With Their Product,https://leetcode.com/problems/minimizing-array-after-replacing-pairs-with-their-product/description/,"HTTP 404: {""detail"":""Not Found""}"
2893,Calculate Orders Within Each Interval,https://leetcode.com/problems/calculate-orders-within-each-interval/description/,"HTTP 404: {""detail"":""Not Found""}"
2894,Divisible and Non-divisible Sums Difference,https://leetcode.com/problems/divisible-and-non-divisible-sums-difference/description/,"HTTP 404: {""detail"":""Not Found""}"
2895,Minimum Processing Time,https://leetcode.com/problems/minimum-processing-time/description/,"HTTP 404: {""detail"":""Not Found""}"
2896,Apply Operations to Make Two Strings Equal,https://leetcode.com/problems/apply-operations-to-make-two-strings-equal/description/,"HTTP 404: {""detail"":""Not Found""}"
2897,Apply Operations on Array to Maximize Sum of Squares,https://leetcode.com/problems/apply-operations-on-array-to-maximize-sum-of-squares/description/,"HTTP 404: {""detail"":""Not Found""}"
2898,Maximum Linear Stock Score,https://leetcode.com/problems/maximum-linear-stock-score/description/,"HTTP 404: {""detail"":""Not Found""}"
2899,Last Visited Integers,https://leetcode.com/problems/last-visited-integers/description/,"HTTP 404: {""detail"":""Not Found""}"
2900,Longest Unequal Adjacent Groups Subsequence I,https://leetcode.com/problems/longest-unequal-adjacent-groups-subsequence-i/description/,"HTTP 404: {""detail"":""Not Found""}"
2901,Longest Unequal Adjacent Groups Subsequence II,https://leetcode.com/problems/longest-unequal-adjacent-groups-subsequence-ii/description/,"HTTP 404: {""detail"":""Not Found""}"
2902,Count of Sub-Multisets With Bounded Sum,https://leetcode.com/problems/count-of-sub-multisets-with-bounded-sum/description/,"HTTP 404: {""detail"":""Not Found""}"
2903,Find Indices With Index and Value Difference I,https://leetcode.com/problems/find-indices-with-index-and-value-difference-i/description/,"HTTP 404: {""detail"":""Not Found""}"
2904,Shortest and Lexicographically Smallest Beautiful String,https://leetcode.com/problems/shortest-and-lexicographically-smallest-beautiful-string/description/,"HTTP 404: {""detail"":""Not Found""}"
2905,Find Indices With Index and Value Difference II,https://leetcode.com/problems/find-indices-with-index-and-value-difference-ii/description/,"HTTP 404: {""detail"":""Not Found""}"
2906,Construct Product Matrix,https://leetcode.com/problems/construct-product-matrix/description/,"HTTP 404: {""detail"":""Not Found""}"
2907,Maximum Profitable Triplets With Increasing Prices I,https://leetcode.com/problems/maximum-profitable-triplets-with-increasing-prices-i/description/,"HTTP 404: {""detail"":""Not Found""}"
2908,Minimum Sum of Mountain Triplets I,https://leetcode.com/problems/minimum-sum-of-mountain-triplets-i/description/,"HTTP 404: {""detail"":""Not Found""}"
2909,Minimum Sum of Mountain Triplets II,https://leetcode.com/problems/minimum-sum-of-mountain-triplets-ii/description/,"HTTP 404: {""detail"":""Not Found""}"
2910,Minimum Number of Groups to Create a Valid Assignment,https://leetcode.com/problems/minimum-number-of-groups-to-create-a-valid-assignment/description/,"HTTP 404: {""detail"":""Not Found""}"
2911,Minimum Changes to Make K Semi-palindromes,https://leetcode.com/problems/minimum-changes-to-make-k-semi-palindromes/description/,"HTTP 404: {""detail"":""Not Found""}"
2912,Number of Ways to Reach Destination in the Grid,https://leetcode.com/problems/number-of-ways-to-reach-destination-in-the-grid/description/,"HTTP 404: {""detail"":""Not Found""}"
2913,Subarrays Distinct Element Sum of Squares I,https://leetcode.com/problems/subarrays-distinct-element-sum-of-squares-i/description/,"HTTP 404: {""detail"":""Not Found""}"
2914,Minimum Number of Changes to Make Binary String Beautiful,https://leetcode.com/problems/minimum-number-of-changes-to-make-binary-string-beautiful/description/,"HTTP 404: {""detail"":""Not Found""}"
2915,Length of the Longest Subsequence That Sums to Target,https://leetcode.com/problems/length-of-the-longest-subsequence-that-sums-to-target/description/,"HTTP 404: {""detail"":""Not Found""}"
2916,Subarrays Distinct Element Sum of Squares II,https://leetcode.com/problems/subarrays-distinct-element-sum-of-squares-ii/description/,"HTTP 404: {""detail"":""Not Found""}"
2917,Find the K-or of an Array,https://leetcode.com/problems/find-the-k-or-of-an-array/description/,"HTTP 404: {""detail"":""Not Found""}"
2918,Minimum Equal Sum of Two Arrays After Replacing Zeros,https://leetcode.com/problems/minimum-equal-sum-of-two-arrays-after-replacing-zeros/description/,"HTTP 404: {""detail"":""Not Found""}"
2919,Minimum Increment Operations to Make Array Beautiful,https://leetcode.com/problems/minimum-increment-operations-to-make-array-beautiful/description/,"HTTP 404: {""detail"":""Not Found""}"
2920,Maximum Points After Collecting Coins From All Nodes,https://leetcode.com/problems/maximum-points-after-collecting-coins-from-all-nodes/description/,"HTTP 404: {""detail"":""Not Found""}"
2921,Maximum Profitable Triplets With Increasing Prices II,https://leetcode.com/problems/maximum-profitable-triplets-with-increasing-prices-ii/description/,"HTTP 404: {""detail"":""Not Found""}"
2922,Market Analysis III,https://leetcode.com/problems/market-analysis-iii/description/,"HTTP 404: {""detail"":""Not Found""}"
2923,Find Champion I,https://leetcode.com/problems/find-champion-i/description/,"HTTP 404: {""detail"":""Not Found""}"
2924,Find Champion II,https://leetcode.com/problems/find-champion-ii/description/,"HTTP 404: {""detail"":""Not Found""}"
2925,Maximum Score After Applying Operations on a Tree,https://leetcode.com/problems/maximum-score-after-applying-operations-on-a-tree/description/,"HTTP 404: {""detail"":""Not Found""}"
2926,Maximum Balanced Subsequence Sum,https://leetcode.com/problems/maximum-balanced-subsequence-sum/description/,"HTTP 404: {""detail"":""Not Found""}"
2927,Distribute Candies Among Children III,https://leetcode.com/problems/distribute-candies-among-children-iii/description/,"HTTP 404: {""detail"":""Not Found""}"
2928,Distribute Candies Among Children I,https://leetcode.com/problems/distribute-candies-among-children-i/description/,"HTTP 404: {""detail"":""Not Found""}"
2929,Distribute Candies Among Children II,https://leetcode.com/problems/distribute-candies-among-children-ii/description/,"HTTP 404: {""detail"":""Not Found""}"
2930,Number of Strings Which Can Be Rearranged to Contain Substring,https://leetcode.com/problems/number-of-strings-which-can-be-rearranged-to-contain-substring/description/,"HTTP 404: {""detail"":""Not Found""}"
2931,Maximum Spending After Buying Items,https://leetcode.com/problems/maximum-spending-after-buying-items/description/,"HTTP 404: {""detail"":""Not Found""}"
2932,Maximum Strong Pair XOR I,https://leetcode.com/problems/maximum-strong-pair-xor-i/description/,"HTTP 404: {""detail"":""Not Found""}"
2933,High-Access Employees,https://leetcode.com/problems/high-access-employees/description/,"HTTP 404: {""detail"":""Not Found""}"
2934,Minimum Operations to Maximize Last Elements in Arrays,https://leetcode.com/problems/minimum-operations-to-maximize-last-elements-in-arrays/description/,"HTTP 404: {""detail"":""Not Found""}"
2935,Maximum Strong Pair XOR II,https://leetcode.com/problems/maximum-strong-pair-xor-ii/description/,"HTTP 404: {""detail"":""Not Found""}"
2936,Number of Equal Numbers Blocks,https://leetcode.com/problems/number-of-equal-numbers-blocks/description/,"HTTP 404: {""detail"":""Not Found""}"
2937,Make Three Strings Equal,https://leetcode.com/problems/make-three-strings-equal/description/,"HTTP 404: {""detail"":""Not Found""}"
2938,Separate Black and White Balls,https://leetcode.com/problems/separate-black-and-white-balls/description/,"HTTP 404: {""detail"":""Not Found""}"
2939,Maximum Xor Product,https://leetcode.com/problems/maximum-xor-product/description/,"HTTP 404: {""detail"":""Not Found""}"
2940,Find Building Where Alice and Bob Can Meet,https://leetcode.com/problems/find-building-where-alice-and-bob-can-meet/description/,"HTTP 404: {""detail"":""Not Found""}"
2941,Maximum GCD-Sum of a Subarray,https://leetcode.com/problems/maximum-gcd-sum-of-a-subarray/description/,"HTTP 404: {""detail"":""Not Found""}"
2942,Find Words Containing Character,https://leetcode.com/problems/find-words-containing-character/description/,"HTTP 404: {""detail"":""Not Found""}"
2943,Maximize Area of Square Hole in Grid,https://leetcode.com/problems/maximize-area-of-square-hole-in-grid/description/,"HTTP 404: {""detail"":""Not Found""}"
2944,Minimum Number of Coins for Fruits,https://leetcode.com/problems/minimum-number-of-coins-for-fruits/description/,"HTTP 404: {""detail"":""Not Found""}"
2945,Find Maximum Non-decreasing Array Length,https://leetcode.com/problems/find-maximum-non-decreasing-array-length/description/,"HTTP 404: {""detail"":""Not Found""}"
2946,Matrix Similarity After Cyclic Shifts,https://leetcode.com/problems/matrix-similarity-after-cyclic-shifts/description/,"HTTP 404: {""detail"":""Not Found""}"
2947,Count Beautiful Substrings I,https://leetcode.com/problems/count-beautiful-substrings-i/description/,"HTTP 404: {""detail"":""Not Found""}"
2948,Make Lexicographically Smallest Array by Swapping Elements,https://leetcode.com/problems/make-lexicographically-smallest-array-by-swapping-elements/description/,"HTTP 404: {""detail"":""Not Found""}"
2949,Count Beautiful Substrings II,https://leetcode.com/problems/count-beautiful-substrings-ii/description/,"HTTP 404: {""detail"":""Not Found""}"
2950,Number of Divisible Substrings,https://leetcode.com/problems/number-of-divisible-substrings/description/,"HTTP 404: {""detail"":""Not Found""}"
2951,Find the Peaks,https://leetcode.com/problems/find-the-peaks/description/,"HTTP 404: {""detail"":""Not Found""}"
2952,Minimum Number of Coins to be Added,https://leetcode.com/problems/minimum-number-of-coins-to-be-added/description/,"HTTP 404: {""detail"":""Not Found""}"
2953,Count Complete Substrings,https://leetcode.com/problems/count-complete-substrings/description/,"HTTP 404: {""detail"":""Not Found""}"
2954,Count the Number of Infection Sequences,https://leetcode.com/problems/count-the-number-of-infection-sequences/description/,"HTTP 404: {""detail"":""Not Found""}"
2955,Number of Same-End Substrings,https://leetcode.com/problems/number-of-same-end-substrings/description/,"HTTP 404: {""detail"":""Not Found""}"
2956,Find Common Elements Between Two Arrays,https://leetcode.com/problems/find-common-elements-between-two-arrays/description/,"HTTP 404: {""detail"":""Not Found""}"
2957,Remove Adjacent Almost-Equal Characters,https://leetcode.com/problems/remove-adjacent-almost-equal-characters/description/,"HTTP 404: {""detail"":""Not Found""}"
2958,Length of Longest Subarray With at Most K Frequency,https://leetcode.com/problems/length-of-longest-subarray-with-at-most-k-frequency/description/,"HTTP 404: {""detail"":""Not Found""}"
2959,Number of Possible Sets of Closing Branches,https://leetcode.com/problems/number-of-possible-sets-of-closing-branches/description/,"HTTP 404: {""detail"":""Not Found""}"
2960,Count Tested Devices After Test Operations,https://leetcode.com/problems/count-tested-devices-after-test-operations/description/,"HTTP 404: {""detail"":""Not Found""}"
2961,Double Modular Exponentiation,https://leetcode.com/problems/double-modular-exponentiation/description/,"HTTP 404: {""detail"":""Not Found""}"
2962,Count Subarrays Where Max Element Appears at Least K Times,https://leetcode.com/problems/count-subarrays-where-max-element-appears-at-least-k-times/description/,"HTTP 404: {""detail"":""Not Found""}"
2963,Count the Number of Good Partitions,https://leetcode.com/problems/count-the-number-of-good-partitions/description/,"HTTP 404: {""detail"":""Not Found""}"
2964,Number of Divisible Triplet Sums,https://leetcode.com/problems/number-of-divisible-triplet-sums/description/,"HTTP 404: {""detail"":""Not Found""}"
2965,Find Missing and Repeated Values,https://leetcode.com/problems/find-missing-and-repeated-values/description/,"HTTP 404: {""detail"":""Not Found""}"
2966,Divide Array Into Arrays With Max Difference,https://leetcode.com/problems/divide-array-into-arrays-with-max-difference/description/,"HTTP 404: {""detail"":""Not Found""}"
2967,Minimum Cost to Make Array Equalindromic,https://leetcode.com/problems/minimum-cost-to-make-array-equalindromic/description/,"HTTP 404: {""detail"":""Not Found""}"
2968,Apply Operations to Maximize Frequency Score,https://leetcode.com/problems/apply-operations-to-maximize-frequency-score/description/,"HTTP 404: {""detail"":""Not Found""}"
2969,Minimum Number of Coins for Fruits II,https://leetcode.com/problems/minimum-number-of-coins-for-fruits-ii/description/,"HTTP 404: {""detail"":""Not Found""}"
2970,Count the Number of Incremovable Subarrays I,https://leetcode.com/problems/count-the-number-of-incremovable-subarrays-i/description/,"HTTP 404: {""detail"":""Not Found""}"
2971,Find Polygon With the Largest Perimeter,https://leetcode.com/problems/find-polygon-with-the-largest-perimeter/description/,"HTTP 404: {""detail"":""Not Found""}"
2972,Count the Number of Incremovable Subarrays II,https://leetcode.com/problems/count-the-number-of-incremovable-subarrays-ii/description/,"HTTP 404: {""detail"":""Not Found""}"
2973,Find Number of Coins to Place in Tree Nodes,https://leetcode.com/problems/find-number-of-coins-to-place-in-tree-nodes/description/,"HTTP 404: {""detail"":""Not Found""}"
2974,Minimum Number Game,https://leetcode.com/problems/minimum-number-game/description/,"HTTP 404: {""detail"":""Not Found""}"
2975,Maximum Square Area by Removing Fences From a Field,https://leetcode.com/problems/maximum-square-area-by-removing-fences-from-a-field/description/,"HTTP 404: {""detail"":""Not Found""}"
2976,Minimum Cost to Convert String I,https://leetcode.com/problems/minimum-cost-to-convert-string-i/description/,"HTTP 404: {""detail"":""Not Found""}"
2977,Minimum Cost to Convert String II,https://leetcode.com/problems/minimum-cost-to-convert-string-ii/description/,"HTTP 404: {""detail"":""Not Found""}"
2978,Symmetric Coordinates,https://leetcode.com/problems/symmetric-coordinates/description/,"HTTP 404: {""detail"":""Not Found""}"
2979,Most Expensive Item That Can Not Be Bought,https://leetcode.com/problems/most-expensive-item-that-can-not-be-bought/description/,"HTTP 404: {""detail"":""Not Found""}"
2980,Check if Bitwise OR Has Trailing Zeros,https://leetcode.com/problems/check-if-bitwise-or-has-trailing-zeros/description/,"HTTP 404: {""detail"":""Not Found""}"
2981,Find Longest Special Substring That Occurs Thrice I,https://leetcode.com/problems/find-longest-special-substring-that-occurs-thrice-i/description/,"HTTP 404: {""detail"":""Not Found""}"
2982,Find Longest Special Substring That Occurs Thrice II,https://leetcode.com/problems/find-longest-special-substring-that-occurs-thrice-ii/description/,"HTTP 404: {""detail"":""Not Found""}"
2983,Palindrome Rearrangement Queries,https://leetcode.com/problems/palindrome-rearrangement-queries/description/,"HTTP 404: {""detail"":""Not Found""}"
2984,Find Peak Calling Hours for Each City,https://leetcode.com/problems/find-peak-calling-hours-for-each-city/description/,"HTTP 404: {""detail"":""Not Found""}"
2985,Calculate Compressed Mean,https://leetcode.com/problems/calculate-compressed-mean/description/,"HTTP 404: {""detail"":""Not Found""}"
2986,Find Third Transaction,https://leetcode.com/problems/find-third-transaction/description/,"HTTP 404: {""detail"":""Not Found""}"
2987,Find Expensive Cities,https://leetcode.com/problems/find-expensive-cities/description/,"HTTP 404: {""detail"":""Not Found""}"
2988,Manager of the Largest Department,https://leetcode.com/problems/manager-of-the-largest-department/description/,"HTTP 404: {""detail"":""Not Found""}"
2989,Class Performance,https://leetcode.com/problems/class-performance/description/,"HTTP 404: {""detail"":""Not Found""}"
2990,Loan Types,https://leetcode.com/problems/loan-types/description/,"HTTP 404: {""detail"":""Not Found""}"
2991,Top Three Wineries ,https://leetcode.com/problems/top-three-wineries/description/,"HTTP 404: {""detail"":""Not Found""}"
2992,Number of Self-Divisible Permutations,https://leetcode.com/problems/number-of-self-divisible-permutations/description/,"HTTP 404: {""detail"":""Not Found""}"
2993,Friday Purchases I,https://leetcode.com/problems/friday-purchases-i/description/,"HTTP 404: {""detail"":""Not Found""}"
2994,Friday Purchases II ,https://leetcode.com/problems/friday-purchases-ii/description/,"HTTP 404: {""detail"":""Not Found""}"
2995,Viewers Turned Streamers,https://leetcode.com/problems/viewers-turned-streamers/description/,"HTTP 404: {""detail"":""Not Found""}"
2996,Smallest Missing Integer Greater Than Sequential Prefix Sum,https://leetcode.com/problems/smallest-missing-integer-greater-than-sequential-prefix-sum/description/,"HTTP 404: {""detail"":""Not Found""}"
2997,Minimum Number of Operations to Make Array XOR Equal to K,https://leetcode.com/problems/minimum-number-of-operations-to-make-array-xor-equal-to-k/description/,"HTTP 404: {""detail"":""Not Found""}"
2998,Minimum Number of Operations to Make X and Y Equal,https://leetcode.com/problems/minimum-number-of-operations-to-make-x-and-y-equal/description/,"HTTP 404: {""detail"":""Not Found""}"
2999,Count the Number of Powerful Integers,https://leetcode.com/problems/count-the-number-of-powerful-integers/description/,"HTTP 404: {""detail"":""Not Found""}"
3000,Maximum Area of Longest Diagonal Rectangle,https://leetcode.com/problems/maximum-area-of-longest-diagonal-rectangle/description/,"HTTP 404: {""detail"":""Not Found""}"
3001,Minimum Moves to Capture The Queen,https://leetcode.com/problems/minimum-moves-to-capture-the-queen/description/,"HTTP 404: {""detail"":""Not Found""}"
3002,Maximum Size of a Set After Removals,https://leetcode.com/problems/maximum-size-of-a-set-after-removals/description/,"HTTP 404: {""detail"":""Not Found""}"
3003,Maximize the Number of Partitions After Operations,https://leetcode.com/problems/maximize-the-number-of-partitions-after-operations/description/,"HTTP 404: {""detail"":""Not Found""}"
3004,Maximum Subtree of the Same Color,https://leetcode.com/problems/maximum-subtree-of-the-same-color/description/,"HTTP 404: {""detail"":""Not Found""}"
3005,Count Elements With Maximum Frequency,https://leetcode.com/problems/count-elements-with-maximum-frequency/description/,"HTTP 404: {""detail"":""Not Found""}"
3006,Find Beautiful Indices in the Given Array I,https://leetcode.com/problems/find-beautiful-indices-in-the-given-array-i/description/,"HTTP 404: {""detail"":""Not Found""}"
3007,Maximum Number That Sum of the Prices Is Less Than or Equal to K,https://leetcode.com/problems/maximum-number-that-sum-of-the-prices-is-less-than-or-equal-to-k/description/,"HTTP 404: {""detail"":""Not Found""}"
3008,Find Beautiful Indices in the Given Array II,https://leetcode.com/problems/find-beautiful-indices-in-the-given-array-ii/description/,"HTTP 404: {""detail"":""Not Found""}"
3009,Maximum Number of Intersections on the Chart,https://leetcode.com/problems/maximum-number-of-intersections-on-the-chart/description/,"HTTP 404: {""detail"":""Not Found""}"
3010,Divide an Array Into Subarrays With Minimum Cost I,https://leetcode.com/problems/divide-an-array-into-subarrays-with-minimum-cost-i/description/,"HTTP 404: {""detail"":""Not Found""}"
3011,Find if Array Can Be Sorted,https://leetcode.com/problems/find-if-array-can-be-sorted/description/,"HTTP 404: {""detail"":""Not Found""}"
3012,Minimize Length of Array Using Operations,https://leetcode.com/problems/minimize-length-of-array-using-operations/description/,"HTTP 404: {""detail"":""Not Found""}"
3013,Divide an Array Into Subarrays With Minimum Cost II,https://leetcode.com/problems/divide-an-array-into-subarrays-with-minimum-cost-ii/description/,"HTTP 404: {""detail"":""Not Found""}"
3014,Minimum Number of Pushes to Type Word I,https://leetcode.com/problems/minimum-number-of-pushes-to-type-word-i/description/,"HTTP 404: {""detail"":""Not Found""}"
3015,Count the Number of Houses at a Certain Distance I,https://leetcode.com/problems/count-the-number-of-houses-at-a-certain-distance-i/description/,"HTTP 404: {""detail"":""Not Found""}"
3016,Minimum Number of Pushes to Type Word II,https://leetcode.com/problems/minimum-number-of-pushes-to-type-word-ii/description/,"HTTP 404: {""detail"":""Not Found""}"
3017,Count the Number of Houses at a Certain Distance II,https://leetcode.com/problems/count-the-number-of-houses-at-a-certain-distance-ii/description/,"HTTP 404: {""detail"":""Not Found""}"
3018,Maximum Number of Removal Queries That Can Be Processed I,https://leetcode.com/problems/maximum-number-of-removal-queries-that-can-be-processed-i/description/,"HTTP 404: {""detail"":""Not Found""}"
3019,Number of Changing Keys,https://leetcode.com/problems/number-of-changing-keys/description/,"HTTP 404: {""detail"":""Not Found""}"
3020,Find the Maximum Number of Elements in Subset,https://leetcode.com/problems/find-the-maximum-number-of-elements-in-subset/description/,"HTTP 404: {""detail"":""Not Found""}"
3021,Alice and Bob Playing Flower Game,https://leetcode.com/problems/alice-and-bob-playing-flower-game/description/,"HTTP 404: {""detail"":""Not Found""}"
3022,Minimize OR of Remaining Elements Using Operations,https://leetcode.com/problems/minimize-or-of-remaining-elements-using-operations/description/,"HTTP 404: {""detail"":""Not Found""}"
3023,Find Pattern in Infinite Stream I,https://leetcode.com/problems/find-pattern-in-infinite-stream-i/description/,"HTTP 404: {""detail"":""Not Found""}"
3024,Type of Triangle,https://leetcode.com/problems/type-of-triangle/description/,"HTTP 404: {""detail"":""Not Found""}"
3025,Find the Number of Ways to Place People I,https://leetcode.com/problems/find-the-number-of-ways-to-place-people-i/description/,"HTTP 404: {""detail"":""Not Found""}"
3026,Maximum Good Subarray Sum,https://leetcode.com/problems/maximum-good-subarray-sum/description/,"HTTP 404: {""detail"":""Not Found""}"
3027,Find the Number of Ways to Place People II,https://leetcode.com/problems/find-the-number-of-ways-to-place-people-ii/description/,"HTTP 404: {""detail"":""Not Found""}"
3028,Ant on the Boundary,https://leetcode.com/problems/ant-on-the-boundary/description/,"HTTP 404: {""detail"":""Not Found""}"
3029,Minimum Time to Revert Word to Initial State I,https://leetcode.com/problems/minimum-time-to-revert-word-to-initial-state-i/description/,"HTTP 404: {""detail"":""Not Found""}"
3030,Find the Grid of Region Average,https://leetcode.com/problems/find-the-grid-of-region-average/description/,"HTTP 404: {""detail"":""Not Found""}"
3031,Minimum Time to Revert Word to Initial State II,https://leetcode.com/problems/minimum-time-to-revert-word-to-initial-state-ii/description/,"HTTP 404: {""detail"":""Not Found""}"
3032,Count Numbers With Unique Digits II,https://leetcode.com/problems/count-numbers-with-unique-digits-ii/description/,"HTTP 404: {""detail"":""Not Found""}"
3033,Modify the Matrix,https://leetcode.com/problems/modify-the-matrix/description/,"HTTP 404: {""detail"":""Not Found""}"
3034,Number of Subarrays That Match a Pattern I,https://leetcode.com/problems/number-of-subarrays-that-match-a-pattern-i/description/,"HTTP 404: {""detail"":""Not Found""}"
3035,Maximum Palindromes After Operations,https://leetcode.com/problems/maximum-palindromes-after-operations/description/,"HTTP 404: {""detail"":""Not Found""}"
3036,Number of Subarrays That Match a Pattern II,https://leetcode.com/problems/number-of-subarrays-that-match-a-pattern-ii/description/,"HTTP 404: {""detail"":""Not Found""}"
3037,Find Pattern in Infinite Stream II,https://leetcode.com/problems/find-pattern-in-infinite-stream-ii/description/,"HTTP 404: {""detail"":""Not Found""}"
3038,Maximum Number of Operations With the Same Score I,https://leetcode.com/problems/maximum-number-of-operations-with-the-same-score-i/description/,"HTTP 404: {""detail"":""Not Found""}"
3039,Apply Operations to Make String Empty,https://leetcode.com/problems/apply-operations-to-make-string-empty/description/,"HTTP 404: {""detail"":""Not Found""}"
3040,Maximum Number of Operations With the Same Score II,https://leetcode.com/problems/maximum-number-of-operations-with-the-same-score-ii/description/,"HTTP 404: {""detail"":""Not Found""}"
3041,Maximize Consecutive Elements in an Array After Modification,https://leetcode.com/problems/maximize-consecutive-elements-in-an-array-after-modification/description/,"HTTP 404: {""detail"":""Not Found""}"
3042,Count Prefix and Suffix Pairs I,https://leetcode.com/problems/count-prefix-and-suffix-pairs-i/description/,"HTTP 404: {""detail"":""Not Found""}"
3043,Find the Length of the Longest Common Prefix,https://leetcode.com/problems/find-the-length-of-the-longest-common-prefix/description/,"HTTP 404: {""detail"":""Not Found""}"
3044,Most Frequent Prime,https://leetcode.com/problems/most-frequent-prime/description/,"HTTP 404: {""detail"":""Not Found""}"
3045,Count Prefix and Suffix Pairs II,https://leetcode.com/problems/count-prefix-and-suffix-pairs-ii/description/,"HTTP 404: {""detail"":""Not Found""}"
3046,Split the Array,https://leetcode.com/problems/split-the-array/description/,"HTTP 404: {""detail"":""Not Found""}"
3047,Find the Largest Area of Square Inside Two Rectangles,https://leetcode.com/problems/find-the-largest-area-of-square-inside-two-rectangles/description/,"HTTP 404: {""detail"":""Not Found""}"
3048,Earliest Second to Mark Indices I,https://leetcode.com/problems/earliest-second-to-mark-indices-i/description/,"HTTP 404: {""detail"":""Not Found""}"
3049,Earliest Second to Mark Indices II,https://leetcode.com/problems/earliest-second-to-mark-indices-ii/description/,"HTTP 404: {""detail"":""Not Found""}"
3050,Pizza Toppings Cost Analysis,https://leetcode.com/problems/pizza-toppings-cost-analysis/description/,"HTTP 404: {""detail"":""Not Found""}"
3051,Find Candidates for Data Scientist Position,https://leetcode.com/problems/find-candidates-for-data-scientist-position/description/,"HTTP 404: {""detail"":""Not Found""}"
3052,Maximize Items,https://leetcode.com/problems/maximize-items/description/,"HTTP 404: {""detail"":""Not Found""}"
3053,Classifying Triangles by Lengths,https://leetcode.com/problems/classifying-triangles-by-lengths/description/,"HTTP 404: {""detail"":""Not Found""}"
3054,Binary Tree Nodes,https://leetcode.com/problems/binary-tree-nodes/description/,"HTTP 404: {""detail"":""Not Found""}"
3055,Top Percentile Fraud,https://leetcode.com/problems/top-percentile-fraud/description/,"HTTP 404: {""detail"":""Not Found""}"
3056,Snaps Analysis,https://leetcode.com/problems/snaps-analysis/description/,"HTTP 404: {""detail"":""Not Found""}"
3057,Employees Project Allocation,https://leetcode.com/problems/employees-project-allocation/description/,"HTTP 404: {""detail"":""Not Found""}"
3058,Friends With No Mutual Friends,https://leetcode.com/problems/friends-with-no-mutual-friends/description/,"HTTP 404: {""detail"":""Not Found""}"
3059,Find All Unique Email Domains,https://leetcode.com/problems/find-all-unique-email-domains/description/,"HTTP 404: {""detail"":""Not Found""}"
3060,User Activities within Time Bounds,https://leetcode.com/problems/user-activities-within-time-bounds/description/,"HTTP 404: {""detail"":""Not Found""}"
3061,Calculate Trapping Rain Water,https://leetcode.com/problems/calculate-trapping-rain-water/description/,"HTTP 404: {""detail"":""Not Found""}"
3062,Winner of the Linked List Game,https://leetcode.com/problems/winner-of-the-linked-list-game/description/,"HTTP 404: {""detail"":""Not Found""}"
3063,Linked List Frequency,https://leetcode.com/problems/linked-list-frequency/description/,"HTTP 404: {""detail"":""Not Found""}"
3064,Guess the Number Using Bitwise Questions I,https://leetcode.com/problems/guess-the-number-using-bitwise-questions-i/description/,"HTTP 404: {""detail"":""Not Found""}"
3065,Minimum Operations to Exceed Threshold Value I,https://leetcode.com/problems/minimum-operations-to-exceed-threshold-value-i/description/,"HTTP 404: {""detail"":""Not Found""}"
3066,Minimum Operations to Exceed Threshold Value II,https://leetcode.com/problems/minimum-operations-to-exceed-threshold-value-ii/description/,"HTTP 404: {""detail"":""Not Found""}"
3067,Count Pairs of Connectable Servers in a Weighted Tree Network,https://leetcode.com/problems/count-pairs-of-connectable-servers-in-a-weighted-tree-network/description/,"HTTP 404: {""detail"":""Not Found""}"
3068,Find the Maximum Sum of Node Values,https://leetcode.com/problems/find-the-maximum-sum-of-node-values/description/,"HTTP 404: {""detail"":""Not Found""}"
3069,Distribute Elements Into Two Arrays I,https://leetcode.com/problems/distribute-elements-into-two-arrays-i/description/,"HTTP 404: {""detail"":""Not Found""}"
3070,Count Submatrices with Top-Left Element and Sum Less Than k,https://leetcode.com/problems/count-submatrices-with-top-left-element-and-sum-less-than-k/description/,"HTTP 404: {""detail"":""Not Found""}"
3071,Minimum Operations to Write the Letter Y on a Grid,https://leetcode.com/problems/minimum-operations-to-write-the-letter-y-on-a-grid/description/,"HTTP 404: {""detail"":""Not Found""}"
3072,Distribute Elements Into Two Arrays II,https://leetcode.com/problems/distribute-elements-into-two-arrays-ii/description/,"HTTP 404: {""detail"":""Not Found""}"
3073,Maximum Increasing Triplet Value,https://leetcode.com/problems/maximum-increasing-triplet-value/description/,"HTTP 404: {""detail"":""Not Found""}"
3074,Apple Redistribution into Boxes,https://leetcode.com/problems/apple-redistribution-into-boxes/description/,"HTTP 404: {""detail"":""Not Found""}"
3075,Maximize Happiness of Selected Children,https://leetcode.com/problems/maximize-happiness-of-selected-children/description/,"HTTP 404: {""detail"":""Not Found""}"
3076,Shortest Uncommon Substring in an Array,https://leetcode.com/problems/shortest-uncommon-substring-in-an-array/description/,"HTTP 404: {""detail"":""Not Found""}"
3077,Maximum Strength of K Disjoint Subarrays,https://leetcode.com/problems/maximum-strength-of-k-disjoint-subarrays/description/,"HTTP 404: {""detail"":""Not Found""}"
3078,Match Alphanumerical Pattern in Matrix I,https://leetcode.com/problems/match-alphanumerical-pattern-in-matrix-i/description/,"HTTP 404: {""detail"":""Not Found""}"
3079,Find the Sum of Encrypted Integers,https://leetcode.com/problems/find-the-sum-of-encrypted-integers/description/,"HTTP 404: {""detail"":""Not Found""}"
3080,Mark Elements on Array by Performing Queries,https://leetcode.com/problems/mark-elements-on-array-by-performing-queries/description/,"HTTP 404: {""detail"":""Not Found""}"
3081,Replace Question Marks in String to Minimize Its Value,https://leetcode.com/problems/replace-question-marks-in-string-to-minimize-its-value/description/,"HTTP 404: {""detail"":""Not Found""}"
3082,Find the Sum of the Power of All Subsequences,https://leetcode.com/problems/find-the-sum-of-the-power-of-all-subsequences/description/,"HTTP 404: {""detail"":""Not Found""}"
3083,Existence of a Substring in a String and Its Reverse,https://leetcode.com/problems/existence-of-a-substring-in-a-string-and-its-reverse/description/,"HTTP 404: {""detail"":""Not Found""}"
3084,Count Substrings Starting and Ending with Given Character,https://leetcode.com/problems/count-substrings-starting-and-ending-with-given-character/description/,"HTTP 404: {""detail"":""Not Found""}"
3085,Minimum Deletions to Make String K-Special,https://leetcode.com/problems/minimum-deletions-to-make-string-k-special/description/,"HTTP 404: {""detail"":""Not Found""}"
3086,Minimum Moves to Pick K Ones,https://leetcode.com/problems/minimum-moves-to-pick-k-ones/description/,"HTTP 404: {""detail"":""Not Found""}"
3087,Find Trending Hashtags,https://leetcode.com/problems/find-trending-hashtags/description/,"HTTP 404: {""detail"":""Not Found""}"
3088,Make String Anti-palindrome,https://leetcode.com/problems/make-string-anti-palindrome/description/,"HTTP 404: {""detail"":""Not Found""}"
3089,Find Bursty Behavior,https://leetcode.com/problems/find-bursty-behavior/description/,"HTTP 404: {""detail"":""Not Found""}"
3090,Maximum Length Substring With Two Occurrences,https://leetcode.com/problems/maximum-length-substring-with-two-occurrences/description/,"HTTP 404: {""detail"":""Not Found""}"
3091,Apply Operations to Make Sum of Array Greater Than or Equal to k,https://leetcode.com/problems/apply-operations-to-make-sum-of-array-greater-than-or-equal-to-k/description/,"HTTP 404: {""detail"":""Not Found""}"
3092,Most Frequent IDs,https://leetcode.com/problems/most-frequent-ids/description/,"HTTP 404: {""detail"":""Not Found""}"
3093,Longest Common Suffix Queries,https://leetcode.com/problems/longest-common-suffix-queries/description/,"HTTP 404: {""detail"":""Not Found""}"
3094,Guess the Number Using Bitwise Questions II,https://leetcode.com/problems/guess-the-number-using-bitwise-questions-ii/description/,"HTTP 404: {""detail"":""Not Found""}"
3095,Shortest Subarray With OR at Least K I,https://leetcode.com/problems/shortest-subarray-with-or-at-least-k-i/description/,"HTTP 404: {""detail"":""Not Found""}"
3096,Minimum Levels to Gain More Points,https://leetcode.com/problems/minimum-levels-to-gain-more-points/description/,"HTTP 404: {""detail"":""Not Found""}"
3097,Shortest Subarray With OR at Least K II,https://leetcode.com/problems/shortest-subarray-with-or-at-least-k-ii/description/,"HTTP 404: {""detail"":""Not Found""}"
3098,Find the Sum of Subsequence Powers,https://leetcode.com/problems/find-the-sum-of-subsequence-powers/description/,"HTTP 404: {""detail"":""Not Found""}"
3099,Harshad Number,https://leetcode.com/problems/harshad-number/description/,"HTTP 404: {""detail"":""Not Found""}"
3100,Water Bottles II,https://leetcode.com/problems/water-bottles-ii/description/,"HTTP 404: {""detail"":""Not Found""}"
3101,Count Alternating Subarrays,https://leetcode.com/problems/count-alternating-subarrays/description/,"HTTP 404: {""detail"":""Not Found""}"
3102,Minimize Manhattan Distances,https://leetcode.com/problems/minimize-manhattan-distances/description/,"HTTP 404: {""detail"":""Not Found""}"
3103,Find Trending Hashtags II ,https://leetcode.com/problems/find-trending-hashtags-ii/description/,"HTTP 404: {""detail"":""Not Found""}"
3104,Find Longest Self-Contained Substring,https://leetcode.com/problems/find-longest-self-contained-substring/description/,"HTTP 404: {""detail"":""Not Found""}"
3105,Longest Strictly Increasing or Strictly Decreasing Subarray,https://leetcode.com/problems/longest-strictly-increasing-or-strictly-decreasing-subarray/description/,"HTTP 404: {""detail"":""Not Found""}"
3106,Lexicographically Smallest String After Operations With Constraint,https://leetcode.com/problems/lexicographically-smallest-string-after-operations-with-constraint/description/,"HTTP 404: {""detail"":""Not Found""}"
3107,Minimum Operations to Make Median of Array Equal to K,https://leetcode.com/problems/minimum-operations-to-make-median-of-array-equal-to-k/description/,"HTTP 404: {""detail"":""Not Found""}"
3108,Minimum Cost Walk in Weighted Graph,https://leetcode.com/problems/minimum-cost-walk-in-weighted-graph/description/,"HTTP 404: {""detail"":""Not Found""}"
3109,Find the Index of Permutation,https://leetcode.com/problems/find-the-index-of-permutation/description/,"HTTP 404: {""detail"":""Not Found""}"
3110,Score of a String,https://leetcode.com/problems/score-of-a-string/description/,"HTTP 404: {""detail"":""Not Found""}"
3111,Minimum Rectangles to Cover Points,https://leetcode.com/problems/minimum-rectangles-to-cover-points/description/,"HTTP 404: {""detail"":""Not Found""}"
3112,Minimum Time to Visit Disappearing Nodes,https://leetcode.com/problems/minimum-time-to-visit-disappearing-nodes/description/,"HTTP 404: {""detail"":""Not Found""}"
3113,Find the Number of Subarrays Where Boundary Elements Are Maximum,https://leetcode.com/problems/find-the-number-of-subarrays-where-boundary-elements-are-maximum/description/,"HTTP 404: {""detail"":""Not Found""}"
3114,Latest Time You Can Obtain After Replacing Characters,https://leetcode.com/problems/latest-time-you-can-obtain-after-replacing-characters/description/,"HTTP 404: {""detail"":""Not Found""}"
3115,Maximum Prime Difference,https://leetcode.com/problems/maximum-prime-difference/description/,"HTTP 404: {""detail"":""Not Found""}"
3116,Kth Smallest Amount With Single Denomination Combination,https://leetcode.com/problems/kth-smallest-amount-with-single-denomination-combination/description/,"HTTP 404: {""detail"":""Not Found""}"
3117,Minimum Sum of Values by Dividing Array,https://leetcode.com/problems/minimum-sum-of-values-by-dividing-array/description/,"HTTP 404: {""detail"":""Not Found""}"
3118,Friday Purchase III ,https://leetcode.com/problems/friday-purchase-iii/description/,"HTTP 404: {""detail"":""Not Found""}"
3119,Maximum Number of Potholes That Can Be Fixed,https://leetcode.com/problems/maximum-number-of-potholes-that-can-be-fixed/description/,"HTTP 404: {""detail"":""Not Found""}"
3120,Count the Number of Special Characters I,https://leetcode.com/problems/count-the-number-of-special-characters-i/description/,"HTTP 404: {""detail"":""Not Found""}"
3121,Count the Number of Special Characters II,https://leetcode.com/problems/count-the-number-of-special-characters-ii/description/,"HTTP 404: {""detail"":""Not Found""}"
3122,Minimum Number of Operations to Satisfy Conditions,https://leetcode.com/problems/minimum-number-of-operations-to-satisfy-conditions/description/,"HTTP 404: {""detail"":""Not Found""}"
3123,Find Edges in Shortest Paths,https://leetcode.com/problems/find-edges-in-shortest-paths/description/,"HTTP 404: {""detail"":""Not Found""}"
3124,Find Longest Calls,https://leetcode.com/problems/find-longest-calls/description/,"HTTP 404: {""detail"":""Not Found""}"
3125,Maximum Number That Makes Result of Bitwise AND Zero,https://leetcode.com/problems/maximum-number-that-makes-result-of-bitwise-and-zero/description/,"HTTP 404: {""detail"":""Not Found""}"
3126,Server Utilization Time,https://leetcode.com/problems/server-utilization-time/description/,"HTTP 404: {""detail"":""Not Found""}"
3127,Make a Square with the Same Color,https://leetcode.com/problems/make-a-square-with-the-same-color/description/,"HTTP 404: {""detail"":""Not Found""}"
3128,Right Triangles,https://leetcode.com/problems/right-triangles/description/,"HTTP 404: {""detail"":""Not Found""}"
3129,Find All Possible Stable Binary Arrays I,https://leetcode.com/problems/find-all-possible-stable-binary-arrays-i/description/,"HTTP 404: {""detail"":""Not Found""}"
3130,Find All Possible Stable Binary Arrays II,https://leetcode.com/problems/find-all-possible-stable-binary-arrays-ii/description/,"HTTP 404: {""detail"":""Not Found""}"
3131,Find the Integer Added to Array I,https://leetcode.com/problems/find-the-integer-added-to-array-i/description/,"HTTP 404: {""detail"":""Not Found""}"
3132,Find the Integer Added to Array II,https://leetcode.com/problems/find-the-integer-added-to-array-ii/description/,"HTTP 404: {""detail"":""Not Found""}"
3133,Minimum Array End,https://leetcode.com/problems/minimum-array-end/description/,"HTTP 404: {""detail"":""Not Found""}"
3134,Find the Median of the Uniqueness Array,https://leetcode.com/problems/find-the-median-of-the-uniqueness-array/description/,"HTTP 404: {""detail"":""Not Found""}"
3135,Equalize Strings by Adding or Removing Characters at Ends,https://leetcode.com/problems/equalize-strings-by-adding-or-removing-characters-at-ends/description/,"HTTP 404: {""detail"":""Not Found""}"
3136,Valid Word,https://leetcode.com/problems/valid-word/description/,"HTTP 404: {""detail"":""Not Found""}"
3137,Minimum Number of Operations to Make Word K-Periodic,https://leetcode.com/problems/minimum-number-of-operations-to-make-word-k-periodic/description/,"HTTP 404: {""detail"":""Not Found""}"
3138,Minimum Length of Anagram Concatenation,https://leetcode.com/problems/minimum-length-of-anagram-concatenation/description/,"HTTP 404: {""detail"":""Not Found""}"
3139,Minimum Cost to Equalize Array,https://leetcode.com/problems/minimum-cost-to-equalize-array/description/,"HTTP 404: {""detail"":""Not Found""}"
3140,Consecutive Available Seats II,https://leetcode.com/problems/consecutive-available-seats-ii/description/,"HTTP 404: {""detail"":""Not Found""}"
3141,Maximum Hamming Distances,https://leetcode.com/problems/maximum-hamming-distances/description/,"HTTP 404: {""detail"":""Not Found""}"
3142,Check if Grid Satisfies Conditions,https://leetcode.com/problems/check-if-grid-satisfies-conditions/description/,"HTTP 404: {""detail"":""Not Found""}"
3143,Maximum Points Inside the Square,https://leetcode.com/problems/maximum-points-inside-the-square/description/,"HTTP 404: {""detail"":""Not Found""}"
3144,Minimum Substring Partition of Equal Character Frequency,https://leetcode.com/problems/minimum-substring-partition-of-equal-character-frequency/description/,"HTTP 404: {""detail"":""Not Found""}"
3145,Find Products of Elements of Big Array,https://leetcode.com/problems/find-products-of-elements-of-big-array/description/,"HTTP 404: {""detail"":""Not Found""}"
3146,Permutation Difference between Two Strings,https://leetcode.com/problems/permutation-difference-between-two-strings/description/,"HTTP 404: {""detail"":""Not Found""}"
3147,Taking Maximum Energy From the Mystic Dungeon,https://leetcode.com/problems/taking-maximum-energy-from-the-mystic-dungeon/description/,"HTTP 404: {""detail"":""Not Found""}"
3148,Maximum Difference Score in a Grid,https://leetcode.com/problems/maximum-difference-score-in-a-grid/description/,"HTTP 404: {""detail"":""Not Found""}"
3149,Find the Minimum Cost Array Permutation,https://leetcode.com/problems/find-the-minimum-cost-array-permutation/description/,"HTTP 404: {""detail"":""Not Found""}"
3150,Invalid Tweets II,https://leetcode.com/problems/invalid-tweets-ii/description/,"HTTP 404: {""detail"":""Not Found""}"
3151,Special Array I,https://leetcode.com/problems/special-array-i/description/,"HTTP 404: {""detail"":""Not Found""}"
3152,Special Array II,https://leetcode.com/problems/special-array-ii/description/,"HTTP 404: {""detail"":""Not Found""}"
3153,Sum of Digit Differences of All Pairs,https://leetcode.com/problems/sum-of-digit-differences-of-all-pairs/description/,"HTTP 404: {""detail"":""Not Found""}"
3154,Find Number of Ways to Reach the K-th Stair,https://leetcode.com/problems/find-number-of-ways-to-reach-the-k-th-stair/description/,"HTTP 404: {""detail"":""Not Found""}"
3155,Maximum Number of Upgradable Servers,https://leetcode.com/problems/maximum-number-of-upgradable-servers/description/,"HTTP 404: {""detail"":""Not Found""}"
3156,Employee Task Duration and Concurrent Tasks,https://leetcode.com/problems/employee-task-duration-and-concurrent-tasks/description/,"HTTP 404: {""detail"":""Not Found""}"
3157,Find the Level of Tree with Minimum Sum,https://leetcode.com/problems/find-the-level-of-tree-with-minimum-sum/description/,"HTTP 404: {""detail"":""Not Found""}"
3158,Find the XOR of Numbers Which Appear Twice,https://leetcode.com/problems/find-the-xor-of-numbers-which-appear-twice/description/,"HTTP 404: {""detail"":""Not Found""}"
3159,Find Occurrences of an Element in an Array,https://leetcode.com/problems/find-occurrences-of-an-element-in-an-array/description/,"HTTP 404: {""detail"":""Not Found""}"
3160,Find the Number of Distinct Colors Among the Balls,https://leetcode.com/problems/find-the-number-of-distinct-colors-among-the-balls/description/,"HTTP 404: {""detail"":""Not Found""}"
3161,Block Placement Queries,https://leetcode.com/problems/block-placement-queries/description/,"HTTP 404: {""detail"":""Not Found""}"
3162,Find the Number of Good Pairs I,https://leetcode.com/problems/find-the-number-of-good-pairs-i/description/,"HTTP 404: {""detail"":""Not Found""}"
3163,String Compression III,https://leetcode.com/problems/string-compression-iii/description/,"HTTP 404: {""detail"":""Not Found""}"
3164,Find the Number of Good Pairs II,https://leetcode.com/problems/find-the-number-of-good-pairs-ii/description/,"HTTP 404: {""detail"":""Not Found""}"
3165,Maximum Sum of Subsequence With Non-adjacent Elements,https://leetcode.com/problems/maximum-sum-of-subsequence-with-non-adjacent-elements/description/,"HTTP 404: {""detail"":""Not Found""}"
3166,Calculate Parking Fees and Duration,https://leetcode.com/problems/calculate-parking-fees-and-duration/description/,"HTTP 404: {""detail"":""Not Found""}"
3167,Better Compression of String,https://leetcode.com/problems/better-compression-of-string/description/,"HTTP 404: {""detail"":""Not Found""}"
3168,Minimum Number of Chairs in a Waiting Room,https://leetcode.com/problems/minimum-number-of-chairs-in-a-waiting-room/description/,"HTTP 404: {""detail"":""Not Found""}"
3169,Count Days Without Meetings,https://leetcode.com/problems/count-days-without-meetings/description/,"HTTP 404: {""detail"":""Not Found""}"
3170,Lexicographically Minimum String After Removing Stars,https://leetcode.com/problems/lexicographically-minimum-string-after-removing-stars/description/,"HTTP 404: {""detail"":""Not Found""}"
3171,Find Subarray With Bitwise OR Closest to K,https://leetcode.com/problems/find-subarray-with-bitwise-or-closest-to-k/description/,"HTTP 404: {""detail"":""Not Found""}"
3172,Second Day Verification,https://leetcode.com/problems/second-day-verification/description/,"HTTP 404: {""detail"":""Not Found""}"
3173,Bitwise OR of Adjacent Elements,https://leetcode.com/problems/bitwise-or-of-adjacent-elements/description/,"HTTP 404: {""detail"":""Not Found""}"
3174,Clear Digits,https://leetcode.com/problems/clear-digits/description/,"HTTP 404: {""detail"":""Not Found""}"
3175,Find The First Player to win K Games in a Row,https://leetcode.com/problems/find-the-first-player-to-win-k-games-in-a-row/description/,"HTTP 404: {""detail"":""Not Found""}"
3176,Find the Maximum Length of a Good Subsequence I,https://leetcode.com/problems/find-the-maximum-length-of-a-good-subsequence-i/description/,"HTTP 404: {""detail"":""Not Found""}"
3177,Find the Maximum Length of a Good Subsequence II,https://leetcode.com/problems/find-the-maximum-length-of-a-good-subsequence-ii/description/,"HTTP 404: {""detail"":""Not Found""}"
3178,Find the Child Who Has the Ball After K Seconds,https://leetcode.com/problems/find-the-child-who-has-the-ball-after-k-seconds/description/,"HTTP 404: {""detail"":""Not Found""}"
3179,Find the N-th Value After K Seconds,https://leetcode.com/problems/find-the-n-th-value-after-k-seconds/description/,"HTTP 404: {""detail"":""Not Found""}"
3180,Maximum Total Reward Using Operations I,https://leetcode.com/problems/maximum-total-reward-using-operations-i/description/,"HTTP 404: {""detail"":""Not Found""}"
3181,Maximum Total Reward Using Operations II,https://leetcode.com/problems/maximum-total-reward-using-operations-ii/description/,"HTTP 404: {""detail"":""Not Found""}"
3182,Find Top Scoring Students,https://leetcode.com/problems/find-top-scoring-students/description/,"HTTP 404: {""detail"":""Not Found""}"
3183,The Number of Ways to Make the Sum,https://leetcode.com/problems/the-number-of-ways-to-make-the-sum/description/,"HTTP 404: {""detail"":""Not Found""}"
3184,Count Pairs That Form a Complete Day I,https://leetcode.com/problems/count-pairs-that-form-a-complete-day-i/description/,"HTTP 404: {""detail"":""Not Found""}"
3185,Count Pairs That Form a Complete Day II,https://leetcode.com/problems/count-pairs-that-form-a-complete-day-ii/description/,"HTTP 404: {""detail"":""Not Found""}"
3186,Maximum Total Damage With Spell Casting,https://leetcode.com/problems/maximum-total-damage-with-spell-casting/description/,"HTTP 404: {""detail"":""Not Found""}"
3187,Peaks in Array,https://leetcode.com/problems/peaks-in-array/description/,"HTTP 404: {""detail"":""Not Found""}"
3188,Find Top Scoring Students II,https://leetcode.com/problems/find-top-scoring-students-ii/description/,"HTTP 404: {""detail"":""Not Found""}"
3189,Minimum Moves to Get a Peaceful Board,https://leetcode.com/problems/minimum-moves-to-get-a-peaceful-board/description/,"HTTP 404: {""detail"":""Not Found""}"
3190,Find Minimum Operations to Make All Elements Divisible by Three,https://leetcode.com/problems/find-minimum-operations-to-make-all-elements-divisible-by-three/description/,"HTTP 404: {""detail"":""Not Found""}"
3191,Minimum Operations to Make Binary Array Elements Equal to One I,https://leetcode.com/problems/minimum-operations-to-make-binary-array-elements-equal-to-one-i/description/,"HTTP 404: {""detail"":""Not Found""}"
3192,Minimum Operations to Make Binary Array Elements Equal to One II,https://leetcode.com/problems/minimum-operations-to-make-binary-array-elements-equal-to-one-ii/description/,"HTTP 404: {""detail"":""Not Found""}"
3193,Count the Number of Inversions,https://leetcode.com/problems/count-the-number-of-inversions/description/,"HTTP 404: {""detail"":""Not Found""}"
3194,Minimum Average of Smallest and Largest Elements,https://leetcode.com/problems/minimum-average-of-smallest-and-largest-elements/description/,"HTTP 404: {""detail"":""Not Found""}"
3195,Find the Minimum Area to Cover All Ones I,https://leetcode.com/problems/find-the-minimum-area-to-cover-all-ones-i/description/,"HTTP 404: {""detail"":""Not Found""}"
3196,Maximize Total Cost of Alternating Subarrays,https://leetcode.com/problems/maximize-total-cost-of-alternating-subarrays/description/,"HTTP 404: {""detail"":""Not Found""}"
3197,Find the Minimum Area to Cover All Ones II,https://leetcode.com/problems/find-the-minimum-area-to-cover-all-ones-ii/description/,"HTTP 404: {""detail"":""Not Found""}"
3198,Find Cities in Each State,https://leetcode.com/problems/find-cities-in-each-state/description/,"HTTP 404: {""detail"":""Not Found""}"
3199,Count Triplets with Even XOR Set Bits I,https://leetcode.com/problems/count-triplets-with-even-xor-set-bits-i/description/,"HTTP 404: {""detail"":""Not Found""}"
3200,Maximum Height of a Triangle,https://leetcode.com/problems/maximum-height-of-a-triangle/description/,"HTTP 404: {""detail"":""Not Found""}"
3201,Find the Maximum Length of Valid Subsequence I,https://leetcode.com/problems/find-the-maximum-length-of-valid-subsequence-i/description/,"HTTP 404: {""detail"":""Not Found""}"
3202,Find the Maximum Length of Valid Subsequence II,https://leetcode.com/problems/find-the-maximum-length-of-valid-subsequence-ii/description/,"HTTP 404: {""detail"":""Not Found""}"
3203,Find Minimum Diameter After Merging Two Trees,https://leetcode.com/problems/find-minimum-diameter-after-merging-two-trees/description/,"HTTP 404: {""detail"":""Not Found""}"
3204,Bitwise User Permissions Analysis,https://leetcode.com/problems/bitwise-user-permissions-analysis/description/,"HTTP 404: {""detail"":""Not Found""}"
3205,Maximum Array Hopping Score I,https://leetcode.com/problems/maximum-array-hopping-score-i/description/,"HTTP 404: {""detail"":""Not Found""}"
3206,Alternating Groups I,https://leetcode.com/problems/alternating-groups-i/description/,"HTTP 404: {""detail"":""Not Found""}"
3207,Maximum Points After Enemy Battles,https://leetcode.com/problems/maximum-points-after-enemy-battles/description/,"HTTP 404: {""detail"":""Not Found""}"
3208,Alternating Groups II,https://leetcode.com/problems/alternating-groups-ii/description/,"HTTP 404: {""detail"":""Not Found""}"
3209,Number of Subarrays With AND Value of K,https://leetcode.com/problems/number-of-subarrays-with-and-value-of-k/description/,"HTTP 404: {""detail"":""Not Found""}"
3210,Find the Encrypted String,https://leetcode.com/problems/find-the-encrypted-string/description/,"HTTP 404: {""detail"":""Not Found""}"
3211,Generate Binary Strings Without Adjacent Zeros,https://leetcode.com/problems/generate-binary-strings-without-adjacent-zeros/description/,"HTTP 404: {""detail"":""Not Found""}"
3212,Count Submatrices With Equal Frequency of X and Y,https://leetcode.com/problems/count-submatrices-with-equal-frequency-of-x-and-y/description/,"HTTP 404: {""detail"":""Not Found""}"
3213,Construct String with Minimum Cost,https://leetcode.com/problems/construct-string-with-minimum-cost/description/,"HTTP 404: {""detail"":""Not Found""}"
3214,Year on Year Growth Rate,https://leetcode.com/problems/year-on-year-growth-rate/description/,"HTTP 404: {""detail"":""Not Found""}"
3215,Count Triplets with Even XOR Set Bits II,https://leetcode.com/problems/count-triplets-with-even-xor-set-bits-ii/description/,"HTTP 404: {""detail"":""Not Found""}"
3216,Lexicographically Smallest String After a Swap,https://leetcode.com/problems/lexicographically-smallest-string-after-a-swap/description/,"HTTP 404: {""detail"":""Not Found""}"
3217,Delete Nodes From Linked List Present in Array,https://leetcode.com/problems/delete-nodes-from-linked-list-present-in-array/description/,"HTTP 404: {""detail"":""Not Found""}"
3218,Minimum Cost for Cutting Cake I,https://leetcode.com/problems/minimum-cost-for-cutting-cake-i/description/,"HTTP 404: {""detail"":""Not Found""}"
3219,Minimum Cost for Cutting Cake II,https://leetcode.com/problems/minimum-cost-for-cutting-cake-ii/description/,"HTTP 404: {""detail"":""Not Found""}"
3220,Odd and Even Transactions,https://leetcode.com/problems/odd-and-even-transactions/description/,"HTTP 404: {""detail"":""Not Found""}"
3221,Maximum Array Hopping Score II,https://leetcode.com/problems/maximum-array-hopping-score-ii/description/,"HTTP 404: {""detail"":""Not Found""}"
3222,Find the Winning Player in Coin Game,https://leetcode.com/problems/find-the-winning-player-in-coin-game/description/,"HTTP 404: {""detail"":""Not Found""}"
3223,Minimum Length of String After Operations,https://leetcode.com/problems/minimum-length-of-string-after-operations/description/,"HTTP 404: {""detail"":""Not Found""}"
3224,Minimum Array Changes to Make Differences Equal,https://leetcode.com/problems/minimum-array-changes-to-make-differences-equal/description/,"HTTP 404: {""detail"":""Not Found""}"
3225,Maximum Score From Grid Operations,https://leetcode.com/problems/maximum-score-from-grid-operations/description/,"HTTP 404: {""detail"":""Not Found""}"
3226,Number of Bit Changes to Make Two Integers Equal,https://leetcode.com/problems/number-of-bit-changes-to-make-two-integers-equal/description/,"HTTP 404: {""detail"":""Not Found""}"
3227,Vowels Game in a String,https://leetcode.com/problems/vowels-game-in-a-string/description/,"HTTP 404: {""detail"":""Not Found""}"
3228,Maximum Number of Operations to Move Ones to the End,https://leetcode.com/problems/maximum-number-of-operations-to-move-ones-to-the-end/description/,"HTTP 404: {""detail"":""Not Found""}"
3229,Minimum Operations to Make Array Equal to Target,https://leetcode.com/problems/minimum-operations-to-make-array-equal-to-target/description/,"HTTP 404: {""detail"":""Not Found""}"
3230,Customer Purchasing Behavior Analysis,https://leetcode.com/problems/customer-purchasing-behavior-analysis/description/,"HTTP 404: {""detail"":""Not Found""}"
3231,Minimum Number of Increasing Subsequence to Be Removed,https://leetcode.com/problems/minimum-number-of-increasing-subsequence-to-be-removed/description/,"HTTP 404: {""detail"":""Not Found""}"
3232,Find if Digit Game Can Be Won,https://leetcode.com/problems/find-if-digit-game-can-be-won/description/,"HTTP 404: {""detail"":""Not Found""}"
3233,Find the Count of Numbers Which Are Not Special,https://leetcode.com/problems/find-the-count-of-numbers-which-are-not-special/description/,"HTTP 404: {""detail"":""Not Found""}"
3234,Count the Number of Substrings With Dominant Ones,https://leetcode.com/problems/count-the-number-of-substrings-with-dominant-ones/description/,"HTTP 404: {""detail"":""Not Found""}"
3235,Check if the Rectangle Corner Is Reachable,https://leetcode.com/problems/check-if-the-rectangle-corner-is-reachable/description/,"HTTP 404: {""detail"":""Not Found""}"
3236,CEO Subordinate Hierarchy,https://leetcode.com/problems/ceo-subordinate-hierarchy/description/,"HTTP 404: {""detail"":""Not Found""}"
3237,Alt and Tab Simulation,https://leetcode.com/problems/alt-and-tab-simulation/description/,"HTTP 404: {""detail"":""Not Found""}"
3238,Find the Number of Winning Players,https://leetcode.com/problems/find-the-number-of-winning-players/description/,"HTTP 404: {""detail"":""Not Found""}"
3239,Minimum Number of Flips to Make Binary Grid Palindromic I,https://leetcode.com/problems/minimum-number-of-flips-to-make-binary-grid-palindromic-i/description/,"HTTP 404: {""detail"":""Not Found""}"
3240,Minimum Number of Flips to Make Binary Grid Palindromic II,https://leetcode.com/problems/minimum-number-of-flips-to-make-binary-grid-palindromic-ii/description/,"HTTP 404: {""detail"":""Not Found""}"
3241,Time Taken to Mark All Nodes,https://leetcode.com/problems/time-taken-to-mark-all-nodes/description/,"HTTP 404: {""detail"":""Not Found""}"
3242,Design Neighbor Sum Service,https://leetcode.com/problems/design-neighbor-sum-service/description/,"HTTP 404: {""detail"":""Not Found""}"
3243,Shortest Distance After Road Addition Queries I,https://leetcode.com/problems/shortest-distance-after-road-addition-queries-i/description/,"HTTP 404: {""detail"":""Not Found""}"
3244,Shortest Distance After Road Addition Queries II,https://leetcode.com/problems/shortest-distance-after-road-addition-queries-ii/description/,"HTTP 404: {""detail"":""Not Found""}"
3245,Alternating Groups III,https://leetcode.com/problems/alternating-groups-iii/description/,"HTTP 404: {""detail"":""Not Found""}"
3246,Premier League Table Ranking,https://leetcode.com/problems/premier-league-table-ranking/description/,"HTTP 404: {""detail"":""Not Found""}"
3247,Number of Subsequences with Odd Sum,https://leetcode.com/problems/number-of-subsequences-with-odd-sum/description/,"HTTP 404: {""detail"":""Not Found""}"
3248,Snake in Matrix,https://leetcode.com/problems/snake-in-matrix/description/,"HTTP 404: {""detail"":""Not Found""}"
3249,Count the Number of Good Nodes,https://leetcode.com/problems/count-the-number-of-good-nodes/description/,"HTTP 404: {""detail"":""Not Found""}"
3250,Find the Count of Monotonic Pairs I,https://leetcode.com/problems/find-the-count-of-monotonic-pairs-i/description/,"HTTP 404: {""detail"":""Not Found""}"
3251,Find the Count of Monotonic Pairs II,https://leetcode.com/problems/find-the-count-of-monotonic-pairs-ii/description/,"HTTP 404: {""detail"":""Not Found""}"
3252,Premier League Table Ranking II,https://leetcode.com/problems/premier-league-table-ranking-ii/description/,"HTTP 404: {""detail"":""Not Found""}"
3253,Construct String with Minimum Cost (Easy),https://leetcode.com/problems/construct-string-with-minimum-cost-easy/description/,"HTTP 404: {""detail"":""Not Found""}"
3254,Find the Power of K-Size Subarrays I,https://leetcode.com/problems/find-the-power-of-k-size-subarrays-i/description/,"HTTP 404: {""detail"":""Not Found""}"
3255,Find the Power of K-Size Subarrays II,https://leetcode.com/problems/find-the-power-of-k-size-subarrays-ii/description/,"HTTP 404: {""detail"":""Not Found""}"
3256,Maximum Value Sum by Placing Three Rooks I,https://leetcode.com/problems/maximum-value-sum-by-placing-three-rooks-i/description/,"HTTP 404: {""detail"":""Not Found""}"
3257,Maximum Value Sum by Placing Three Rooks II,https://leetcode.com/problems/maximum-value-sum-by-placing-three-rooks-ii/description/,"HTTP 404: {""detail"":""Not Found""}"
3258,Count Substrings That Satisfy K-Constraint I,https://leetcode.com/problems/count-substrings-that-satisfy-k-constraint-i/description/,"HTTP 404: {""detail"":""Not Found""}"
3259,Maximum Energy Boost From Two Drinks,https://leetcode.com/problems/maximum-energy-boost-from-two-drinks/description/,"HTTP 404: {""detail"":""Not Found""}"
3260,Find the Largest Palindrome Divisible by K,https://leetcode.com/problems/find-the-largest-palindrome-divisible-by-k/description/,"HTTP 404: {""detail"":""Not Found""}"
3261,Count Substrings That Satisfy K-Constraint II,https://leetcode.com/problems/count-substrings-that-satisfy-k-constraint-ii/description/,"HTTP 404: {""detail"":""Not Found""}"
3262,Find Overlapping Shifts,https://leetcode.com/problems/find-overlapping-shifts/description/,"HTTP 404: {""detail"":""Not Found""}"
3263,Convert Doubly Linked List to Array I,https://leetcode.com/problems/convert-doubly-linked-list-to-array-i/description/,"HTTP 404: {""detail"":""Not Found""}"
3264,Final Array State After K Multiplication Operations I,https://leetcode.com/problems/final-array-state-after-k-multiplication-operations-i/description/,"HTTP 404: {""detail"":""Not Found""}"
3265,Count Almost Equal Pairs I,https://leetcode.com/problems/count-almost-equal-pairs-i/description/,"HTTP 404: {""detail"":""Not Found""}"
3266,Final Array State After K Multiplication Operations II,https://leetcode.com/problems/final-array-state-after-k-multiplication-operations-ii/description/,"HTTP 404: {""detail"":""Not Found""}"
3267,Count Almost Equal Pairs II,https://leetcode.com/problems/count-almost-equal-pairs-ii/description/,"HTTP 404: {""detail"":""Not Found""}"
3268,Find Overlapping Shifts II,https://leetcode.com/problems/find-overlapping-shifts-ii/description/,"HTTP 404: {""detail"":""Not Found""}"
3269,Constructing Two Increasing Arrays,https://leetcode.com/problems/constructing-two-increasing-arrays/description/,"HTTP 404: {""detail"":""Not Found""}"
3270,Find the Key of the Numbers,https://leetcode.com/problems/find-the-key-of-the-numbers/description/,"HTTP 404: {""detail"":""Not Found""}"
3271,Hash Divided String,https://leetcode.com/problems/hash-divided-string/description/,"HTTP 404: {""detail"":""Not Found""}"
3272,Find the Count of Good Integers,https://leetcode.com/problems/find-the-count-of-good-integers/description/,"HTTP 404: {""detail"":""Not Found""}"
3273,Minimum Amount of Damage Dealt to Bob,https://leetcode.com/problems/minimum-amount-of-damage-dealt-to-bob/description/,"HTTP 404: {""detail"":""Not Found""}"
3274,Check if Two Chessboard Squares Have the Same Color,https://leetcode.com/problems/check-if-two-chessboard-squares-have-the-same-color/description/,"HTTP 404: {""detail"":""Not Found""}"
3275,K-th Nearest Obstacle Queries,https://leetcode.com/problems/k-th-nearest-obstacle-queries/description/,"HTTP 404: {""detail"":""Not Found""}"
3276,Select Cells in Grid With Maximum Score,https://leetcode.com/problems/select-cells-in-grid-with-maximum-score/description/,"HTTP 404: {""detail"":""Not Found""}"
3277,Maximum XOR Score Subarray Queries,https://leetcode.com/problems/maximum-xor-score-subarray-queries/description/,"HTTP 404: {""detail"":""Not Found""}"
3278,Find Candidates for Data Scientist Position II,https://leetcode.com/problems/find-candidates-for-data-scientist-position-ii/description/,"HTTP 404: {""detail"":""Not Found""}"
3279,Maximum Total Area Occupied by Pistons,https://leetcode.com/problems/maximum-total-area-occupied-by-pistons/description/,"HTTP 404: {""detail"":""Not Found""}"
3280,Convert Date to Binary,https://leetcode.com/problems/convert-date-to-binary/description/,"HTTP 404: {""detail"":""Not Found""}"
3281,Maximize Score of Numbers in Ranges,https://leetcode.com/problems/maximize-score-of-numbers-in-ranges/description/,"HTTP 404: {""detail"":""Not Found""}"
3282,Reach End of Array With Max Score,https://leetcode.com/problems/reach-end-of-array-with-max-score/description/,"HTTP 404: {""detail"":""Not Found""}"
3283,Maximum Number of Moves to Kill All Pawns,https://leetcode.com/problems/maximum-number-of-moves-to-kill-all-pawns/description/,"HTTP 404: {""detail"":""Not Found""}"
3284,Sum of Consecutive Subarrays,https://leetcode.com/problems/sum-of-consecutive-subarrays/description/,"HTTP 404: {""detail"":""Not Found""}"
3285,Find Indices of Stable Mountains,https://leetcode.com/problems/find-indices-of-stable-mountains/description/,"HTTP 404: {""detail"":""Not Found""}"
3286,Find a Safe Walk Through a Grid,https://leetcode.com/problems/find-a-safe-walk-through-a-grid/description/,"HTTP 404: {""detail"":""Not Found""}"
3287,Find the Maximum Sequence Value of Array,https://leetcode.com/problems/find-the-maximum-sequence-value-of-array/description/,"HTTP 404: {""detail"":""Not Found""}"
3288,Length of the Longest Increasing Path,https://leetcode.com/problems/length-of-the-longest-increasing-path/description/,"HTTP 404: {""detail"":""Not Found""}"
3289,The Two Sneaky Numbers of Digitville,https://leetcode.com/problems/the-two-sneaky-numbers-of-digitville/description/,"HTTP 404: {""detail"":""Not Found""}"
3290,Maximum Multiplication Score,https://leetcode.com/problems/maximum-multiplication-score/description/,"HTTP 404: {""detail"":""Not Found""}"
3291,Minimum Number of Valid Strings to Form Target I,https://leetcode.com/problems/minimum-number-of-valid-strings-to-form-target-i/description/,"HTTP 404: {""detail"":""Not Found""}"
3292,Minimum Number of Valid Strings to Form Target II,https://leetcode.com/problems/minimum-number-of-valid-strings-to-form-target-ii/description/,"HTTP 404: {""detail"":""Not Found""}"
3293,Calculate Product Final Price,https://leetcode.com/problems/calculate-product-final-price/description/,"HTTP 404: {""detail"":""Not Found""}"
3294,Convert Doubly Linked List to Array II,https://leetcode.com/problems/convert-doubly-linked-list-to-array-ii/description/,"HTTP 404: {""detail"":""Not Found""}"
3295,Report Spam Message,https://leetcode.com/problems/report-spam-message/description/,"HTTP 404: {""detail"":""Not Found""}"
3296,Minimum Number of Seconds to Make Mountain Height Zero,https://leetcode.com/problems/minimum-number-of-seconds-to-make-mountain-height-zero/description/,"HTTP 404: {""detail"":""Not Found""}"
3297,Count Substrings That Can Be Rearranged to Contain a String I,https://leetcode.com/problems/count-substrings-that-can-be-rearranged-to-contain-a-string-i/description/,"HTTP 404: {""detail"":""Not Found""}"
3298,Count Substrings That Can Be Rearranged to Contain a String II,https://leetcode.com/problems/count-substrings-that-can-be-rearranged-to-contain-a-string-ii/description/,"HTTP 404: {""detail"":""Not Found""}"
3299,Sum of Consecutive Subsequences,https://leetcode.com/problems/sum-of-consecutive-subsequences/description/,"HTTP 404: {""detail"":""Not Found""}"
3300,Minimum Element After Replacement With Digit Sum,https://leetcode.com/problems/minimum-element-after-replacement-with-digit-sum/description/,"HTTP 404: {""detail"":""Not Found""}"
3301,Maximize the Total Height of Unique Towers,https://leetcode.com/problems/maximize-the-total-height-of-unique-towers/description/,"HTTP 404: {""detail"":""Not Found""}"
3302,Find the Lexicographically Smallest Valid Sequence,https://leetcode.com/problems/find-the-lexicographically-smallest-valid-sequence/description/,"HTTP 404: {""detail"":""Not Found""}"
3303,Find the Occurrence of First Almost Equal Substring,https://leetcode.com/problems/find-the-occurrence-of-first-almost-equal-substring/description/,"HTTP 404: {""detail"":""Not Found""}"
3304,Find the K-th Character in String Game I,https://leetcode.com/problems/find-the-k-th-character-in-string-game-i/description/,"HTTP 404: {""detail"":""Not Found""}"
3305,Count of Substrings Containing Every Vowel and K Consonants I,https://leetcode.com/problems/count-of-substrings-containing-every-vowel-and-k-consonants-i/description/,"HTTP 404: {""detail"":""Not Found""}"
3306,Count of Substrings Containing Every Vowel and K Consonants II,https://leetcode.com/problems/count-of-substrings-containing-every-vowel-and-k-consonants-ii/description/,"HTTP 404: {""detail"":""Not Found""}"
3307,Find the K-th Character in String Game II,https://leetcode.com/problems/find-the-k-th-character-in-string-game-ii/description/,"HTTP 404: {""detail"":""Not Found""}"
3308,Find Top Performing Driver,https://leetcode.com/problems/find-top-performing-driver/description/,"HTTP 404: {""detail"":""Not Found""}"
3309,Maximum Possible Number by Binary Concatenation,https://leetcode.com/problems/maximum-possible-number-by-binary-concatenation/description/,"HTTP 404: {""detail"":""Not Found""}"
3310,Remove Methods From Project,https://leetcode.com/problems/remove-methods-from-project/description/,"HTTP 404: {""detail"":""Not Found""}"
3311,Construct 2D Grid Matching Graph Layout,https://leetcode.com/problems/construct-2d-grid-matching-graph-layout/description/,"HTTP 404: {""detail"":""Not Found""}"
3312,Sorted GCD Pair Queries,https://leetcode.com/problems/sorted-gcd-pair-queries/description/,"HTTP 404: {""detail"":""Not Found""}"
3313,Find the Last Marked Nodes in Tree,https://leetcode.com/problems/find-the-last-marked-nodes-in-tree/description/,"HTTP 404: {""detail"":""Not Found""}"
3314,Construct the Minimum Bitwise Array I,https://leetcode.com/problems/construct-the-minimum-bitwise-array-i/description/,"HTTP 404: {""detail"":""Not Found""}"
3315,Construct the Minimum Bitwise Array II,https://leetcode.com/problems/construct-the-minimum-bitwise-array-ii/description/,"HTTP 404: {""detail"":""Not Found""}"
3316,Find Maximum Removals From Source String,https://leetcode.com/problems/find-maximum-removals-from-source-string/description/,"HTTP 404: {""detail"":""Not Found""}"
3317,Find the Number of Possible Ways for an Event,https://leetcode.com/problems/find-the-number-of-possible-ways-for-an-event/description/,"HTTP 404: {""detail"":""Not Found""}"
3318,Find X-Sum of All K-Long Subarrays I,https://leetcode.com/problems/find-x-sum-of-all-k-long-subarrays-i/description/,"HTTP 404: {""detail"":""Not Found""}"
3319,K-th Largest Perfect Subtree Size in Binary Tree,https://leetcode.com/problems/k-th-largest-perfect-subtree-size-in-binary-tree/description/,"HTTP 404: {""detail"":""Not Found""}"
3320,Count The Number of Winning Sequences,https://leetcode.com/problems/count-the-number-of-winning-sequences/description/,"HTTP 404: {""detail"":""Not Found""}"
3321,Find X-Sum of All K-Long Subarrays II,https://leetcode.com/problems/find-x-sum-of-all-k-long-subarrays-ii/description/,"HTTP 404: {""detail"":""Not Found""}"
3322,Premier League Table Ranking III,https://leetcode.com/problems/premier-league-table-ranking-iii/description/,"HTTP 404: {""detail"":""Not Found""}"
3323,Minimize Connected Groups by Inserting Interval,https://leetcode.com/problems/minimize-connected-groups-by-inserting-interval/description/,"HTTP 404: {""detail"":""Not Found""}"
3324,Find the Sequence of Strings Appeared on the Screen,https://leetcode.com/problems/find-the-sequence-of-strings-appeared-on-the-screen/description/,"HTTP 404: {""detail"":""Not Found""}"
3325,Count Substrings With K-Frequency Characters I,https://leetcode.com/problems/count-substrings-with-k-frequency-characters-i/description/,"HTTP 404: {""detail"":""Not Found""}"
3326,Minimum Division Operations to Make Array Non Decreasing,https://leetcode.com/problems/minimum-division-operations-to-make-array-non-decreasing/description/,"HTTP 404: {""detail"":""Not Found""}"
3327,Check if DFS Strings Are Palindromes,https://leetcode.com/problems/check-if-dfs-strings-are-palindromes/description/,"HTTP 404: {""detail"":""Not Found""}"
3328,Find Cities in Each State II,https://leetcode.com/problems/find-cities-in-each-state-ii/description/,"HTTP 404: {""detail"":""Not Found""}"
3329,Count Substrings With K-Frequency Characters II,https://leetcode.com/problems/count-substrings-with-k-frequency-characters-ii/description/,"HTTP 404: {""detail"":""Not Found""}"
3330,Find the Original Typed String I,https://leetcode.com/problems/find-the-original-typed-string-i/description/,"HTTP 404: {""detail"":""Not Found""}"
3331,Find Subtree Sizes After Changes,https://leetcode.com/problems/find-subtree-sizes-after-changes/description/,"HTTP 404: {""detail"":""Not Found""}"
3332,Maximum Points Tourist Can Earn,https://leetcode.com/problems/maximum-points-tourist-can-earn/description/,"HTTP 404: {""detail"":""Not Found""}"
3333,Find the Original Typed String II,https://leetcode.com/problems/find-the-original-typed-string-ii/description/,"HTTP 404: {""detail"":""Not Found""}"
3334,Find the Maximum Factor Score of Array,https://leetcode.com/problems/find-the-maximum-factor-score-of-array/description/,"HTTP 404: {""detail"":""Not Found""}"
3335,Total Characters in String After Transformations I,https://leetcode.com/problems/total-characters-in-string-after-transformations-i/description/,"HTTP 404: {""detail"":""Not Found""}"
3336,Find the Number of Subsequences With Equal GCD,https://leetcode.com/problems/find-the-number-of-subsequences-with-equal-gcd/description/,"HTTP 404: {""detail"":""Not Found""}"
3337,Total Characters in String After Transformations II,https://leetcode.com/problems/total-characters-in-string-after-transformations-ii/description/,"HTTP 404: {""detail"":""Not Found""}"
3338,Second Highest Salary II,https://leetcode.com/problems/second-highest-salary-ii/description/,"HTTP 404: {""detail"":""Not Found""}"
3339,Find the Number of K-Even Arrays,https://leetcode.com/problems/find-the-number-of-k-even-arrays/description/,"HTTP 404: {""detail"":""Not Found""}"
3340,Check Balanced String,https://leetcode.com/problems/check-balanced-string/description/,"HTTP 404: {""detail"":""Not Found""}"
3341,Find Minimum Time to Reach Last Room I,https://leetcode.com/problems/find-minimum-time-to-reach-last-room-i/description/,"HTTP 404: {""detail"":""Not Found""}"
3342,Find Minimum Time to Reach Last Room II,https://leetcode.com/problems/find-minimum-time-to-reach-last-room-ii/description/,"HTTP 404: {""detail"":""Not Found""}"
3343,Count Number of Balanced Permutations,https://leetcode.com/problems/count-number-of-balanced-permutations/description/,"HTTP 404: {""detail"":""Not Found""}"
3344,Maximum Sized Array,https://leetcode.com/problems/maximum-sized-array/description/,"HTTP 404: {""detail"":""Not Found""}"
3345,Smallest Divisible Digit Product I,https://leetcode.com/problems/smallest-divisible-digit-product-i/description/,"HTTP 404: {""detail"":""Not Found""}"
3346,Maximum Frequency of an Element After Performing Operations I,https://leetcode.com/problems/maximum-frequency-of-an-element-after-performing-operations-i/description/,"HTTP 404: {""detail"":""Not Found""}"
3347,Maximum Frequency of an Element After Performing Operations II,https://leetcode.com/problems/maximum-frequency-of-an-element-after-performing-operations-ii/description/,"HTTP 404: {""detail"":""Not Found""}"
3348,Smallest Divisible Digit Product II,https://leetcode.com/problems/smallest-divisible-digit-product-ii/description/,"HTTP 404: {""detail"":""Not Found""}"
3349,Adjacent Increasing Subarrays Detection I,https://leetcode.com/problems/adjacent-increasing-subarrays-detection-i/description/,"HTTP 404: {""detail"":""Not Found""}"
3350,Adjacent Increasing Subarrays Detection II,https://leetcode.com/problems/adjacent-increasing-subarrays-detection-ii/description/,"HTTP 404: {""detail"":""Not Found""}"
3351,Sum of Good Subsequences,https://leetcode.com/problems/sum-of-good-subsequences/description/,"HTTP 404: {""detail"":""Not Found""}"
3352,Count K-Reducible Numbers Less Than N,https://leetcode.com/problems/count-k-reducible-numbers-less-than-n/description/,"HTTP 404: {""detail"":""Not Found""}"
3353,Minimum Total Operations,https://leetcode.com/problems/minimum-total-operations/description/,"HTTP 404: {""detail"":""Not Found""}"
3354,Make Array Elements Equal to Zero,https://leetcode.com/problems/make-array-elements-equal-to-zero/description/,"HTTP 404: {""detail"":""Not Found""}"
3355,Zero Array Transformation I,https://leetcode.com/problems/zero-array-transformation-i/description/,"HTTP 404: {""detail"":""Not Found""}"
3356,Zero Array Transformation II,https://leetcode.com/problems/zero-array-transformation-ii/description/,"HTTP 404: {""detail"":""Not Found""}"
3357,Minimize the Maximum Adjacent Element Difference,https://leetcode.com/problems/minimize-the-maximum-adjacent-element-difference/description/,"HTTP 404: {""detail"":""Not Found""}"
3358,Books with NULL Ratings,https://leetcode.com/problems/books-with-null-ratings/description/,"HTTP 404: {""detail"":""Not Found""}"
3359,Find Sorted Submatrices With Maximum Element at Most K,https://leetcode.com/problems/find-sorted-submatrices-with-maximum-element-at-most-k/description/,"HTTP 404: {""detail"":""Not Found""}"
3360,Stone Removal Game,https://leetcode.com/problems/stone-removal-game/description/,"HTTP 404: {""detail"":""Not Found""}"
3361,Shift Distance Between Two Strings,https://leetcode.com/problems/shift-distance-between-two-strings/description/,"HTTP 404: {""detail"":""Not Found""}"
3362,Zero Array Transformation III,https://leetcode.com/problems/zero-array-transformation-iii/description/,"HTTP 404: {""detail"":""Not Found""}"
3363,Find the Maximum Number of Fruits Collected,https://leetcode.com/problems/find-the-maximum-number-of-fruits-collected/description/,"HTTP 404: {""detail"":""Not Found""}"
3364,Minimum Positive Sum Subarray ,https://leetcode.com/problems/minimum-positive-sum-subarray/description/,"HTTP 404: {""detail"":""Not Found""}"
3365,Rearrange K Substrings to Form Target String,https://leetcode.com/problems/rearrange-k-substrings-to-form-target-string/description/,"HTTP 404: {""detail"":""Not Found""}"
3366,Minimum Array Sum,https://leetcode.com/problems/minimum-array-sum/description/,"HTTP 404: {""detail"":""Not Found""}"
3367,Maximize Sum of Weights after Edge Removals,https://leetcode.com/problems/maximize-sum-of-weights-after-edge-removals/description/,"HTTP 404: {""detail"":""Not Found""}"
3368,First Letter Capitalization,https://leetcode.com/problems/first-letter-capitalization/description/,"HTTP 404: {""detail"":""Not Found""}"
3369,Design an Array Statistics Tracker ,https://leetcode.com/problems/design-an-array-statistics-tracker/description/,"HTTP 404: {""detail"":""Not Found""}"
3370,Smallest Number With All Set Bits,https://leetcode.com/problems/smallest-number-with-all-set-bits/description/,"HTTP 404: {""detail"":""Not Found""}"
3371,Identify the Largest Outlier in an Array,https://leetcode.com/problems/identify-the-largest-outlier-in-an-array/description/,"HTTP 404: {""detail"":""Not Found""}"
3372,Maximize the Number of Target Nodes After Connecting Trees I,https://leetcode.com/problems/maximize-the-number-of-target-nodes-after-connecting-trees-i/description/,"HTTP 404: {""detail"":""Not Found""}"
3373,Maximize the Number of Target Nodes After Connecting Trees II,https://leetcode.com/problems/maximize-the-number-of-target-nodes-after-connecting-trees-ii/description/,"HTTP 404: {""detail"":""Not Found""}"
3374,First Letter Capitalization II,https://leetcode.com/problems/first-letter-capitalization-ii/description/,"HTTP 404: {""detail"":""Not Found""}"
3375,Minimum Operations to Make Array Values Equal to K,https://leetcode.com/problems/minimum-operations-to-make-array-values-equal-to-k/description/,"HTTP 404: {""detail"":""Not Found""}"
3376,Minimum Time to Break Locks I,https://leetcode.com/problems/minimum-time-to-break-locks-i/description/,"HTTP 404: {""detail"":""Not Found""}"
3377,Digit Operations to Make Two Integers Equal,https://leetcode.com/problems/digit-operations-to-make-two-integers-equal/description/,"HTTP 404: {""detail"":""Not Found""}"
3378,Count Connected Components in LCM Graph,https://leetcode.com/problems/count-connected-components-in-lcm-graph/description/,"HTTP 404: {""detail"":""Not Found""}"
3379,Transformed Array,https://leetcode.com/problems/transformed-array/description/,"HTTP 404: {""detail"":""Not Found""}"
3380,Maximum Area Rectangle With Point Constraints I,https://leetcode.com/problems/maximum-area-rectangle-with-point-constraints-i/description/,"HTTP 404: {""detail"":""Not Found""}"
3381,Maximum Subarray Sum With Length Divisible by K,https://leetcode.com/problems/maximum-subarray-sum-with-length-divisible-by-k/description/,"HTTP 404: {""detail"":""Not Found""}"
3382,Maximum Area Rectangle With Point Constraints II,https://leetcode.com/problems/maximum-area-rectangle-with-point-constraints-ii/description/,"HTTP 404: {""detail"":""Not Found""}"
3383,Minimum Runes to Add to Cast Spell,https://leetcode.com/problems/minimum-runes-to-add-to-cast-spell/description/,"HTTP 404: {""detail"":""Not Found""}"
3384,Team Dominance by Pass Success,https://leetcode.com/problems/team-dominance-by-pass-success/description/,"HTTP 404: {""detail"":""Not Found""}"
3385,Minimum Time to Break Locks II,https://leetcode.com/problems/minimum-time-to-break-locks-ii/description/,"HTTP 404: {""detail"":""Not Found""}"
3386,Button with Longest Push Time,https://leetcode.com/problems/button-with-longest-push-time/description/,"HTTP 404: {""detail"":""Not Found""}"
3387,Maximize Amount After Two Days of Conversions,https://leetcode.com/problems/maximize-amount-after-two-days-of-conversions/description/,"HTTP 404: {""detail"":""Not Found""}"
3388,Count Beautiful Splits in an Array,https://leetcode.com/problems/count-beautiful-splits-in-an-array/description/,"HTTP 404: {""detail"":""Not Found""}"
3389,Minimum Operations to Make Character Frequencies Equal,https://leetcode.com/problems/minimum-operations-to-make-character-frequencies-equal/description/,"HTTP 404: {""detail"":""Not Found""}"
3390,Longest Team Pass Streak,https://leetcode.com/problems/longest-team-pass-streak/description/,"HTTP 404: {""detail"":""Not Found""}"
3391,Design a 3D Binary Matrix with Efficient Layer Tracking,https://leetcode.com/problems/design-a-3d-binary-matrix-with-efficient-layer-tracking/description/,"HTTP 404: {""detail"":""Not Found""}"
3392,Count Subarrays of Length Three With a Condition,https://leetcode.com/problems/count-subarrays-of-length-three-with-a-condition/description/,"HTTP 404: {""detail"":""Not Found""}"
3393,Count Paths With the Given XOR Value,https://leetcode.com/problems/count-paths-with-the-given-xor-value/description/,"HTTP 404: {""detail"":""Not Found""}"
3394,Check if Grid can be Cut into Sections,https://leetcode.com/problems/check-if-grid-can-be-cut-into-sections/description/,"HTTP 404: {""detail"":""Not Found""}"
3395,Subsequences with a Unique Middle Mode I,https://leetcode.com/problems/subsequences-with-a-unique-middle-mode-i/description/,"HTTP 404: {""detail"":""Not Found""}"
3396,Minimum Number of Operations to Make Elements in Array Distinct,https://leetcode.com/problems/minimum-number-of-operations-to-make-elements-in-array-distinct/description/,"HTTP 404: {""detail"":""Not Found""}"
3397,Maximum Number of Distinct Elements After Operations,https://leetcode.com/problems/maximum-number-of-distinct-elements-after-operations/description/,"HTTP 404: {""detail"":""Not Found""}"
3398,Smallest Substring With Identical Characters I,https://leetcode.com/problems/smallest-substring-with-identical-characters-i/description/,"HTTP 404: {""detail"":""Not Found""}"
3399,Smallest Substring With Identical Characters II,https://leetcode.com/problems/smallest-substring-with-identical-characters-ii/description/,"HTTP 404: {""detail"":""Not Found""}"
3400,Maximum Number of Matching Indices After Right Shifts,https://leetcode.com/problems/maximum-number-of-matching-indices-after-right-shifts/description/,"HTTP 404: {""detail"":""Not Found""}"
3401,Find Circular Gift Exchange Chains,https://leetcode.com/problems/find-circular-gift-exchange-chains/description/,"HTTP 404: {""detail"":""Not Found""}"
3402,Minimum Operations to Make Columns Strictly Increasing,https://leetcode.com/problems/minimum-operations-to-make-columns-strictly-increasing/description/,"HTTP 404: {""detail"":""Not Found""}"
3403,Find the Lexicographically Largest String From the Box I,https://leetcode.com/problems/find-the-lexicographically-largest-string-from-the-box-i/description/,"HTTP 404: {""detail"":""Not Found""}"
3404,Count Special Subsequences,https://leetcode.com/problems/count-special-subsequences/description/,"HTTP 404: {""detail"":""Not Found""}"
3405,Count the Number of Arrays with K Matching Adjacent Elements,https://leetcode.com/problems/count-the-number-of-arrays-with-k-matching-adjacent-elements/description/,"HTTP 404: {""detail"":""Not Found""}"
3406,Find the Lexicographically Largest String From the Box II,https://leetcode.com/problems/find-the-lexicographically-largest-string-from-the-box-ii/description/,"HTTP 404: {""detail"":""Not Found""}"
3407,Substring Matching Pattern,https://leetcode.com/problems/substring-matching-pattern/description/,"HTTP 404: {""detail"":""Not Found""}"
3408,Design Task Manager,https://leetcode.com/problems/design-task-manager/description/,"HTTP 404: {""detail"":""Not Found""}"
3409,Longest Subsequence With Decreasing Adjacent Difference,https://leetcode.com/problems/longest-subsequence-with-decreasing-adjacent-difference/description/,"HTTP 404: {""detail"":""Not Found""}"
3410,Maximize Subarray Sum After Removing All Occurrences of One Element,https://leetcode.com/problems/maximize-subarray-sum-after-removing-all-occurrences-of-one-element/description/,"HTTP 404: {""detail"":""Not Found""}"
3411,Maximum Subarray With Equal Products,https://leetcode.com/problems/maximum-subarray-with-equal-products/description/,"HTTP 404: {""detail"":""Not Found""}"
3412,Find Mirror Score of a String,https://leetcode.com/problems/find-mirror-score-of-a-string/description/,"HTTP 404: {""detail"":""Not Found""}"
3413,Maximum Coins From K Consecutive Bags,https://leetcode.com/problems/maximum-coins-from-k-consecutive-bags/description/,"HTTP 404: {""detail"":""Not Found""}"
3414,Maximum Score of Non-overlapping Intervals,https://leetcode.com/problems/maximum-score-of-non-overlapping-intervals/description/,"HTTP 404: {""detail"":""Not Found""}"
3415,Find Products with Three Consecutive Digits ,https://leetcode.com/problems/find-products-with-three-consecutive-digits/description/,"HTTP 404: {""detail"":""Not Found""}"
3416,Subsequences with a Unique Middle Mode II,https://leetcode.com/problems/subsequences-with-a-unique-middle-mode-ii/description/,"HTTP 404: {""detail"":""Not Found""}"
3417,Zigzag Grid Traversal With Skip,https://leetcode.com/problems/zigzag-grid-traversal-with-skip/description/,"HTTP 404: {""detail"":""Not Found""}"
3418,Maximum Amount of Money Robot Can Earn,https://leetcode.com/problems/maximum-amount-of-money-robot-can-earn/description/,"HTTP 404: {""detail"":""Not Found""}"
3419,Minimize the Maximum Edge Weight of Graph,https://leetcode.com/problems/minimize-the-maximum-edge-weight-of-graph/description/,"HTTP 404: {""detail"":""Not Found""}"
3420,Count Non-Decreasing Subarrays After K Operations,https://leetcode.com/problems/count-non-decreasing-subarrays-after-k-operations/description/,"HTTP 404: {""detail"":""Not Found""}"
3421,Find Students Who Improved,https://leetcode.com/problems/find-students-who-improved/description/,"HTTP 404: {""detail"":""Not Found""}"
3422,Minimum Operations to Make Subarray Elements Equal,https://leetcode.com/problems/minimum-operations-to-make-subarray-elements-equal/description/,"HTTP 404: {""detail"":""Not Found""}"
3423,Maximum Difference Between Adjacent Elements in a Circular Array,https://leetcode.com/problems/maximum-difference-between-adjacent-elements-in-a-circular-array/description/,"HTTP 404: {""detail"":""Not Found""}"
3424,Minimum Cost to Make Arrays Identical,https://leetcode.com/problems/minimum-cost-to-make-arrays-identical/description/,"HTTP 404: {""detail"":""Not Found""}"
3425,Longest Special Path,https://leetcode.com/problems/longest-special-path/description/,"HTTP 404: {""detail"":""Not Found""}"
3426,Manhattan Distances of All Arrangements of Pieces,https://leetcode.com/problems/manhattan-distances-of-all-arrangements-of-pieces/description/,"HTTP 404: {""detail"":""Not Found""}"
3427,Sum of Variable Length Subarrays,https://leetcode.com/problems/sum-of-variable-length-subarrays/description/,"HTTP 404: {""detail"":""Not Found""}"
3428,Maximum and Minimum Sums of at Most Size K Subsequences,https://leetcode.com/problems/maximum-and-minimum-sums-of-at-most-size-k-subsequences/description/,"HTTP 404: {""detail"":""Not Found""}"
3429,Paint House IV,https://leetcode.com/problems/paint-house-iv/description/,"HTTP 404: {""detail"":""Not Found""}"
3430,Maximum and Minimum Sums of at Most Size K Subarrays,https://leetcode.com/problems/maximum-and-minimum-sums-of-at-most-size-k-subarrays/description/,"HTTP 404: {""detail"":""Not Found""}"
3431,Minimum Unlocked Indices to Sort Nums,https://leetcode.com/problems/minimum-unlocked-indices-to-sort-nums/description/,"HTTP 404: {""detail"":""Not Found""}"
3432,Count Partitions with Even Sum Difference,https://leetcode.com/problems/count-partitions-with-even-sum-difference/description/,"HTTP 404: {""detail"":""Not Found""}"
3433,Count Mentions Per User,https://leetcode.com/problems/count-mentions-per-user/description/,"HTTP 404: {""detail"":""Not Found""}"
3434,Maximum Frequency After Subarray Operation,https://leetcode.com/problems/maximum-frequency-after-subarray-operation/description/,"HTTP 404: {""detail"":""Not Found""}"
3435,Frequencies of Shortest Supersequences,https://leetcode.com/problems/frequencies-of-shortest-supersequences/description/,"HTTP 404: {""detail"":""Not Found""}"
3436,Find Valid Emails,https://leetcode.com/problems/find-valid-emails/description/,"HTTP 404: {""detail"":""Not Found""}"
3437,Permutations III,https://leetcode.com/problems/permutations-iii/description/,"HTTP 404: {""detail"":""Not Found""}"
3438,Find Valid Pair of Adjacent Digits in String,https://leetcode.com/problems/find-valid-pair-of-adjacent-digits-in-string/description/,"HTTP 404: {""detail"":""Not Found""}"
3439,Reschedule Meetings for Maximum Free Time I,https://leetcode.com/problems/reschedule-meetings-for-maximum-free-time-i/description/,"HTTP 404: {""detail"":""Not Found""}"
3440,Reschedule Meetings for Maximum Free Time II,https://leetcode.com/problems/reschedule-meetings-for-maximum-free-time-ii/description/,"HTTP 404: {""detail"":""Not Found""}"
3441,Minimum Cost Good Caption,https://leetcode.com/problems/minimum-cost-good-caption/description/,"HTTP 404: {""detail"":""Not Found""}"
3442,Maximum Difference Between Even and Odd Frequency I,https://leetcode.com/problems/maximum-difference-between-even-and-odd-frequency-i/description/,"HTTP 404: {""detail"":""Not Found""}"
3443,Maximum Manhattan Distance After K Changes,https://leetcode.com/problems/maximum-manhattan-distance-after-k-changes/description/,"HTTP 404: {""detail"":""Not Found""}"
3444,Minimum Increments for Target Multiples in an Array,https://leetcode.com/problems/minimum-increments-for-target-multiples-in-an-array/description/,"HTTP 404: {""detail"":""Not Found""}"
3445,Maximum Difference Between Even and Odd Frequency II,https://leetcode.com/problems/maximum-difference-between-even-and-odd-frequency-ii/description/,"HTTP 404: {""detail"":""Not Found""}"
3446,Sort Matrix by Diagonals,https://leetcode.com/problems/sort-matrix-by-diagonals/description/,"HTTP 404: {""detail"":""Not Found""}"
3447,Assign Elements to Groups with Constraints,https://leetcode.com/problems/assign-elements-to-groups-with-constraints/description/,"HTTP 404: {""detail"":""Not Found""}"
3448,Count Substrings Divisible By Last Digit,https://leetcode.com/problems/count-substrings-divisible-by-last-digit/description/,"HTTP 404: {""detail"":""Not Found""}"
3449,Maximize the Minimum Game Score,https://leetcode.com/problems/maximize-the-minimum-game-score/description/,"HTTP 404: {""detail"":""Not Found""}"
3450,Maximum Students on a Single Bench,https://leetcode.com/problems/maximum-students-on-a-single-bench/description/,"HTTP 404: {""detail"":""Not Found""}"
3451,Find Invalid IP Addresses,https://leetcode.com/problems/find-invalid-ip-addresses/description/,"HTTP 404: {""detail"":""Not Found""}"
3452,Sum of Good Numbers,https://leetcode.com/problems/sum-of-good-numbers/description/,"HTTP 404: {""detail"":""Not Found""}"
3453,Separate Squares I,https://leetcode.com/problems/separate-squares-i/description/,"HTTP 404: {""detail"":""Not Found""}"
3454,Separate Squares II,https://leetcode.com/problems/separate-squares-ii/description/,"HTTP 404: {""detail"":""Not Found""}"
3455,Shortest Matching Substring,https://leetcode.com/problems/shortest-matching-substring/description/,"HTTP 404: {""detail"":""Not Found""}"
3456,Find Special Substring of Length K,https://leetcode.com/problems/find-special-substring-of-length-k/description/,"HTTP 404: {""detail"":""Not Found""}"
3457,Eat Pizzas!,https://leetcode.com/problems/eat-pizzas/description/,"HTTP 404: {""detail"":""Not Found""}"
3458,Select K Disjoint Special Substrings,https://leetcode.com/problems/select-k-disjoint-special-substrings/description/,"HTTP 404: {""detail"":""Not Found""}"
3459,Length of Longest V-Shaped Diagonal Segment,https://leetcode.com/problems/length-of-longest-v-shaped-diagonal-segment/description/,"HTTP 404: {""detail"":""Not Found""}"
3460,Longest Common Prefix After at Most One Removal,https://leetcode.com/problems/longest-common-prefix-after-at-most-one-removal/description/,"HTTP 404: {""detail"":""Not Found""}"
3461,Check If Digits Are Equal in String After Operations I,https://leetcode.com/problems/check-if-digits-are-equal-in-string-after-operations-i/description/,"HTTP 404: {""detail"":""Not Found""}"
3462,Maximum Sum With at Most K Elements,https://leetcode.com/problems/maximum-sum-with-at-most-k-elements/description/,"HTTP 404: {""detail"":""Not Found""}"
3463,Check If Digits Are Equal in String After Operations II,https://leetcode.com/problems/check-if-digits-are-equal-in-string-after-operations-ii/description/,"HTTP 404: {""detail"":""Not Found""}"
3464,Maximize the Distance Between Points on a Square,https://leetcode.com/problems/maximize-the-distance-between-points-on-a-square/description/,"HTTP 404: {""detail"":""Not Found""}"
3465,Find Products with Valid Serial Numbers,https://leetcode.com/problems/find-products-with-valid-serial-numbers/description/,"HTTP 404: {""detail"":""Not Found""}"
3466,Maximum Coin Collection ,https://leetcode.com/problems/maximum-coin-collection/description/,"HTTP 404: {""detail"":""Not Found""}"
3467,Transform Array by Parity,https://leetcode.com/problems/transform-array-by-parity/description/,"HTTP 404: {""detail"":""Not Found""}"
3468,Find the Number of Copy Arrays,https://leetcode.com/problems/find-the-number-of-copy-arrays/description/,"HTTP 404: {""detail"":""Not Found""}"
3469,Find Minimum Cost to Remove Array Elements,https://leetcode.com/problems/find-minimum-cost-to-remove-array-elements/description/,"HTTP 404: {""detail"":""Not Found""}"
3470,Permutations IV,https://leetcode.com/problems/permutations-iv/description/,"HTTP 404: {""detail"":""Not Found""}"
3471,Find the Largest Almost Missing Integer,https://leetcode.com/problems/find-the-largest-almost-missing-integer/description/,"HTTP 404: {""detail"":""Not Found""}"
3472,Longest Palindromic Subsequence After at Most K Operations,https://leetcode.com/problems/longest-palindromic-subsequence-after-at-most-k-operations/description/,"HTTP 404: {""detail"":""Not Found""}"
3473,Sum of K Subarrays With Length at Least M,https://leetcode.com/problems/sum-of-k-subarrays-with-length-at-least-m/description/,"HTTP 404: {""detail"":""Not Found""}"
3474,Lexicographically Smallest Generated String,https://leetcode.com/problems/lexicographically-smallest-generated-string/description/,"HTTP 404: {""detail"":""Not Found""}"
3475,DNA Pattern Recognition ,https://leetcode.com/problems/dna-pattern-recognition/description/,"HTTP 404: {""detail"":""Not Found""}"
3476,Maximize Profit from Task Assignment,https://leetcode.com/problems/maximize-profit-from-task-assignment/description/,"HTTP 404: {""detail"":""Not Found""}"
3477,Fruits Into Baskets II,https://leetcode.com/problems/fruits-into-baskets-ii/description/,"HTTP 404: {""detail"":""Not Found""}"
3478,Choose K Elements With Maximum Sum,https://leetcode.com/problems/choose-k-elements-with-maximum-sum/description/,"HTTP 404: {""detail"":""Not Found""}"
3479,Fruits Into Baskets III,https://leetcode.com/problems/fruits-into-baskets-iii/description/,"HTTP 404: {""detail"":""Not Found""}"
3480,Maximize Subarrays After Removing One Conflicting Pair,https://leetcode.com/problems/maximize-subarrays-after-removing-one-conflicting-pair/description/,"HTTP 404: {""detail"":""Not Found""}"
3481,Apply Substitutions,https://leetcode.com/problems/apply-substitutions/description/,"HTTP 404: {""detail"":""Not Found""}"
3482,Analyze Organization Hierarchy,https://leetcode.com/problems/analyze-organization-hierarchy/description/,"HTTP 404: {""detail"":""Not Found""}"
3483,Unique 3-Digit Even Numbers,https://leetcode.com/problems/unique-3-digit-even-numbers/description/,"HTTP 404: {""detail"":""Not Found""}"
3484,Design Spreadsheet,https://leetcode.com/problems/design-spreadsheet/description/,"HTTP 404: {""detail"":""Not Found""}"
3485,Longest Common Prefix of K Strings After Removal,https://leetcode.com/problems/longest-common-prefix-of-k-strings-after-removal/description/,"HTTP 404: {""detail"":""Not Found""}"
3486,Longest Special Path II,https://leetcode.com/problems/longest-special-path-ii/description/,"HTTP 404: {""detail"":""Not Found""}"
3487,Maximum Unique Subarray Sum After Deletion,https://leetcode.com/problems/maximum-unique-subarray-sum-after-deletion/description/,"HTTP 404: {""detail"":""Not Found""}"
3488,Closest Equal Element Queries,https://leetcode.com/problems/closest-equal-element-queries/description/,"HTTP 404: {""detail"":""Not Found""}"
3489,Zero Array Transformation IV,https://leetcode.com/problems/zero-array-transformation-iv/description/,"HTTP 404: {""detail"":""Not Found""}"
3490,Count Beautiful Numbers,https://leetcode.com/problems/count-beautiful-numbers/description/,"HTTP 404: {""detail"":""Not Found""}"
3491,Phone Number Prefix,https://leetcode.com/problems/phone-number-prefix/description/,"HTTP 404: {""detail"":""Not Found""}"
3492,Maximum Containers on a Ship,https://leetcode.com/problems/maximum-containers-on-a-ship/description/,"HTTP 404: {""detail"":""Not Found""}"
3493,Properties Graph,https://leetcode.com/problems/properties-graph/description/,"HTTP 404: {""detail"":""Not Found""}"
3494,Find the Minimum Amount of Time to Brew Potions,https://leetcode.com/problems/find-the-minimum-amount-of-time-to-brew-potions/description/,"HTTP 404: {""detail"":""Not Found""}"
3495,Minimum Operations to Make Array Elements Zero,https://leetcode.com/problems/minimum-operations-to-make-array-elements-zero/description/,"HTTP 404: {""detail"":""Not Found""}"
3496,Maximize Score After Pair Deletions,https://leetcode.com/problems/maximize-score-after-pair-deletions/description/,"HTTP 404: {""detail"":""Not Found""}"
3497,Analyze Subscription Conversion ,https://leetcode.com/problems/analyze-subscription-conversion/description/,"HTTP 404: {""detail"":""Not Found""}"
3498,Reverse Degree of a String,https://leetcode.com/problems/reverse-degree-of-a-string/description/,"HTTP 404: {""detail"":""Not Found""}"
3499,Maximize Active Section with Trade I,https://leetcode.com/problems/maximize-active-section-with-trade-i/description/,"HTTP 404: {""detail"":""Not Found""}"
3500,Minimum Cost to Divide Array Into Subarrays,https://leetcode.com/problems/minimum-cost-to-divide-array-into-subarrays/description/,"HTTP 404: {""detail"":""Not Found""}"
3501,Maximize Active Section with Trade II,https://leetcode.com/problems/maximize-active-section-with-trade-ii/description/,"HTTP 404: {""detail"":""Not Found""}"
3502,Minimum Cost to Reach Every Position,https://leetcode.com/problems/minimum-cost-to-reach-every-position/description/,"HTTP 404: {""detail"":""Not Found""}"
3503,Longest Palindrome After Substring Concatenation I,https://leetcode.com/problems/longest-palindrome-after-substring-concatenation-i/description/,"HTTP 404: {""detail"":""Not Found""}"
3504,Longest Palindrome After Substring Concatenation II,https://leetcode.com/problems/longest-palindrome-after-substring-concatenation-ii/description/,"HTTP 404: {""detail"":""Not Found""}"
3505,Minimum Operations to Make Elements Within K Subarrays Equal,https://leetcode.com/problems/minimum-operations-to-make-elements-within-k-subarrays-equal/description/,"HTTP 404: {""detail"":""Not Found""}"
3506,Find Time Required to Eliminate Bacterial Strains,https://leetcode.com/problems/find-time-required-to-eliminate-bacterial-strains/description/,"HTTP 404: {""detail"":""Not Found""}"
3507,Minimum Pair Removal to Sort Array I,https://leetcode.com/problems/minimum-pair-removal-to-sort-array-i/description/,"HTTP 404: {""detail"":""Not Found""}"
3508,Implement Router,https://leetcode.com/problems/implement-router/description/,"HTTP 404: {""detail"":""Not Found""}"
3509,Maximum Product of Subsequences With an Alternating Sum Equal to K,https://leetcode.com/problems/maximum-product-of-subsequences-with-an-alternating-sum-equal-to-k/description/,"HTTP 404: {""detail"":""Not Found""}"
3510,Minimum Pair Removal to Sort Array II,https://leetcode.com/problems/minimum-pair-removal-to-sort-array-ii/description/,"HTTP 404: {""detail"":""Not Found""}"
3511,Make a Positive Array,https://leetcode.com/problems/make-a-positive-array/description/,"HTTP 404: {""detail"":""Not Found""}"
3512,Minimum Operations to Make Array Sum Divisible by K,https://leetcode.com/problems/minimum-operations-to-make-array-sum-divisible-by-k/description/,"HTTP 404: {""detail"":""Not Found""}"
3513,Number of Unique XOR Triplets I,https://leetcode.com/problems/number-of-unique-xor-triplets-i/description/,"HTTP 404: {""detail"":""Not Found""}"
3514,Number of Unique XOR Triplets II,https://leetcode.com/problems/number-of-unique-xor-triplets-ii/description/,"HTTP 404: {""detail"":""Not Found""}"
3515,Shortest Path in a Weighted Tree,https://leetcode.com/problems/shortest-path-in-a-weighted-tree/description/,"HTTP 404: {""detail"":""Not Found""}"
3516,Find Closest Person,https://leetcode.com/problems/find-closest-person/description/,"HTTP 404: {""detail"":""Not Found""}"
3517,Smallest Palindromic Rearrangement I,https://leetcode.com/problems/smallest-palindromic-rearrangement-i/description/,"HTTP 404: {""detail"":""Not Found""}"
3518,Smallest Palindromic Rearrangement II,https://leetcode.com/problems/smallest-palindromic-rearrangement-ii/description/,"HTTP 404: {""detail"":""Not Found""}"
3519,Count Numbers with Non-Decreasing Digits ,https://leetcode.com/problems/count-numbers-with-non-decreasing-digits/description/,"HTTP 404: {""detail"":""Not Found""}"
3520,Minimum Threshold for Inversion Pairs Count,https://leetcode.com/problems/minimum-threshold-for-inversion-pairs-count/description/,"HTTP 404: {""detail"":""Not Found""}"
3521,Find Product Recommendation Pairs,https://leetcode.com/problems/find-product-recommendation-pairs/description/,"HTTP 404: {""detail"":""Not Found""}"
3522,Calculate Score After Performing Instructions,https://leetcode.com/problems/calculate-score-after-performing-instructions/description/,"HTTP 404: {""detail"":""Not Found""}"
3523,Make Array Non-decreasing,https://leetcode.com/problems/make-array-non-decreasing/description/,"HTTP 404: {""detail"":""Not Found""}"
3524,Find X Value of Array I,https://leetcode.com/problems/find-x-value-of-array-i/description/,"HTTP 404: {""detail"":""Not Found""}"
3525,Find X Value of Array II,https://leetcode.com/problems/find-x-value-of-array-ii/description/,"HTTP 404: {""detail"":""Not Found""}"
